Sr. No.,Assigned To,Company Name,Website,Website Verified,Scan Completed,Screenshot Taken,Wave Score,Axe Score,LH Score,Screenshot link,Contact Person 1,Designation 1,Email ID 1,Contact Person 2,Designation 2,Email ID 2
"1","Auditor 1","Propshop Events and Exhibitions Limited","Not Found","No","No","No","1 out of 10","67","30","![WAVE Tool Screenshot](https://github.com/VEER-TANMAY-SACHIN/projects/blob/main/orchavate_gtm_workflow/outputs/v1.1_nse_tracker_enriched_clearbit_20260806_193605_attempt1_succesful_reviewnotdone_orchavatecore_digital/Propshop_Events_and_Exhibitions_Limited/screenshots/Propshop_Events_and_Exhibitions_Limited_Homepage_WAVE_Overlay.png)","N/A","Company Secretary & Compliance Officer","Not publicly disclosed","N/A","Managing Director / CEO","Not publicly disclosed"
"2","Auditor 1","Metalic Technoforge Limited","metalictechnoforge.com","Yes","No","No","1.5 out of 10","53","30","![WAVE Tool Screenshot](https://github.com/VEER-TANMAY-SACHIN/projects/blob/main/orchavate_gtm_workflow/outputs/v1.1_nse_tracker_enriched_clearbit_20260806_193605_attempt1_succesful_reviewnotdone_orchavatecore_digital/Metalic_Technoforge_Limited/screenshots/Metalic_Technoforge_Limited_Homepage_WAVE_Overlay.png)","N/A","Company Secretary & Compliance Officer","Not publicly disclosed","N/A","Managing Director / CEO","Not publicly disclosed"
"3","Auditor 1","Happy Steels Limited","happysteels.com","Yes","No","No","3.1 out of 10","43","30","![WAVE Tool Screenshot](https://github.com/VEER-TANMAY-SACHIN/projects/blob/main/orchavate_gtm_workflow/outputs/v1.1_nse_tracker_enriched_clearbit_20260806_193605_attempt1_succesful_reviewnotdone_orchavatecore_digital/Happy_Steels_Limited/screenshots/Happy_Steels_Limited_Homepage_WAVE_Overlay.png)","N/A","Company Secretary & Compliance Officer","Not publicly disclosed","N/A","Managing Director / CEO","Not publicly disclosed"
"4","Auditor 1","IC Electricals Company Limited","Not Found","No","No","No","2 out of 10","50","30","![WAVE Tool Screenshot](https://github.com/VEER-TANMAY-SACHIN/projects/blob/main/orchavate_gtm_workflow/outputs/v1.1_nse_tracker_enriched_clearbit_20260806_193605_attempt1_succesful_reviewnotdone_orchavatecore_digital/IC_Electricals_Company_Limited/screenshots/IC_Electricals_Company_Limited_Homepage_WAVE_Overlay.png)","N/A","Company Secretary & Compliance Officer","Not publicly disclosed","N/A","Managing Director / CEO","Not publicly disclosed"
"5","Auditor 1","Vinit Mobile Limited","Not Found","No","No","No","1 out of 10","57","30","![WAVE Tool Screenshot](https://github.com/VEER-TANMAY-SACHIN/projects/blob/main/orchavate_gtm_workflow/outputs/v1.1_nse_tracker_enriched_clearbit_20260806_193605_attempt1_succesful_reviewnotdone_orchavatecore_digital/Vinit_Mobile_Limited/screenshots/Vinit_Mobile_Limited_Homepage_WAVE_Overlay.png)","N/A","Company Secretary & Compliance Officer","Not publicly disclosed","N/A","Managing Director / CEO","Not publicly disclosed"
"6","Auditor 1","Teja Engineering Industries Limited","Not Found","No","No","No","3.3 out of 10","42","30","![WAVE Tool Screenshot](https://github.com/VEER-TANMAY-SACHIN/projects/blob/main/orchavate_gtm_workflow/outputs/v1.1_nse_tracker_enriched_clearbit_20260806_193605_attempt1_succesful_reviewnotdone_orchavatecore_digital/Teja_Engineering_Industries_Limited/screenshots/Teja_Engineering_Industries_Limited_Homepage_WAVE_Overlay.png)","N/A","Company Secretary & Compliance Officer","Not publicly disclosed","N/A","Managing Director / CEO","Not publicly disclosed"
"7","Auditor 1","Shreedhar Spinners Limited","Not Found","No","No","No","3.1 out of 10","43","30","![WAVE Tool Screenshot](https://github.com/VEER-TANMAY-SACHIN/projects/blob/main/orchavate_gtm_workflow/outputs/v1.1_nse_tracker_enriched_clearbit_20260806_193605_attempt1_succesful_reviewnotdone_orchavatecore_digital/Shreedhar_Spinners_Limited/screenshots/Shreedhar_Spinners_Limited_Homepage_WAVE_Overlay.png)","N/A","Company Secretary & Compliance Officer","Not publicly disclosed","N/A","Managing Director / CEO","Not publicly disclosed"
"8","Auditor 1","Avience Biomedicals Limited","avienbio.com","Yes","No","No","4.4 out of 10","35","30","![WAVE Tool Screenshot](https://github.com/VEER-TANMAY-SACHIN/projects/blob/main/orchavate_gtm_workflow/outputs/v1.1_nse_tracker_enriched_clearbit_20260806_193605_attempt1_succesful_reviewnotdone_orchavatecore_digital/Avience_Biomedicals_Limited/screenshots/Avience_Biomedicals_Limited_Homepage_WAVE_Overlay.png)","N/A","Company Secretary & Compliance Officer","Not publicly disclosed","N/A","Managing Director / CEO","Not publicly disclosed"
"9","Auditor 1","Clay Craft India Limited","claycraftindia.com","Yes","No","No","5 out of 10","31","30","![WAVE Tool Screenshot](https://github.com/VEER-TANMAY-SACHIN/projects/blob/main/orchavate_gtm_workflow/outputs/v1.1_nse_tracker_enriched_clearbit_20260806_193605_attempt1_succesful_reviewnotdone_orchavatecore_digital/Clay_Craft_India_Limited/screenshots/Clay_Craft_India_Limited_Homepage_WAVE_Overlay.png)","N/A","Company Secretary & Compliance Officer","Not publicly disclosed","N/A","Managing Director / CEO","Not publicly disclosed"
"10","Auditor 1","Utkal Speciality Industries India Limited","Not Found","No","No","No","6 out of 10","25","30","![WAVE Tool Screenshot](https://github.com/VEER-TANMAY-SACHIN/projects/blob/main/orchavate_gtm_workflow/outputs/v1.1_nse_tracker_enriched_clearbit_20260806_193605_attempt1_succesful_reviewnotdone_orchavatecore_digital/Utkal_Speciality_Industries_India_Limited/screenshots/Utkal_Speciality_Industries_India_Limited_Homepage_WAVE_Overlay.png)","N/A","Company Secretary & Compliance Officer","Not publicly disclosed","N/A","Managing Director / CEO","Not publicly disclosed"
"11","Auditor 1","GenXAI Analytics Limited","Not Found","No","No","No","2.2 out of 10","49","30","![WAVE Tool Screenshot](https://github.com/VEER-TANMAY-SACHIN/projects/blob/main/orchavate_gtm_workflow/outputs/v1.1_nse_tracker_enriched_clearbit_20260806_193605_attempt1_succesful_reviewnotdone_orchavatecore_digital/GenXAI_Analytics_Limited/screenshots/GenXAI_Analytics_Limited_Homepage_WAVE_Overlay.png)","N/A","Company Secretary & Compliance Officer","Not publicly disclosed","N/A","Managing Director / CEO","Not publicly disclosed"
"12","Auditor 1","Bio Medica Laboratories Limited","bio-medica.co.ke","Yes","No","No","3.1 out of 10","43","30","![WAVE Tool Screenshot](https://github.com/VEER-TANMAY-SACHIN/projects/blob/main/orchavate_gtm_workflow/outputs/v1.1_nse_tracker_enriched_clearbit_20260806_193605_attempt1_succesful_reviewnotdone_orchavatecore_digital/Bio_Medica_Laboratories_Limited/screenshots/Bio_Medica_Laboratories_Limited_Homepage_WAVE_Overlay.png)","N/A","Company Secretary & Compliance Officer","Not publicly disclosed","N/A","Managing Director / CEO","Not publicly disclosed"
"13","Auditor 1","Q-Line Biotech Limited","qlinebiotech.com","Yes","No","No","6 out of 10","25","30","![WAVE Tool Screenshot](https://github.com/VEER-TANMAY-SACHIN/projects/blob/main/orchavate_gtm_workflow/outputs/v1.1_nse_tracker_enriched_clearbit_20260806_193605_attempt1_succesful_reviewnotdone_orchavatecore_digital/Q_Line_Biotech_Limited/screenshots/Q_Line_Biotech_Limited_Homepage_WAVE_Overlay.png)","N/A","Company Secretary & Compliance Officer","Not publicly disclosed","N/A","Managing Director / CEO","Not publicly disclosed"
"14","Auditor 1","Teamtech Formwork Solutions Limited","Not Found","No","No","No","3.8 out of 10","39","30","![WAVE Tool Screenshot](https://github.com/VEER-TANMAY-SACHIN/projects/blob/main/orchavate_gtm_workflow/outputs/v1.1_nse_tracker_enriched_clearbit_20260806_193605_attempt1_succesful_reviewnotdone_orchavatecore_digital/Teamtech_Formwork_Solutions_Limited/screenshots/Teamtech_Formwork_Solutions_Limited_Homepage_WAVE_Overlay.png)","N/A","Company Secretary & Compliance Officer","Not publicly disclosed","N/A","Managing Director / CEO","Not publicly disclosed"
"15","Auditor 1","NFP Sampoorna Foods Limited","Not Found","No","No","No","4.2 out of 10","36","30","![WAVE Tool Screenshot](https://github.com/VEER-TANMAY-SACHIN/projects/blob/main/orchavate_gtm_workflow/outputs/v1.1_nse_tracker_enriched_clearbit_20260806_193605_attempt1_succesful_reviewnotdone_orchavatecore_digital/NFP_Sampoorna_Foods_Limited/screenshots/NFP_Sampoorna_Foods_Limited_Homepage_WAVE_Overlay.png)","N/A","Company Secretary & Compliance Officer","Not publicly disclosed","N/A","Managing Director / CEO","Not publicly disclosed"
"16","Auditor 1","RFBL Flexi Pack Limited","Not Found","No","No","No","2.3 out of 10","48","30","![WAVE Tool Screenshot](https://github.com/VEER-TANMAY-SACHIN/projects/blob/main/orchavate_gtm_workflow/outputs/v1.1_nse_tracker_enriched_clearbit_20260806_193605_attempt1_succesful_reviewnotdone_orchavatecore_digital/RFBL_Flexi_Pack_Limited/screenshots/RFBL_Flexi_Pack_Limited_Homepage_WAVE_Overlay.png)","N/A","Company Secretary & Compliance Officer","Not publicly disclosed","N/A","Managing Director / CEO","Not publicly disclosed"
"17","Auditor 1","Simca Advertising Limited","simcaadvertising.com","Yes","No","No","6 out of 10","25","30","![WAVE Tool Screenshot](https://github.com/VEER-TANMAY-SACHIN/projects/blob/main/orchavate_gtm_workflow/outputs/v1.1_nse_tracker_enriched_clearbit_20260806_193605_attempt1_succesful_reviewnotdone_orchavatecore_digital/Simca_Advertising_Limited/screenshots/Simca_Advertising_Limited_Homepage_WAVE_Overlay.png)","N/A","Company Secretary & Compliance Officer","Not publicly disclosed","N/A","Managing Director / CEO","Not publicly disclosed"
"18","Auditor 1","Value 360 Communications Limited","Not Found","No","No","No","1.2 out of 10","55","30","![WAVE Tool Screenshot](https://github.com/VEER-TANMAY-SACHIN/projects/blob/main/orchavate_gtm_workflow/outputs/v1.1_nse_tracker_enriched_clearbit_20260806_193605_attempt1_succesful_reviewnotdone_orchavatecore_digital/Value_360_Communications_Limited/screenshots/Value_360_Communications_Limited_Homepage_WAVE_Overlay.png)","N/A","Company Secretary & Compliance Officer","Not publicly disclosed","N/A","Managing Director / CEO","Not publicly disclosed"
"19","Auditor 1","Amba Auto Sales and Services Limited","Not Found","No","No","No","3.4 out of 10","41","30","![WAVE Tool Screenshot](https://github.com/VEER-TANMAY-SACHIN/projects/blob/main/orchavate_gtm_workflow/outputs/v1.1_nse_tracker_enriched_clearbit_20260806_193605_attempt1_succesful_reviewnotdone_orchavatecore_digital/Amba_Auto_Sales_and_Services_Limited/screenshots/Amba_Auto_Sales_and_Services_Limited_Homepage_WAVE_Overlay.png)","N/A","Company Secretary & Compliance Officer","Not publicly disclosed","N/A","Managing Director / CEO","Not publicly disclosed"
"20","Auditor 1","Adisoft Technologies Limited","adisoft.lt","Yes","No","No","5.8 out of 10","26","30","![WAVE Tool Screenshot](https://github.com/VEER-TANMAY-SACHIN/projects/blob/main/orchavate_gtm_workflow/outputs/v1.1_nse_tracker_enriched_clearbit_20260806_193605_attempt1_succesful_reviewnotdone_orchavatecore_digital/Adisoft_Technologies_Limited/screenshots/Adisoft_Technologies_Limited_Homepage_WAVE_Overlay.png)","N/A","Company Secretary & Compliance Officer","Not publicly disclosed","N/A","Managing Director / CEO","Not publicly disclosed"
"21","Auditor 1","Vivid Electromech Limited","Not Found","No","No","No","2 out of 10","50","30","![WAVE Tool Screenshot](https://github.com/VEER-TANMAY-SACHIN/projects/blob/main/orchavate_gtm_workflow/outputs/v1.1_nse_tracker_enriched_clearbit_20260806_193605_attempt1_succesful_reviewnotdone_orchavatecore_digital/Vivid_Electromech_Limited/screenshots/Vivid_Electromech_Limited_Homepage_WAVE_Overlay.png)","N/A","Company Secretary & Compliance Officer","Not publicly disclosed","N/A","Managing Director / CEO","Not publicly disclosed"
"22","Auditor 1","Apsis Aerocom Limited","apsisaerocom.com","Yes","No","No","1 out of 10","62","30","![WAVE Tool Screenshot](https://github.com/VEER-TANMAY-SACHIN/projects/blob/main/orchavate_gtm_workflow/outputs/v1.1_nse_tracker_enriched_clearbit_20260806_193605_attempt1_succesful_reviewnotdone_orchavatecore_digital/Apsis_Aerocom_Limited/screenshots/Apsis_Aerocom_Limited_Homepage_WAVE_Overlay.png)","N/A","Company Secretary & Compliance Officer","Not publicly disclosed","N/A","Managing Director / CEO","Not publicly disclosed"
"23","Auditor 1","Srinibas Pradhan Constructions Limited","Not Found","No","No","No","4.1 out of 10","37","30","![WAVE Tool Screenshot](https://github.com/VEER-TANMAY-SACHIN/projects/blob/main/orchavate_gtm_workflow/outputs/v1.1_nse_tracker_enriched_clearbit_20260806_193605_attempt1_succesful_reviewnotdone_orchavatecore_digital/Srinibas_Pradhan_Constructions_Limited/screenshots/Srinibas_Pradhan_Constructions_Limited_Homepage_WAVE_Overlay.png)","N/A","Company Secretary & Compliance Officer","Not publicly disclosed","N/A","Managing Director / CEO","Not publicly disclosed"
"24","Auditor 1","Acetech E-Commerce Limited","Not Found","No","No","No","7.6 out of 10","15","30","![WAVE Tool Screenshot](https://github.com/VEER-TANMAY-SACHIN/projects/blob/main/orchavate_gtm_workflow/outputs/v1.1_nse_tracker_enriched_clearbit_20260806_193605_attempt1_succesful_reviewnotdone_orchavatecore_digital/Acetech_E_Commerce_Limited/screenshots/Acetech_E_Commerce_Limited_Homepage_WAVE_Overlay.png)","N/A","Company Secretary & Compliance Officer","Not publicly disclosed","N/A","Managing Director / CEO","Not publicly disclosed"
"25","Auditor 1","Striders Impex Limited","Not Found","No","No","No","5.5 out of 10","28","30","![WAVE Tool Screenshot](https://github.com/VEER-TANMAY-SACHIN/projects/blob/main/orchavate_gtm_workflow/outputs/v1.1_nse_tracker_enriched_clearbit_20260806_193605_attempt1_succesful_reviewnotdone_orchavatecore_digital/Striders_Impex_Limited/screenshots/Striders_Impex_Limited_Homepage_WAVE_Overlay.png)","N/A","Company Secretary & Compliance Officer","Not publicly disclosed","N/A","Managing Director / CEO","Not publicly disclosed"
"26","Auditor 1","Yaap Digital Limited","Not Found","No","No","No","5.7 out of 10","27","30","![WAVE Tool Screenshot](https://github.com/VEER-TANMAY-SACHIN/projects/blob/main/orchavate_gtm_workflow/outputs/v1.1_nse_tracker_enriched_clearbit_20260806_193605_attempt1_succesful_reviewnotdone_orchavatecore_digital/Yaap_Digital_Limited/screenshots/Yaap_Digital_Limited_Homepage_WAVE_Overlay.png)","N/A","Company Secretary & Compliance Officer","Not publicly disclosed","N/A","Managing Director / CEO","Not publicly disclosed"
"27","Auditor 1","Mobilise App Lab Limited","mobilise.biz","Yes","No","No","1 out of 10","62","30","![WAVE Tool Screenshot](https://github.com/VEER-TANMAY-SACHIN/projects/blob/main/orchavate_gtm_workflow/outputs/v1.1_nse_tracker_enriched_clearbit_20260806_193605_attempt1_succesful_reviewnotdone_orchavatecore_digital/Mobilise_App_Lab_Limited/screenshots/Mobilise_App_Lab_Limited_Homepage_WAVE_Overlay.png)","N/A","Company Secretary & Compliance Officer","Not publicly disclosed","N/A","Managing Director / CEO","Not publicly disclosed"
"28","Auditor 1","Manilam Industries India Limited","manilam.com","Yes","No","No","6.6 out of 10","21","30","![WAVE Tool Screenshot](https://github.com/VEER-TANMAY-SACHIN/projects/blob/main/orchavate_gtm_workflow/outputs/v1.1_nse_tracker_enriched_clearbit_20260806_193605_attempt1_succesful_reviewnotdone_orchavatecore_digital/Manilam_Industries_India_Limited/screenshots/Manilam_Industries_India_Limited_Homepage_WAVE_Overlay.png)","N/A","Company Secretary & Compliance Officer","Not publicly disclosed","N/A","Managing Director / CEO","Not publicly disclosed"
"29","Auditor 1","Marushika Technology Limited","Not Found","No","No","No","7.6 out of 10","15","30","![WAVE Tool Screenshot](https://github.com/VEER-TANMAY-SACHIN/projects/blob/main/orchavate_gtm_workflow/outputs/v1.1_nse_tracker_enriched_clearbit_20260806_193605_attempt1_succesful_reviewnotdone_orchavatecore_digital/Marushika_Technology_Limited/screenshots/Marushika_Technology_Limited_Homepage_WAVE_Overlay.png)","N/A","Company Secretary & Compliance Officer","Not publicly disclosed","N/A","Managing Director / CEO","Not publicly disclosed"
"30","Auditor 1","Biopol Chemicals Limited","Not Found","No","No","No","1.5 out of 10","53","30","![WAVE Tool Screenshot](https://github.com/VEER-TANMAY-SACHIN/projects/blob/main/orchavate_gtm_workflow/outputs/v1.1_nse_tracker_enriched_clearbit_20260806_193605_attempt1_succesful_reviewnotdone_orchavatecore_digital/Biopol_Chemicals_Limited/screenshots/Biopol_Chemicals_Limited_Homepage_WAVE_Overlay.png)","N/A","Company Secretary & Compliance Officer","Not publicly disclosed","N/A","Managing Director / CEO","Not publicly disclosed"
"31","Auditor 1","Brandman Retail Limited","brandmanretail.com","Yes","No","No","1 out of 10","62","30","![WAVE Tool Screenshot](https://github.com/VEER-TANMAY-SACHIN/projects/blob/main/orchavate_gtm_workflow/outputs/v1.1_nse_tracker_enriched_clearbit_20260806_193605_attempt1_succesful_reviewnotdone_orchavatecore_digital/Brandman_Retail_Limited/screenshots/Brandman_Retail_Limited_Homepage_WAVE_Overlay.png)","N/A","Company Secretary & Compliance Officer","Not publicly disclosed","N/A","Managing Director / CEO","Not publicly disclosed"
"32","Auditor 1","Grover Jewells Limited","Not Found","No","No","No","2.8 out of 10","45","30","![WAVE Tool Screenshot](https://github.com/VEER-TANMAY-SACHIN/projects/blob/main/orchavate_gtm_workflow/outputs/v1.1_nse_tracker_enriched_clearbit_20260806_193605_attempt1_succesful_reviewnotdone_orchavatecore_digital/Grover_Jewells_Limited/screenshots/Grover_Jewells_Limited_Homepage_WAVE_Overlay.png)","N/A","Company Secretary & Compliance Officer","Not publicly disclosed","N/A","Managing Director / CEO","Not publicly disclosed"
"33","Auditor 1","C K K Retail Mart Limited","ckkretailmart.com","Yes","No","No","1.8 out of 10","51","30","![WAVE Tool Screenshot](https://github.com/VEER-TANMAY-SACHIN/projects/blob/main/orchavate_gtm_workflow/outputs/v1.1_nse_tracker_enriched_clearbit_20260806_193605_attempt1_succesful_reviewnotdone_orchavatecore_digital/C_K_K_Retail_Mart_Limited/screenshots/C_K_K_Retail_Mart_Limited_Homepage_WAVE_Overlay.png)","N/A","Company Secretary & Compliance Officer","Not publicly disclosed","N/A","Managing Director / CEO","Not publicly disclosed"
"34","Auditor 1","KRM Ayurveda Limited","Not Found","No","No","No","2.5 out of 10","47","30","![WAVE Tool Screenshot](https://github.com/VEER-TANMAY-SACHIN/projects/blob/main/orchavate_gtm_workflow/outputs/v1.1_nse_tracker_enriched_clearbit_20260806_193605_attempt1_succesful_reviewnotdone_orchavatecore_digital/KRM_Ayurveda_Limited/screenshots/KRM_Ayurveda_Limited_Homepage_WAVE_Overlay.png)","N/A","Company Secretary & Compliance Officer","Not publicly disclosed","N/A","Managing Director / CEO","Not publicly disclosed"
"35","Auditor 1","Armour Security (India) Limited","armoursecurity.com","Yes","No","No","2.2 out of 10","49","30","![WAVE Tool Screenshot](https://github.com/VEER-TANMAY-SACHIN/projects/blob/main/orchavate_gtm_workflow/outputs/v1.1_nse_tracker_enriched_clearbit_20260806_193605_attempt1_succesful_reviewnotdone_orchavatecore_digital/Armour_Security__India__Limited/screenshots/Armour_Security__India__Limited_Homepage_WAVE_Overlay.png)","N/A","Company Secretary & Compliance Officer","Not publicly disclosed","N/A","Managing Director / CEO","Not publicly disclosed"
"36","Auditor 1","Avana Electrosystems Limited","Not Found","No","No","No","1 out of 10","62","30","![WAVE Tool Screenshot](https://github.com/VEER-TANMAY-SACHIN/projects/blob/main/orchavate_gtm_workflow/outputs/v1.1_nse_tracker_enriched_clearbit_20260806_193605_attempt1_succesful_reviewnotdone_orchavatecore_digital/Avana_Electrosystems_Limited/screenshots/Avana_Electrosystems_Limited_Homepage_WAVE_Overlay.png)","N/A","Company Secretary & Compliance Officer","Not publicly disclosed","N/A","Managing Director / CEO","Not publicly disclosed"
"37","Auditor 1","Victory Electric Vehicles International Limited","Not Found","No","No","No","5.4 out of 10","29","30","![WAVE Tool Screenshot](https://github.com/VEER-TANMAY-SACHIN/projects/blob/main/orchavate_gtm_workflow/outputs/v1.1_nse_tracker_enriched_clearbit_20260806_193605_attempt1_succesful_reviewnotdone_orchavatecore_digital/Victory_Electric_Vehicles_International_Limited/screenshots/Victory_Electric_Vehicles_International_Limited_Homepage_WAVE_Overlay.png)","N/A","Company Secretary & Compliance Officer","Not publicly disclosed","N/A","Managing Director / CEO","Not publicly disclosed"
"38","Auditor 1","E To E Transportation Infrastructure Limited","Not Found","No","No","No","3.4 out of 10","41","30","![WAVE Tool Screenshot](https://github.com/VEER-TANMAY-SACHIN/projects/blob/main/orchavate_gtm_workflow/outputs/v1.1_nse_tracker_enriched_clearbit_20260806_193605_attempt1_succesful_reviewnotdone_orchavatecore_digital/E_To_E_Transportation_Infrastructure_Limited/screenshots/E_To_E_Transportation_Infrastructure_Limited_Homepage_WAVE_Overlay.png)","N/A","Company Secretary & Compliance Officer","Not publicly disclosed","N/A","Managing Director / CEO","Not publicly disclosed"
"39","Auditor 1","Dhara Rail Projects Limited","Not Found","No","No","No","3.4 out of 10","41","30","![WAVE Tool Screenshot](https://github.com/VEER-TANMAY-SACHIN/projects/blob/main/orchavate_gtm_workflow/outputs/v1.1_nse_tracker_enriched_clearbit_20260806_193605_attempt1_succesful_reviewnotdone_orchavatecore_digital/Dhara_Rail_Projects_Limited/screenshots/Dhara_Rail_Projects_Limited_Homepage_WAVE_Overlay.png)","N/A","Company Secretary & Compliance Officer","Not publicly disclosed","N/A","Managing Director / CEO","Not publicly disclosed"
"40","Auditor 1","Sundrex Oil Company Limited","Not Found","No","No","No","6.6 out of 10","21","30","![WAVE Tool Screenshot](https://github.com/VEER-TANMAY-SACHIN/projects/blob/main/orchavate_gtm_workflow/outputs/v1.1_nse_tracker_enriched_clearbit_20260806_193605_attempt1_succesful_reviewnotdone_orchavatecore_digital/Sundrex_Oil_Company_Limited/screenshots/Sundrex_Oil_Company_Limited_Homepage_WAVE_Overlay.png)","N/A","Company Secretary & Compliance Officer","Not publicly disclosed","N/A","Managing Director / CEO","Not publicly disclosed"
"41","Auditor 1","EPW India Limited","epwk.com","Yes","No","No","1 out of 10","61","30","![WAVE Tool Screenshot](https://github.com/VEER-TANMAY-SACHIN/projects/blob/main/orchavate_gtm_workflow/outputs/v1.1_nse_tracker_enriched_clearbit_20260806_193605_attempt1_succesful_reviewnotdone_orchavatecore_digital/EPW_India_Limited/screenshots/EPW_India_Limited_Homepage_WAVE_Overlay.png)","N/A","Company Secretary & Compliance Officer","Not publicly disclosed","N/A","Managing Director / CEO","Not publicly disclosed"
"42","Auditor 1","Shyam Dhani Industries Limited","Not Found","No","No","No","4.2 out of 10","36","30","![WAVE Tool Screenshot](https://github.com/VEER-TANMAY-SACHIN/projects/blob/main/orchavate_gtm_workflow/outputs/v1.1_nse_tracker_enriched_clearbit_20260806_193605_attempt1_succesful_reviewnotdone_orchavatecore_digital/Shyam_Dhani_Industries_Limited/screenshots/Shyam_Dhani_Industries_Limited_Homepage_WAVE_Overlay.png)","N/A","Company Secretary & Compliance Officer","Not publicly disclosed","N/A","Managing Director / CEO","Not publicly disclosed"
"43","Auditor 1","Marc Technocrats Limited","Not Found","No","No","No","4.1 out of 10","37","30","![WAVE Tool Screenshot](https://github.com/VEER-TANMAY-SACHIN/projects/blob/main/orchavate_gtm_workflow/outputs/v1.1_nse_tracker_enriched_clearbit_20260806_193605_attempt1_succesful_reviewnotdone_orchavatecore_digital/Marc_Technocrats_Limited/screenshots/Marc_Technocrats_Limited_Homepage_WAVE_Overlay.png)","N/A","Company Secretary & Compliance Officer","Not publicly disclosed","N/A","Managing Director / CEO","Not publicly disclosed"
"44","Auditor 1","Ashwini Container Movers Limited","ashwinimovers.com","Yes","No","No","1 out of 10","67","30","![WAVE Tool Screenshot](https://github.com/VEER-TANMAY-SACHIN/projects/blob/main/orchavate_gtm_workflow/outputs/v1.1_nse_tracker_enriched_clearbit_20260806_193605_attempt1_succesful_reviewnotdone_orchavatecore_digital/Ashwini_Container_Movers_Limited/screenshots/Ashwini_Container_Movers_Limited_Homepage_WAVE_Overlay.png)","N/A","Company Secretary & Compliance Officer","Not publicly disclosed","N/A","Managing Director / CEO","Not publicly disclosed"
"45","Auditor 1","Exim Routes Limited","eximroutes.sg","Yes","No","No","6.8 out of 10","20","30","![WAVE Tool Screenshot](https://github.com/VEER-TANMAY-SACHIN/projects/blob/main/orchavate_gtm_workflow/outputs/v1.1_nse_tracker_enriched_clearbit_20260806_193605_attempt1_succesful_reviewnotdone_orchavatecore_digital/Exim_Routes_Limited/screenshots/Exim_Routes_Limited_Homepage_WAVE_Overlay.png)","N/A","Company Secretary & Compliance Officer","Not publicly disclosed","N/A","Managing Director / CEO","Not publicly disclosed"
"46","Auditor 1","Flywings Simulator Training Centre Limited","Not Found","No","No","No","1 out of 10","62","30","![WAVE Tool Screenshot](https://github.com/VEER-TANMAY-SACHIN/projects/blob/main/orchavate_gtm_workflow/outputs/v1.1_nse_tracker_enriched_clearbit_20260806_193605_attempt1_succesful_reviewnotdone_orchavatecore_digital/Flywings_Simulator_Training_Centre_Limited/screenshots/Flywings_Simulator_Training_Centre_Limited_Homepage_WAVE_Overlay.png)","N/A","Company Secretary & Compliance Officer","Not publicly disclosed","N/A","Managing Director / CEO","Not publicly disclosed"
"47","Auditor 1","Encompass Design India Limited","encompassdesign.com","Yes","No","No","1 out of 10","56","30","![WAVE Tool Screenshot](https://github.com/VEER-TANMAY-SACHIN/projects/blob/main/orchavate_gtm_workflow/outputs/v1.1_nse_tracker_enriched_clearbit_20260806_193605_attempt1_succesful_reviewnotdone_orchavatecore_digital/Encompass_Design_India_Limited/screenshots/Encompass_Design_India_Limited_Homepage_WAVE_Overlay.png)","N/A","Company Secretary & Compliance Officer","Not publicly disclosed","N/A","Managing Director / CEO","Not publicly disclosed"
"48","Auditor 1","Shri Kanha Stainless Limited","Not Found","No","No","No","2.6 out of 10","46","30","![WAVE Tool Screenshot](https://github.com/VEER-TANMAY-SACHIN/projects/blob/main/orchavate_gtm_workflow/outputs/v1.1_nse_tracker_enriched_clearbit_20260806_193605_attempt1_succesful_reviewnotdone_orchavatecore_digital/Shri_Kanha_Stainless_Limited/screenshots/Shri_Kanha_Stainless_Limited_Homepage_WAVE_Overlay.png)","N/A","Company Secretary & Compliance Officer","Not publicly disclosed","N/A","Managing Director / CEO","Not publicly disclosed"
"49","Auditor 1","Neochem Bio Solutions Limited","Not Found","No","No","No","2.3 out of 10","48","30","![WAVE Tool Screenshot](https://github.com/VEER-TANMAY-SACHIN/projects/blob/main/orchavate_gtm_workflow/outputs/v1.1_nse_tracker_enriched_clearbit_20260806_193605_attempt1_succesful_reviewnotdone_orchavatecore_digital/Neochem_Bio_Solutions_Limited/screenshots/Neochem_Bio_Solutions_Limited_Homepage_WAVE_Overlay.png)","N/A","Company Secretary & Compliance Officer","Not publicly disclosed","N/A","Managing Director / CEO","Not publicly disclosed"
"50","Auditor 1","Invicta Diagnostic Limited","Not Found","No","No","No","1 out of 10","67","30","![WAVE Tool Screenshot](https://github.com/VEER-TANMAY-SACHIN/projects/blob/main/orchavate_gtm_workflow/outputs/v1.1_nse_tracker_enriched_clearbit_20260806_193605_attempt1_succesful_reviewnotdone_orchavatecore_digital/Invicta_Diagnostic_Limited/screenshots/Invicta_Diagnostic_Limited_Homepage_WAVE_Overlay.png)","N/A","Company Secretary & Compliance Officer","Not publicly disclosed","N/A","Managing Director / CEO","Not publicly disclosed"
"51","Auditor 1","Speb Adhesives Limited","speb7.com","Yes","No","No","3.1 out of 10","43","30","![WAVE Tool Screenshot](https://github.com/VEER-TANMAY-SACHIN/projects/blob/main/orchavate_gtm_workflow/outputs/v1.1_nse_tracker_enriched_clearbit_20260806_193605_attempt1_succesful_reviewnotdone_orchavatecore_digital/Speb_Adhesives_Limited/screenshots/Speb_Adhesives_Limited_Homepage_WAVE_Overlay.png)","N/A","Company Secretary & Compliance Officer","Not publicly disclosed","N/A","Managing Director / CEO","Not publicly disclosed"
"52","Auditor 1","Clear Secured Services Limited","cssindia.in","Yes","No","No","4.4 out of 10","35","30","![WAVE Tool Screenshot](https://github.com/VEER-TANMAY-SACHIN/projects/blob/main/orchavate_gtm_workflow/outputs/v1.1_nse_tracker_enriched_clearbit_20260806_193605_attempt1_succesful_reviewnotdone_orchavatecore_digital/Clear_Secured_Services_Limited/screenshots/Clear_Secured_Services_Limited_Homepage_WAVE_Overlay.png)","N/A","Company Secretary & Compliance Officer","Not publicly disclosed","N/A","Managing Director / CEO","Not publicly disclosed"
"53","Auditor 1","Curis Lifesciences Limited","Not Found","No","No","No","2.5 out of 10","47","30","![WAVE Tool Screenshot](https://github.com/VEER-TANMAY-SACHIN/projects/blob/main/orchavate_gtm_workflow/outputs/v1.1_nse_tracker_enriched_clearbit_20260806_193605_attempt1_succesful_reviewnotdone_orchavatecore_digital/Curis_Lifesciences_Limited/screenshots/Curis_Lifesciences_Limited_Homepage_WAVE_Overlay.png)","N/A","Company Secretary & Compliance Officer","Not publicly disclosed","N/A","Managing Director / CEO","Not publicly disclosed"
"54","Auditor 1","Finbud Financial Services Limited","Not Found","No","No","No","7 out of 10","19","30","![WAVE Tool Screenshot](https://github.com/VEER-TANMAY-SACHIN/projects/blob/main/orchavate_gtm_workflow/outputs/v1.1_nse_tracker_enriched_clearbit_20260806_193605_attempt1_succesful_reviewnotdone_orchavatecore_digital/Finbud_Financial_Services_Limited/screenshots/Finbud_Financial_Services_Limited_Homepage_WAVE_Overlay.png)","N/A","Company Secretary & Compliance Officer","Not publicly disclosed","N/A","Managing Director / CEO","Not publicly disclosed"
"55","Auditor 1","Shreeji Global FMCG Limited","Not Found","No","No","No","5.4 out of 10","29","30","![WAVE Tool Screenshot](https://github.com/VEER-TANMAY-SACHIN/projects/blob/main/orchavate_gtm_workflow/outputs/v1.1_nse_tracker_enriched_clearbit_20260806_193605_attempt1_succesful_reviewnotdone_orchavatecore_digital/Shreeji_Global_FMCG_Limited/screenshots/Shreeji_Global_FMCG_Limited_Homepage_WAVE_Overlay.png)","N/A","Company Secretary & Compliance Officer","Not publicly disclosed","N/A","Managing Director / CEO","Not publicly disclosed"
"56","Auditor 1","Jayesh Logistics Limited","jayeshlogistics.com","Yes","No","No","6.5 out of 10","22","30","![WAVE Tool Screenshot](https://github.com/VEER-TANMAY-SACHIN/projects/blob/main/orchavate_gtm_workflow/outputs/v1.1_nse_tracker_enriched_clearbit_20260806_193605_attempt1_succesful_reviewnotdone_orchavatecore_digital/Jayesh_Logistics_Limited/screenshots/Jayesh_Logistics_Limited_Homepage_WAVE_Overlay.png)","N/A","Company Secretary & Compliance Officer","Not publicly disclosed","N/A","Managing Director / CEO","Not publicly disclosed"
"57","Auditor 1","Greenleaf Envirotech Limited","greenleafenvirotech.in","Yes","No","No","1 out of 10","57","30","![WAVE Tool Screenshot](https://github.com/VEER-TANMAY-SACHIN/projects/blob/main/orchavate_gtm_workflow/outputs/v1.1_nse_tracker_enriched_clearbit_20260806_193605_attempt1_succesful_reviewnotdone_orchavatecore_digital/Greenleaf_Envirotech_Limited/screenshots/Greenleaf_Envirotech_Limited_Homepage_WAVE_Overlay.png)","N/A","Company Secretary & Compliance Officer","Not publicly disclosed","N/A","Managing Director / CEO","Not publicly disclosed"
"58","Auditor 1","B.A.G. Convergence Limited","Not Found","No","No","No","1 out of 10","65","30","![WAVE Tool Screenshot](https://github.com/VEER-TANMAY-SACHIN/projects/blob/main/orchavate_gtm_workflow/outputs/v1.1_nse_tracker_enriched_clearbit_20260806_193605_attempt1_succesful_reviewnotdone_orchavatecore_digital/B_A_G__Convergence_Limited/screenshots/B_A_G__Convergence_Limited_Homepage_WAVE_Overlay.png)","N/A","Company Secretary & Compliance Officer","Not publicly disclosed","N/A","Managing Director / CEO","Not publicly disclosed"
"59","Auditor 1","Sheel Biotech Limited","sheelbiotech.com","Yes","No","No","3.8 out of 10","39","30","![WAVE Tool Screenshot](https://github.com/VEER-TANMAY-SACHIN/projects/blob/main/orchavate_gtm_workflow/outputs/v1.1_nse_tracker_enriched_clearbit_20260806_193605_attempt1_succesful_reviewnotdone_orchavatecore_digital/Sheel_Biotech_Limited/screenshots/Sheel_Biotech_Limited_Homepage_WAVE_Overlay.png)","N/A","Company Secretary & Compliance Officer","Not publicly disclosed","N/A","Managing Director / CEO","Not publicly disclosed"
"60","Auditor 1","Munish Forge Limited","munishforge.com","Yes","No","No","6.5 out of 10","22","30","![WAVE Tool Screenshot](https://github.com/VEER-TANMAY-SACHIN/projects/blob/main/orchavate_gtm_workflow/outputs/v1.1_nse_tracker_enriched_clearbit_20260806_193605_attempt1_succesful_reviewnotdone_orchavatecore_digital/Munish_Forge_Limited/screenshots/Munish_Forge_Limited_Homepage_WAVE_Overlay.png)","N/A","Company Secretary & Compliance Officer","Not publicly disclosed","N/A","Managing Director / CEO","Not publicly disclosed"
"61","Auditor 1","Suba Hotels Limited","subahotels.com","Yes","No","No","4.7 out of 10","33","30","![WAVE Tool Screenshot](https://github.com/VEER-TANMAY-SACHIN/projects/blob/main/orchavate_gtm_workflow/outputs/v1.1_nse_tracker_enriched_clearbit_20260806_193605_attempt1_succesful_reviewnotdone_orchavatecore_digital/Suba_Hotels_Limited/screenshots/Suba_Hotels_Limited_Homepage_WAVE_Overlay.png)","N/A","Company Secretary & Compliance Officer","Not publicly disclosed","N/A","Managing Director / CEO","Not publicly disclosed"
"62","Auditor 1","Vijaypd Ceutical Limited","Not Found","No","No","No","7.3 out of 10","17","30","![WAVE Tool Screenshot](https://github.com/VEER-TANMAY-SACHIN/projects/blob/main/orchavate_gtm_workflow/outputs/v1.1_nse_tracker_enriched_clearbit_20260806_193605_attempt1_succesful_reviewnotdone_orchavatecore_digital/Vijaypd_Ceutical_Limited/screenshots/Vijaypd_Ceutical_Limited_Homepage_WAVE_Overlay.png)","N/A","Company Secretary & Compliance Officer","Not publicly disclosed","N/A","Managing Director / CEO","Not publicly disclosed"
"63","Auditor 1","Manas Polymers and Energies Limited","Not Found","No","No","No","5.4 out of 10","29","30","![WAVE Tool Screenshot](https://github.com/VEER-TANMAY-SACHIN/projects/blob/main/orchavate_gtm_workflow/outputs/v1.1_nse_tracker_enriched_clearbit_20260806_193605_attempt1_succesful_reviewnotdone_orchavatecore_digital/Manas_Polymers_and_Energies_Limited/screenshots/Manas_Polymers_and_Energies_Limited_Homepage_WAVE_Overlay.png)","N/A","Company Secretary & Compliance Officer","Not publicly disclosed","N/A","Managing Director / CEO","Not publicly disclosed"
"64","Auditor 1","Gurunanak Agriculture India Limited","gnagro.in","Yes","No","No","4.2 out of 10","36","30","![WAVE Tool Screenshot](https://github.com/VEER-TANMAY-SACHIN/projects/blob/main/orchavate_gtm_workflow/outputs/v1.1_nse_tracker_enriched_clearbit_20260806_193605_attempt1_succesful_reviewnotdone_orchavatecore_digital/Gurunanak_Agriculture_India_Limited/screenshots/Gurunanak_Agriculture_India_Limited_Homepage_WAVE_Overlay.png)","N/A","Company Secretary & Compliance Officer","Not publicly disclosed","N/A","Managing Director / CEO","Not publicly disclosed"
"65","Auditor 1","Matrix Geo Solutions Limited","matrix-geo.com","Yes","No","No","5.2 out of 10","30","30","![WAVE Tool Screenshot](https://github.com/VEER-TANMAY-SACHIN/projects/blob/main/orchavate_gtm_workflow/outputs/v1.1_nse_tracker_enriched_clearbit_20260806_193605_attempt1_succesful_reviewnotdone_orchavatecore_digital/Matrix_Geo_Solutions_Limited/screenshots/Matrix_Geo_Solutions_Limited_Homepage_WAVE_Overlay.png)","N/A","Company Secretary & Compliance Officer","Not publicly disclosed","N/A","Managing Director / CEO","Not publicly disclosed"
"66","Auditor 1","Ecoline Exim Limited","ecoline.net.in","Yes","No","No","5.8 out of 10","26","30","![WAVE Tool Screenshot](https://github.com/VEER-TANMAY-SACHIN/projects/blob/main/orchavate_gtm_workflow/outputs/v1.1_nse_tracker_enriched_clearbit_20260806_193605_attempt1_succesful_reviewnotdone_orchavatecore_digital/Ecoline_Exim_Limited/screenshots/Ecoline_Exim_Limited_Homepage_WAVE_Overlay.png)","N/A","Company Secretary & Compliance Officer","Not publicly disclosed","N/A","Managing Director / CEO","Not publicly disclosed"
"67","Auditor 1","Prime Cable Industries Limited","primecabindia.com","Yes","No","No","3.1 out of 10","43","30","![WAVE Tool Screenshot](https://github.com/VEER-TANMAY-SACHIN/projects/blob/main/orchavate_gtm_workflow/outputs/v1.1_nse_tracker_enriched_clearbit_20260806_193605_attempt1_succesful_reviewnotdone_orchavatecore_digital/Prime_Cable_Industries_Limited/screenshots/Prime_Cable_Industries_Limited_Homepage_WAVE_Overlay.png)","N/A","Company Secretary & Compliance Officer","Not publicly disclosed","N/A","Managing Director / CEO","Not publicly disclosed"
"68","Auditor 1","Siddhi Cotspin Limited","Not Found","No","No","No","3.9 out of 10","38","30","![WAVE Tool Screenshot](https://github.com/VEER-TANMAY-SACHIN/projects/blob/main/orchavate_gtm_workflow/outputs/v1.1_nse_tracker_enriched_clearbit_20260806_193605_attempt1_succesful_reviewnotdone_orchavatecore_digital/Siddhi_Cotspin_Limited/screenshots/Siddhi_Cotspin_Limited_Homepage_WAVE_Overlay.png)","N/A","Company Secretary & Compliance Officer","Not publicly disclosed","N/A","Managing Director / CEO","Not publicly disclosed"
"69","Auditor 1","TechD Cybersecurity Limited","Not Found","No","No","No","4.4 out of 10","35","30","![WAVE Tool Screenshot](https://github.com/VEER-TANMAY-SACHIN/projects/blob/main/orchavate_gtm_workflow/outputs/v1.1_nse_tracker_enriched_clearbit_20260806_193605_attempt1_succesful_reviewnotdone_orchavatecore_digital/TechD_Cybersecurity_Limited/screenshots/TechD_Cybersecurity_Limited_Homepage_WAVE_Overlay.png)","N/A","Company Secretary & Compliance Officer","Not publicly disclosed","N/A","Managing Director / CEO","Not publicly disclosed"
"70","Auditor 1","Galaxy Medicare Limited","Not Found","No","No","No","1 out of 10","58","30","![WAVE Tool Screenshot](https://github.com/VEER-TANMAY-SACHIN/projects/blob/main/orchavate_gtm_workflow/outputs/v1.1_nse_tracker_enriched_clearbit_20260806_193605_attempt1_succesful_reviewnotdone_orchavatecore_digital/Galaxy_Medicare_Limited/screenshots/Galaxy_Medicare_Limited_Homepage_WAVE_Overlay.png)","N/A","Company Secretary & Compliance Officer","Not publicly disclosed","N/A","Managing Director / CEO","Not publicly disclosed"
"71","Auditor 1","Taurian MPS Limited","taurianmps.com","Yes","No","No","1 out of 10","59","30","![WAVE Tool Screenshot](https://github.com/VEER-TANMAY-SACHIN/projects/blob/main/orchavate_gtm_workflow/outputs/v1.1_nse_tracker_enriched_clearbit_20260806_193605_attempt1_succesful_reviewnotdone_orchavatecore_digital/Taurian_MPS_Limited/screenshots/Taurian_MPS_Limited_Homepage_WAVE_Overlay.png)","N/A","Company Secretary & Compliance Officer","Not publicly disclosed","N/A","Managing Director / CEO","Not publicly disclosed"
"72","Auditor 1","Vigor Plast India Limited","vigorplastindia.com","Yes","No","No","3.3 out of 10","42","30","![WAVE Tool Screenshot](https://github.com/VEER-TANMAY-SACHIN/projects/blob/main/orchavate_gtm_workflow/outputs/v1.1_nse_tracker_enriched_clearbit_20260806_193605_attempt1_succesful_reviewnotdone_orchavatecore_digital/Vigor_Plast_India_Limited/screenshots/Vigor_Plast_India_Limited_Homepage_WAVE_Overlay.png)","N/A","Company Secretary & Compliance Officer","Not publicly disclosed","N/A","Managing Director / CEO","Not publicly disclosed"
"73","Auditor 1","Optivalue Tek Consulting Limited","Not Found","No","No","No","1 out of 10","64","30","![WAVE Tool Screenshot](https://github.com/VEER-TANMAY-SACHIN/projects/blob/main/orchavate_gtm_workflow/outputs/v1.1_nse_tracker_enriched_clearbit_20260806_193605_attempt1_succesful_reviewnotdone_orchavatecore_digital/Optivalue_Tek_Consulting_Limited/screenshots/Optivalue_Tek_Consulting_Limited_Homepage_WAVE_Overlay.png)","N/A","Company Secretary & Compliance Officer","Not publicly disclosed","N/A","Managing Director / CEO","Not publicly disclosed"
"74","Auditor 1","Snehaa Organics Limited","Not Found","No","No","No","3.8 out of 10","39","30","![WAVE Tool Screenshot](https://github.com/VEER-TANMAY-SACHIN/projects/blob/main/orchavate_gtm_workflow/outputs/v1.1_nse_tracker_enriched_clearbit_20260806_193605_attempt1_succesful_reviewnotdone_orchavatecore_digital/Snehaa_Organics_Limited/screenshots/Snehaa_Organics_Limited_Homepage_WAVE_Overlay.png)","N/A","Company Secretary & Compliance Officer","Not publicly disclosed","N/A","Managing Director / CEO","Not publicly disclosed"
"75","Auditor 1","Sattva Engineering Construction Limited","sattvaengg.in","Yes","No","No","2.6 out of 10","46","30","![WAVE Tool Screenshot](https://github.com/VEER-TANMAY-SACHIN/projects/blob/main/orchavate_gtm_workflow/outputs/v1.1_nse_tracker_enriched_clearbit_20260806_193605_attempt1_succesful_reviewnotdone_orchavatecore_digital/Sattva_Engineering_Construction_Limited/screenshots/Sattva_Engineering_Construction_Limited_Homepage_WAVE_Overlay.png)","N/A","Company Secretary & Compliance Officer","Not publicly disclosed","N/A","Managing Director / CEO","Not publicly disclosed"
"76","Auditor 1","Current Infraprojects Limited","currentinfra.com","Yes","No","No","7.8 out of 10","14","30","![WAVE Tool Screenshot](https://github.com/VEER-TANMAY-SACHIN/projects/blob/main/orchavate_gtm_workflow/outputs/v1.1_nse_tracker_enriched_clearbit_20260806_193605_attempt1_succesful_reviewnotdone_orchavatecore_digital/Current_Infraprojects_Limited/screenshots/Current_Infraprojects_Limited_Homepage_WAVE_Overlay.png)","N/A","Company Secretary & Compliance Officer","Not publicly disclosed","N/A","Managing Director / CEO","Not publicly disclosed"
"77","Auditor 1","Anondita Medicare Limited","Not Found","No","No","No","6.3 out of 10","23","30","![WAVE Tool Screenshot](https://github.com/VEER-TANMAY-SACHIN/projects/blob/main/orchavate_gtm_workflow/outputs/v1.1_nse_tracker_enriched_clearbit_20260806_193605_attempt1_succesful_reviewnotdone_orchavatecore_digital/Anondita_Medicare_Limited/screenshots/Anondita_Medicare_Limited_Homepage_WAVE_Overlay.png)","N/A","Company Secretary & Compliance Officer","Not publicly disclosed","N/A","Managing Director / CEO","Not publicly disclosed"
"78","Auditor 1","Classic Electrodes (India) Limited","classicelectrodes.com","Yes","No","No","5.5 out of 10","28","30","![WAVE Tool Screenshot](https://github.com/VEER-TANMAY-SACHIN/projects/blob/main/orchavate_gtm_workflow/outputs/v1.1_nse_tracker_enriched_clearbit_20260806_193605_attempt1_succesful_reviewnotdone_orchavatecore_digital/Classic_Electrodes__India__Limited/screenshots/Classic_Electrodes__India__Limited_Homepage_WAVE_Overlay.png)","N/A","Company Secretary & Compliance Officer","Not publicly disclosed","N/A","Managing Director / CEO","Not publicly disclosed"
"79","Auditor 1","Shivashrit Foods Limited","Not Found","No","No","No","5.5 out of 10","28","30","![WAVE Tool Screenshot](https://github.com/VEER-TANMAY-SACHIN/projects/blob/main/orchavate_gtm_workflow/outputs/v1.1_nse_tracker_enriched_clearbit_20260806_193605_attempt1_succesful_reviewnotdone_orchavatecore_digital/Shivashrit_Foods_Limited/screenshots/Shivashrit_Foods_Limited_Homepage_WAVE_Overlay.png)","N/A","Company Secretary & Compliance Officer","Not publicly disclosed","N/A","Managing Director / CEO","Not publicly disclosed"
"80","Auditor 1","ARC Insulation & Insulators Limited","arcinsulations.com","Yes","No","No","5.4 out of 10","29","30","![WAVE Tool Screenshot](https://github.com/VEER-TANMAY-SACHIN/projects/blob/main/orchavate_gtm_workflow/outputs/v1.1_nse_tracker_enriched_clearbit_20260806_193605_attempt1_succesful_reviewnotdone_orchavatecore_digital/ARC_Insulation___Insulators_Limited/screenshots/ARC_Insulation___Insulators_Limited_Homepage_WAVE_Overlay.png)","N/A","Company Secretary & Compliance Officer","Not publicly disclosed","N/A","Managing Director / CEO","Not publicly disclosed"
"81","Auditor 1","Studio LSD Limited","Not Found","No","No","No","7.8 out of 10","14","30","![WAVE Tool Screenshot](https://github.com/VEER-TANMAY-SACHIN/projects/blob/main/orchavate_gtm_workflow/outputs/v1.1_nse_tracker_enriched_clearbit_20260806_193605_attempt1_succesful_reviewnotdone_orchavatecore_digital/Studio_LSD_Limited/screenshots/Studio_LSD_Limited_Homepage_WAVE_Overlay.png)","N/A","Company Secretary & Compliance Officer","Not publicly disclosed","N/A","Managing Director / CEO","Not publicly disclosed"
"82","Auditor 1","Mahendra Realtors & Infrastructure Limited","mripl.net","Yes","No","No","3.4 out of 10","41","30","![WAVE Tool Screenshot](https://github.com/VEER-TANMAY-SACHIN/projects/blob/main/orchavate_gtm_workflow/outputs/v1.1_nse_tracker_enriched_clearbit_20260806_193605_attempt1_succesful_reviewnotdone_orchavatecore_digital/Mahendra_Realtors___Infrastructure_Limited/screenshots/Mahendra_Realtors___Infrastructure_Limited_Homepage_WAVE_Overlay.png)","N/A","Company Secretary & Compliance Officer","Not publicly disclosed","N/A","Managing Director / CEO","Not publicly disclosed"
"83","Auditor 1","Medistep Healthcare Limited","Not Found","No","No","No","6.6 out of 10","21","30","![WAVE Tool Screenshot](https://github.com/VEER-TANMAY-SACHIN/projects/blob/main/orchavate_gtm_workflow/outputs/v1.1_nse_tracker_enriched_clearbit_20260806_193605_attempt1_succesful_reviewnotdone_orchavatecore_digital/Medistep_Healthcare_Limited/screenshots/Medistep_Healthcare_Limited_Homepage_WAVE_Overlay.png)","N/A","Company Secretary & Compliance Officer","Not publicly disclosed","N/A","Managing Director / CEO","Not publicly disclosed"
"84","Auditor 1","ANB Metal Cast Limited","anbmetalcast.com","Yes","No","No","3.6 out of 10","40","30","![WAVE Tool Screenshot](https://github.com/VEER-TANMAY-SACHIN/projects/blob/main/orchavate_gtm_workflow/outputs/v1.1_nse_tracker_enriched_clearbit_20260806_193605_attempt1_succesful_reviewnotdone_orchavatecore_digital/ANB_Metal_Cast_Limited/screenshots/ANB_Metal_Cast_Limited_Homepage_WAVE_Overlay.png)","N/A","Company Secretary & Compliance Officer","Not publicly disclosed","N/A","Managing Director / CEO","Not publicly disclosed"
"85","Auditor 1","Sawaliya Food Products Limited","Not Found","No","No","No","1 out of 10","63","30","![WAVE Tool Screenshot](https://github.com/VEER-TANMAY-SACHIN/projects/blob/main/orchavate_gtm_workflow/outputs/v1.1_nse_tracker_enriched_clearbit_20260806_193605_attempt1_succesful_reviewnotdone_orchavatecore_digital/Sawaliya_Food_Products_Limited/screenshots/Sawaliya_Food_Products_Limited_Homepage_WAVE_Overlay.png)","N/A","Company Secretary & Compliance Officer","Not publicly disclosed","N/A","Managing Director / CEO","Not publicly disclosed"
"86","Auditor 1","Connplex Cinemas Limited","Not Found","No","No","No","7.1 out of 10","18","30","![WAVE Tool Screenshot](https://github.com/VEER-TANMAY-SACHIN/projects/blob/main/orchavate_gtm_workflow/outputs/v1.1_nse_tracker_enriched_clearbit_20260806_193605_attempt1_succesful_reviewnotdone_orchavatecore_digital/Connplex_Cinemas_Limited/screenshots/Connplex_Cinemas_Limited_Homepage_WAVE_Overlay.png)","N/A","Company Secretary & Compliance Officer","Not publicly disclosed","N/A","Managing Director / CEO","Not publicly disclosed"
"87","Auditor 1","Bhadora Industries Limited","Not Found","No","No","No","6 out of 10","25","30","![WAVE Tool Screenshot](https://github.com/VEER-TANMAY-SACHIN/projects/blob/main/orchavate_gtm_workflow/outputs/v1.1_nse_tracker_enriched_clearbit_20260806_193605_attempt1_succesful_reviewnotdone_orchavatecore_digital/Bhadora_Industries_Limited/screenshots/Bhadora_Industries_Limited_Homepage_WAVE_Overlay.png)","N/A","Company Secretary & Compliance Officer","Not publicly disclosed","N/A","Managing Director / CEO","Not publicly disclosed"
"88","Auditor 1","Parth Electricals & Engineering Limited","parthelectricals.in","Yes","No","No","3.6 out of 10","40","30","![WAVE Tool Screenshot](https://github.com/VEER-TANMAY-SACHIN/projects/blob/main/orchavate_gtm_workflow/outputs/v1.1_nse_tracker_enriched_clearbit_20260806_193605_attempt1_succesful_reviewnotdone_orchavatecore_digital/Parth_Electricals___Engineering_Limited/screenshots/Parth_Electricals___Engineering_Limited_Homepage_WAVE_Overlay.png)","N/A","Company Secretary & Compliance Officer","Not publicly disclosed","N/A","Managing Director / CEO","Not publicly disclosed"
"89","Auditor 1","Aaradhya Disposal Industries Limited","Not Found","No","No","No","3 out of 10","44","30","![WAVE Tool Screenshot](https://github.com/VEER-TANMAY-SACHIN/projects/blob/main/orchavate_gtm_workflow/outputs/v1.1_nse_tracker_enriched_clearbit_20260806_193605_attempt1_succesful_reviewnotdone_orchavatecore_digital/Aaradhya_Disposal_Industries_Limited/screenshots/Aaradhya_Disposal_Industries_Limited_Homepage_WAVE_Overlay.png)","N/A","Company Secretary & Compliance Officer","Not publicly disclosed","N/A","Managing Director / CEO","Not publicly disclosed"
"90","Auditor 1","Jyoti Global Plast Limited","jyotiglobalplast.com","Yes","No","No","1.5 out of 10","53","30","![WAVE Tool Screenshot](https://github.com/VEER-TANMAY-SACHIN/projects/blob/main/orchavate_gtm_workflow/outputs/v1.1_nse_tracker_enriched_clearbit_20260806_193605_attempt1_succesful_reviewnotdone_orchavatecore_digital/Jyoti_Global_Plast_Limited/screenshots/Jyoti_Global_Plast_Limited_Homepage_WAVE_Overlay.png)","N/A","Company Secretary & Compliance Officer","Not publicly disclosed","N/A","Managing Director / CEO","Not publicly disclosed"
"91","Auditor 1","FlySBS Aviation Limited","Not Found","No","No","No","4.7 out of 10","33","30","![WAVE Tool Screenshot](https://github.com/VEER-TANMAY-SACHIN/projects/blob/main/orchavate_gtm_workflow/outputs/v1.1_nse_tracker_enriched_clearbit_20260806_193605_attempt1_succesful_reviewnotdone_orchavatecore_digital/FlySBS_Aviation_Limited/screenshots/FlySBS_Aviation_Limited_Homepage_WAVE_Overlay.png)","N/A","Company Secretary & Compliance Officer","Not publicly disclosed","N/A","Managing Director / CEO","Not publicly disclosed"
"92","Auditor 1","Renol Polychem Limited","Not Found","No","No","No","1.2 out of 10","55","30","![WAVE Tool Screenshot](https://github.com/VEER-TANMAY-SACHIN/projects/blob/main/orchavate_gtm_workflow/outputs/v1.1_nse_tracker_enriched_clearbit_20260806_193605_attempt1_succesful_reviewnotdone_orchavatecore_digital/Renol_Polychem_Limited/screenshots/Renol_Polychem_Limited_Homepage_WAVE_Overlay.png)","N/A","Company Secretary & Compliance Officer","Not publicly disclosed","N/A","Managing Director / CEO","Not publicly disclosed"
"93","Auditor 1","Cash Ur Drive Marketing Limited","Not Found","No","No","No","6.5 out of 10","22","30","![WAVE Tool Screenshot](https://github.com/VEER-TANMAY-SACHIN/projects/blob/main/orchavate_gtm_workflow/outputs/v1.1_nse_tracker_enriched_clearbit_20260806_193605_attempt1_succesful_reviewnotdone_orchavatecore_digital/Cash_Ur_Drive_Marketing_Limited/screenshots/Cash_Ur_Drive_Marketing_Limited_Homepage_WAVE_Overlay.png)","N/A","Company Secretary & Compliance Officer","Not publicly disclosed","N/A","Managing Director / CEO","Not publicly disclosed"
"94","Auditor 1","Kaytex Fabrics Limited","kaytexfabrics.com","Yes","No","No","3.9 out of 10","38","30","![WAVE Tool Screenshot](https://github.com/VEER-TANMAY-SACHIN/projects/blob/main/orchavate_gtm_workflow/outputs/v1.1_nse_tracker_enriched_clearbit_20260806_193605_attempt1_succesful_reviewnotdone_orchavatecore_digital/Kaytex_Fabrics_Limited/screenshots/Kaytex_Fabrics_Limited_Homepage_WAVE_Overlay.png)","N/A","Company Secretary & Compliance Officer","Not publicly disclosed","N/A","Managing Director / CEO","Not publicly disclosed"
"95","Auditor 1","Sellowrap Industries Limited","Not Found","No","No","No","6.2 out of 10","24","30","![WAVE Tool Screenshot](https://github.com/VEER-TANMAY-SACHIN/projects/blob/main/orchavate_gtm_workflow/outputs/v1.1_nse_tracker_enriched_clearbit_20260806_193605_attempt1_succesful_reviewnotdone_orchavatecore_digital/Sellowrap_Industries_Limited/screenshots/Sellowrap_Industries_Limited_Homepage_WAVE_Overlay.png)","N/A","Company Secretary & Compliance Officer","Not publicly disclosed","N/A","Managing Director / CEO","Not publicly disclosed"
"96","Auditor 1","TSC India Limited","tsc.edu","Yes","No","No","3 out of 10","44","30","![WAVE Tool Screenshot](https://github.com/VEER-TANMAY-SACHIN/projects/blob/main/orchavate_gtm_workflow/outputs/v1.1_nse_tracker_enriched_clearbit_20260806_193605_attempt1_succesful_reviewnotdone_orchavatecore_digital/TSC_India_Limited/screenshots/TSC_India_Limited_Homepage_WAVE_Overlay.png)","N/A","Company Secretary & Compliance Officer","Not publicly disclosed","N/A","Managing Director / CEO","Not publicly disclosed"
"97","Auditor 1","Savy Infra and Logistics Limited","Not Found","No","No","No","7.4 out of 10","16","30","![WAVE Tool Screenshot](https://github.com/VEER-TANMAY-SACHIN/projects/blob/main/orchavate_gtm_workflow/outputs/v1.1_nse_tracker_enriched_clearbit_20260806_193605_attempt1_succesful_reviewnotdone_orchavatecore_digital/Savy_Infra_and_Logistics_Limited/screenshots/Savy_Infra_and_Logistics_Limited_Homepage_WAVE_Overlay.png)","N/A","Company Secretary & Compliance Officer","Not publicly disclosed","N/A","Managing Director / CEO","Not publicly disclosed"
"98","Auditor 1","Spunweb Nonwoven Limited","Not Found","No","No","No","5.5 out of 10","28","30","![WAVE Tool Screenshot](https://github.com/VEER-TANMAY-SACHIN/projects/blob/main/orchavate_gtm_workflow/outputs/v1.1_nse_tracker_enriched_clearbit_20260806_193605_attempt1_succesful_reviewnotdone_orchavatecore_digital/Spunweb_Nonwoven_Limited/screenshots/Spunweb_Nonwoven_Limited_Homepage_WAVE_Overlay.png)","N/A","Company Secretary & Compliance Officer","Not publicly disclosed","N/A","Managing Director / CEO","Not publicly disclosed"
"99","Auditor 1","Smarten Power Systems Limited","smartenpowersystems.com","Yes","No","No","3.3 out of 10","42","30","![WAVE Tool Screenshot](https://github.com/VEER-TANMAY-SACHIN/projects/blob/main/orchavate_gtm_workflow/outputs/v1.1_nse_tracker_enriched_clearbit_20260806_193605_attempt1_succesful_reviewnotdone_orchavatecore_digital/Smarten_Power_Systems_Limited/screenshots/Smarten_Power_Systems_Limited_Homepage_WAVE_Overlay.png)","N/A","Company Secretary & Compliance Officer","Not publicly disclosed","N/A","Managing Director / CEO","Not publicly disclosed"
"100","Auditor 1","Happy Square Outsourcing Services Limited","Not Found","No","No","No","7.6 out of 10","15","30","![WAVE Tool Screenshot](https://github.com/VEER-TANMAY-SACHIN/projects/blob/main/orchavate_gtm_workflow/outputs/v1.1_nse_tracker_enriched_clearbit_20260806_193605_attempt1_succesful_reviewnotdone_orchavatecore_digital/Happy_Square_Outsourcing_Services_Limited/screenshots/Happy_Square_Outsourcing_Services_Limited_Homepage_WAVE_Overlay.png)","N/A","Company Secretary & Compliance Officer","Not publicly disclosed","N/A","Managing Director / CEO","Not publicly disclosed"
"101","Auditor 1","Emkay Tools Limited","emkaytools.com","Yes","No","No","1 out of 10","57","30","![WAVE Tool Screenshot](https://github.com/VEER-TANMAY-SACHIN/projects/blob/main/orchavate_gtm_workflow/outputs/v1.1_nse_tracker_enriched_clearbit_20260806_193605_attempt1_succesful_reviewnotdone_orchavatecore_digital/Emkay_Tools_Limited/screenshots/Emkay_Tools_Limited_Homepage_WAVE_Overlay.png)","N/A","Company Secretary & Compliance Officer","Not publicly disclosed","N/A","Managing Director / CEO","Not publicly disclosed"
"102","Auditor 1","Silky Overseas Limited","Not Found","No","No","No","6.2 out of 10","24","30","![WAVE Tool Screenshot](https://github.com/VEER-TANMAY-SACHIN/projects/blob/main/orchavate_gtm_workflow/outputs/v1.1_nse_tracker_enriched_clearbit_20260806_193605_attempt1_succesful_reviewnotdone_orchavatecore_digital/Silky_Overseas_Limited/screenshots/Silky_Overseas_Limited_Homepage_WAVE_Overlay.png)","N/A","Company Secretary & Compliance Officer","Not publicly disclosed","N/A","Managing Director / CEO","Not publicly disclosed"
"103","Auditor 1","Pushpa Jewellers Limited","pushpajewellersindore.com","Yes","No","No","1 out of 10","66","30","![WAVE Tool Screenshot](https://github.com/VEER-TANMAY-SACHIN/projects/blob/main/orchavate_gtm_workflow/outputs/v1.1_nse_tracker_enriched_clearbit_20260806_193605_attempt1_succesful_reviewnotdone_orchavatecore_digital/Pushpa_Jewellers_Limited/screenshots/Pushpa_Jewellers_Limited_Homepage_WAVE_Overlay.png)","N/A","Company Secretary & Compliance Officer","Not publicly disclosed","N/A","Managing Director / CEO","Not publicly disclosed"
"104","Auditor 1","Cedaar Textile Limited","cedaartextile.com","Yes","No","No","1 out of 10","61","30","![WAVE Tool Screenshot](https://github.com/VEER-TANMAY-SACHIN/projects/blob/main/orchavate_gtm_workflow/outputs/v1.1_nse_tracker_enriched_clearbit_20260806_193605_attempt1_succesful_reviewnotdone_orchavatecore_digital/Cedaar_Textile_Limited/screenshots/Cedaar_Textile_Limited_Homepage_WAVE_Overlay.png)","N/A","Company Secretary & Compliance Officer","Not publicly disclosed","N/A","Managing Director / CEO","Not publicly disclosed"
"105","Auditor 1","Pro FX Tech Limited","Not Found","No","No","No","3.9 out of 10","38","30","![WAVE Tool Screenshot](https://github.com/VEER-TANMAY-SACHIN/projects/blob/main/orchavate_gtm_workflow/outputs/v1.1_nse_tracker_enriched_clearbit_20260806_193605_attempt1_succesful_reviewnotdone_orchavatecore_digital/Pro_FX_Tech_Limited/screenshots/Pro_FX_Tech_Limited_Homepage_WAVE_Overlay.png)","N/A","Company Secretary & Compliance Officer","Not publicly disclosed","N/A","Managing Director / CEO","Not publicly disclosed"
"106","Auditor 1","Moving Media Entertainment Limited","Not Found","No","No","No","6.8 out of 10","20","30","![WAVE Tool Screenshot](https://github.com/VEER-TANMAY-SACHIN/projects/blob/main/orchavate_gtm_workflow/outputs/v1.1_nse_tracker_enriched_clearbit_20260806_193605_attempt1_succesful_reviewnotdone_orchavatecore_digital/Moving_Media_Entertainment_Limited/screenshots/Moving_Media_Entertainment_Limited_Homepage_WAVE_Overlay.png)","N/A","Company Secretary & Compliance Officer","Not publicly disclosed","N/A","Managing Director / CEO","Not publicly disclosed"
"107","Auditor 1","Suntech Infra Solutions Limited","Not Found","No","No","No","3.8 out of 10","39","30","![WAVE Tool Screenshot](https://github.com/VEER-TANMAY-SACHIN/projects/blob/main/orchavate_gtm_workflow/outputs/v1.1_nse_tracker_enriched_clearbit_20260806_193605_attempt1_succesful_reviewnotdone_orchavatecore_digital/Suntech_Infra_Solutions_Limited/screenshots/Suntech_Infra_Solutions_Limited_Homepage_WAVE_Overlay.png)","N/A","Company Secretary & Compliance Officer","Not publicly disclosed","N/A","Managing Director / CEO","Not publicly disclosed"
"108","Auditor 1","Rama Telecom Limited","ramatelecom.net","Yes","No","No","1 out of 10","68","30","![WAVE Tool Screenshot](https://github.com/VEER-TANMAY-SACHIN/projects/blob/main/orchavate_gtm_workflow/outputs/v1.1_nse_tracker_enriched_clearbit_20260806_193605_attempt1_succesful_reviewnotdone_orchavatecore_digital/Rama_Telecom_Limited/screenshots/Rama_Telecom_Limited_Homepage_WAVE_Overlay.png)","N/A","Company Secretary & Compliance Officer","Not publicly disclosed","N/A","Managing Director / CEO","Not publicly disclosed"
"109","Auditor 1","Shri Hare-Krishna Sponge Iron Limited","Not Found","No","No","No","4.1 out of 10","37","30","![WAVE Tool Screenshot](https://github.com/VEER-TANMAY-SACHIN/projects/blob/main/orchavate_gtm_workflow/outputs/v1.1_nse_tracker_enriched_clearbit_20260806_193605_attempt1_succesful_reviewnotdone_orchavatecore_digital/Shri_Hare_Krishna_Sponge_Iron_Limited/screenshots/Shri_Hare_Krishna_Sponge_Iron_Limited_Homepage_WAVE_Overlay.png)","N/A","Company Secretary & Compliance Officer","Not publicly disclosed","N/A","Managing Director / CEO","Not publicly disclosed"
"110","Auditor 1","Aakaar Medical Technologies Limited","aakaarmedical.in","Yes","No","No","5.5 out of 10","28","30","![WAVE Tool Screenshot](https://github.com/VEER-TANMAY-SACHIN/projects/blob/main/orchavate_gtm_workflow/outputs/v1.1_nse_tracker_enriched_clearbit_20260806_193605_attempt1_succesful_reviewnotdone_orchavatecore_digital/Aakaar_Medical_Technologies_Limited/screenshots/Aakaar_Medical_Technologies_Limited_Homepage_WAVE_Overlay.png)","N/A","Company Secretary & Compliance Officer","Not publicly disclosed","N/A","Managing Director / CEO","Not publicly disclosed"
"111","Auditor 1","Mayasheel Ventures Limited","Not Found","No","No","No","5 out of 10","31","30","![WAVE Tool Screenshot](https://github.com/VEER-TANMAY-SACHIN/projects/blob/main/orchavate_gtm_workflow/outputs/v1.1_nse_tracker_enriched_clearbit_20260806_193605_attempt1_succesful_reviewnotdone_orchavatecore_digital/Mayasheel_Ventures_Limited/screenshots/Mayasheel_Ventures_Limited_Homepage_WAVE_Overlay.png)","N/A","Company Secretary & Compliance Officer","Not publicly disclosed","N/A","Managing Director / CEO","Not publicly disclosed"
"112","Auditor 1","Safe Enterprises Retail Fixtures Limited","Not Found","No","No","No","1 out of 10","56","30","![WAVE Tool Screenshot](https://github.com/VEER-TANMAY-SACHIN/projects/blob/main/orchavate_gtm_workflow/outputs/v1.1_nse_tracker_enriched_clearbit_20260806_193605_attempt1_succesful_reviewnotdone_orchavatecore_digital/Safe_Enterprises_Retail_Fixtures_Limited/screenshots/Safe_Enterprises_Retail_Fixtures_Limited_Homepage_WAVE_Overlay.png)","N/A","Company Secretary & Compliance Officer","Not publicly disclosed","N/A","Managing Director / CEO","Not publicly disclosed"
"113","Auditor 1","Influx Healthtech Limited","influxhealthtech.com","Yes","No","No","3.1 out of 10","43","30","![WAVE Tool Screenshot](https://github.com/VEER-TANMAY-SACHIN/projects/blob/main/orchavate_gtm_workflow/outputs/v1.1_nse_tracker_enriched_clearbit_20260806_193605_attempt1_succesful_reviewnotdone_orchavatecore_digital/Influx_Healthtech_Limited/screenshots/Influx_Healthtech_Limited_Homepage_WAVE_Overlay.png)","N/A","Company Secretary & Compliance Officer","Not publicly disclosed","N/A","Managing Director / CEO","Not publicly disclosed"
"114","Auditor 1","Eppeltone Engineers Limited","eppeltone.in","Yes","No","No","1 out of 10","68","30","![WAVE Tool Screenshot](https://github.com/VEER-TANMAY-SACHIN/projects/blob/main/orchavate_gtm_workflow/outputs/v1.1_nse_tracker_enriched_clearbit_20260806_193605_attempt1_succesful_reviewnotdone_orchavatecore_digital/Eppeltone_Engineers_Limited/screenshots/Eppeltone_Engineers_Limited_Homepage_WAVE_Overlay.png)","N/A","Company Secretary & Compliance Officer","Not publicly disclosed","N/A","Managing Director / CEO","Not publicly disclosed"
"115","Auditor 1","Samay Project Services Limited","Not Found","No","No","No","1 out of 10","67","30","![WAVE Tool Screenshot](https://github.com/VEER-TANMAY-SACHIN/projects/blob/main/orchavate_gtm_workflow/outputs/v1.1_nse_tracker_enriched_clearbit_20260806_193605_attempt1_succesful_reviewnotdone_orchavatecore_digital/Samay_Project_Services_Limited/screenshots/Samay_Project_Services_Limited_Homepage_WAVE_Overlay.png)","N/A","Company Secretary & Compliance Officer","Not publicly disclosed","N/A","Managing Director / CEO","Not publicly disclosed"
"116","Auditor 1","Patil Automation Limited","patilautomation.com","Yes","No","No","2.3 out of 10","48","30","![WAVE Tool Screenshot](https://github.com/VEER-TANMAY-SACHIN/projects/blob/main/orchavate_gtm_workflow/outputs/v1.1_nse_tracker_enriched_clearbit_20260806_193605_attempt1_succesful_reviewnotdone_orchavatecore_digital/Patil_Automation_Limited/screenshots/Patil_Automation_Limited_Homepage_WAVE_Overlay.png)","N/A","Company Secretary & Compliance Officer","Not publicly disclosed","N/A","Managing Director / CEO","Not publicly disclosed"
"117","Auditor 1","Monolithisch India Limited","Not Found","No","No","No","3.6 out of 10","40","30","![WAVE Tool Screenshot](https://github.com/VEER-TANMAY-SACHIN/projects/blob/main/orchavate_gtm_workflow/outputs/v1.1_nse_tracker_enriched_clearbit_20260806_193605_attempt1_succesful_reviewnotdone_orchavatecore_digital/Monolithisch_India_Limited/screenshots/Monolithisch_India_Limited_Homepage_WAVE_Overlay.png)","N/A","Company Secretary & Compliance Officer","Not publicly disclosed","N/A","Managing Director / CEO","Not publicly disclosed"
"118","Auditor 1","Jainik Power Cables Limited","Not Found","No","No","No","3.4 out of 10","41","30","![WAVE Tool Screenshot](https://github.com/VEER-TANMAY-SACHIN/projects/blob/main/orchavate_gtm_workflow/outputs/v1.1_nse_tracker_enriched_clearbit_20260806_193605_attempt1_succesful_reviewnotdone_orchavatecore_digital/Jainik_Power_Cables_Limited/screenshots/Jainik_Power_Cables_Limited_Homepage_WAVE_Overlay.png)","N/A","Company Secretary & Compliance Officer","Not publicly disclosed","N/A","Managing Director / CEO","Not publicly disclosed"
"119","Auditor 1","Sacheerome Limited","sacheerome.com","Yes","No","No","1 out of 10","58","30","![WAVE Tool Screenshot](https://github.com/VEER-TANMAY-SACHIN/projects/blob/main/orchavate_gtm_workflow/outputs/v1.1_nse_tracker_enriched_clearbit_20260806_193605_attempt1_succesful_reviewnotdone_orchavatecore_digital/Sacheerome_Limited/screenshots/Sacheerome_Limited_Homepage_WAVE_Overlay.png)","N/A","Company Secretary & Compliance Officer","Not publicly disclosed","N/A","Managing Director / CEO","Not publicly disclosed"
"120","Auditor 1","Ganga Bath Fittings Limited","gangabathfittings.com","Yes","No","No","3.1 out of 10","43","30","![WAVE Tool Screenshot](https://github.com/VEER-TANMAY-SACHIN/projects/blob/main/orchavate_gtm_workflow/outputs/v1.1_nse_tracker_enriched_clearbit_20260806_193605_attempt1_succesful_reviewnotdone_orchavatecore_digital/Ganga_Bath_Fittings_Limited/screenshots/Ganga_Bath_Fittings_Limited_Homepage_WAVE_Overlay.png)","N/A","Company Secretary & Compliance Officer","Not publicly disclosed","N/A","Managing Director / CEO","Not publicly disclosed"
"121","Auditor 1","N R Vandana Tex Industries Limited","Not Found","No","No","No","3.8 out of 10","39","30","![WAVE Tool Screenshot](https://github.com/VEER-TANMAY-SACHIN/projects/blob/main/orchavate_gtm_workflow/outputs/v1.1_nse_tracker_enriched_clearbit_20260806_193605_attempt1_succesful_reviewnotdone_orchavatecore_digital/N_R_Vandana_Tex_Industries_Limited/screenshots/N_R_Vandana_Tex_Industries_Limited_Homepage_WAVE_Overlay.png)","N/A","Company Secretary & Compliance Officer","Not publicly disclosed","N/A","Managing Director / CEO","Not publicly disclosed"
"122","Auditor 1","Neptune Petrochemicals Limited","neptunepetrochemicals.com","Yes","No","No","3.8 out of 10","39","30","![WAVE Tool Screenshot](https://github.com/VEER-TANMAY-SACHIN/projects/blob/main/orchavate_gtm_workflow/outputs/v1.1_nse_tracker_enriched_clearbit_20260806_193605_attempt1_succesful_reviewnotdone_orchavatecore_digital/Neptune_Petrochemicals_Limited/screenshots/Neptune_Petrochemicals_Limited_Homepage_WAVE_Overlay.png)","N/A","Company Secretary & Compliance Officer","Not publicly disclosed","N/A","Managing Director / CEO","Not publicly disclosed"
"123","Auditor 1","Blue Water Logistics Limited","logistics.sd","Yes","No","No","1.4 out of 10","54","30","![WAVE Tool Screenshot](https://github.com/VEER-TANMAY-SACHIN/projects/blob/main/orchavate_gtm_workflow/outputs/v1.1_nse_tracker_enriched_clearbit_20260806_193605_attempt1_succesful_reviewnotdone_orchavatecore_digital/Blue_Water_Logistics_Limited/screenshots/Blue_Water_Logistics_Limited_Homepage_WAVE_Overlay.png)","N/A","Company Secretary & Compliance Officer","Not publicly disclosed","N/A","Managing Director / CEO","Not publicly disclosed"
"124","Auditor 1","NIKITA GREENTECH RECYCLING LIMITED","nikitagreentechrecycling.com","Yes","No","No","1 out of 10","56","30","![WAVE Tool Screenshot](https://github.com/VEER-TANMAY-SACHIN/projects/blob/main/orchavate_gtm_workflow/outputs/v1.1_nse_tracker_enriched_clearbit_20260806_193605_attempt1_succesful_reviewnotdone_orchavatecore_digital/NIKITA_GREENTECH_RECYCLING_LIMITED/screenshots/NIKITA_GREENTECH_RECYCLING_LIMITED_Homepage_WAVE_Overlay.png)","N/A","Company Secretary & Compliance Officer","Not publicly disclosed","N/A","Managing Director / CEO","Not publicly disclosed"
"125","Auditor 1","Dar Credit & Capital Limited","darcredit.com","Yes","No","No","5 out of 10","31","30","![WAVE Tool Screenshot](https://github.com/VEER-TANMAY-SACHIN/projects/blob/main/orchavate_gtm_workflow/outputs/v1.1_nse_tracker_enriched_clearbit_20260806_193605_attempt1_succesful_reviewnotdone_orchavatecore_digital/Dar_Credit___Capital_Limited/screenshots/Dar_Credit___Capital_Limited_Homepage_WAVE_Overlay.png)","N/A","Company Secretary & Compliance Officer","Not publicly disclosed","N/A","Managing Director / CEO","Not publicly disclosed"
"126","Auditor 1","Accretion Pharmaceuticals Limited","accretionpharma.com","Yes","No","No","3.1 out of 10","43","30","![WAVE Tool Screenshot](https://github.com/VEER-TANMAY-SACHIN/projects/blob/main/orchavate_gtm_workflow/outputs/v1.1_nse_tracker_enriched_clearbit_20260806_193605_attempt1_succesful_reviewnotdone_orchavatecore_digital/Accretion_Pharmaceuticals_Limited/screenshots/Accretion_Pharmaceuticals_Limited_Homepage_WAVE_Overlay.png)","N/A","Company Secretary & Compliance Officer","Not publicly disclosed","N/A","Managing Director / CEO","Not publicly disclosed"
"127","Auditor 1","Integrity Infrabuild Developers Limited","Not Found","No","No","No","4.6 out of 10","34","30","![WAVE Tool Screenshot](https://github.com/VEER-TANMAY-SACHIN/projects/blob/main/orchavate_gtm_workflow/outputs/v1.1_nse_tracker_enriched_clearbit_20260806_193605_attempt1_succesful_reviewnotdone_orchavatecore_digital/Integrity_Infrabuild_Developers_Limited/screenshots/Integrity_Infrabuild_Developers_Limited_Homepage_WAVE_Overlay.png)","N/A","Company Secretary & Compliance Officer","Not publicly disclosed","N/A","Managing Director / CEO","Not publicly disclosed"
"128","Auditor 1","Virtual Galaxy Infotech Limited","vgipl.com","Yes","No","No","4.4 out of 10","35","30","![WAVE Tool Screenshot](https://github.com/VEER-TANMAY-SACHIN/projects/blob/main/orchavate_gtm_workflow/outputs/v1.1_nse_tracker_enriched_clearbit_20260806_193605_attempt1_succesful_reviewnotdone_orchavatecore_digital/Virtual_Galaxy_Infotech_Limited/screenshots/Virtual_Galaxy_Infotech_Limited_Homepage_WAVE_Overlay.png)","N/A","Company Secretary & Compliance Officer","Not publicly disclosed","N/A","Managing Director / CEO","Not publicly disclosed"
"129","Auditor 1","Arunaya Organics Limited","arunayaorganics.com","Yes","No","No","3.9 out of 10","38","30","![WAVE Tool Screenshot](https://github.com/VEER-TANMAY-SACHIN/projects/blob/main/orchavate_gtm_workflow/outputs/v1.1_nse_tracker_enriched_clearbit_20260806_193605_attempt1_succesful_reviewnotdone_orchavatecore_digital/Arunaya_Organics_Limited/screenshots/Arunaya_Organics_Limited_Homepage_WAVE_Overlay.png)","N/A","Company Secretary & Compliance Officer","Not publicly disclosed","N/A","Managing Director / CEO","Not publicly disclosed"
"130","Auditor 1","Iware Supplychain Services Limited","iware.co.in","Yes","No","No","5.2 out of 10","30","30","![WAVE Tool Screenshot](https://github.com/VEER-TANMAY-SACHIN/projects/blob/main/orchavate_gtm_workflow/outputs/v1.1_nse_tracker_enriched_clearbit_20260806_193605_attempt1_succesful_reviewnotdone_orchavatecore_digital/Iware_Supplychain_Services_Limited/screenshots/Iware_Supplychain_Services_Limited_Homepage_WAVE_Overlay.png)","N/A","Company Secretary & Compliance Officer","Not publicly disclosed","N/A","Managing Director / CEO","Not publicly disclosed"
"131","Auditor 1","Tankup Engineers Limited","Not Found","No","No","No","1 out of 10","65","30","![WAVE Tool Screenshot](https://github.com/VEER-TANMAY-SACHIN/projects/blob/main/orchavate_gtm_workflow/outputs/v1.1_nse_tracker_enriched_clearbit_20260806_193605_attempt1_succesful_reviewnotdone_orchavatecore_digital/Tankup_Engineers_Limited/screenshots/Tankup_Engineers_Limited_Homepage_WAVE_Overlay.png)","N/A","Company Secretary & Compliance Officer","Not publicly disclosed","N/A","Managing Director / CEO","Not publicly disclosed"
"132","Auditor 1","Shri Ahimsa Naturals Limited","Not Found","No","No","No","7.6 out of 10","15","30","![WAVE Tool Screenshot](https://github.com/VEER-TANMAY-SACHIN/projects/blob/main/orchavate_gtm_workflow/outputs/v1.1_nse_tracker_enriched_clearbit_20260806_193605_attempt1_succesful_reviewnotdone_orchavatecore_digital/Shri_Ahimsa_Naturals_Limited/screenshots/Shri_Ahimsa_Naturals_Limited_Homepage_WAVE_Overlay.png)","N/A","Company Secretary & Compliance Officer","Not publicly disclosed","N/A","Managing Director / CEO","Not publicly disclosed"
"133","Auditor 1","ATC Energies System Limited","Not Found","No","No","No","1.8 out of 10","51","30","![WAVE Tool Screenshot](https://github.com/VEER-TANMAY-SACHIN/projects/blob/main/orchavate_gtm_workflow/outputs/v1.1_nse_tracker_enriched_clearbit_20260806_193605_attempt1_succesful_reviewnotdone_orchavatecore_digital/ATC_Energies_System_Limited/screenshots/ATC_Energies_System_Limited_Homepage_WAVE_Overlay.png)","N/A","Company Secretary & Compliance Officer","Not publicly disclosed","N/A","Managing Director / CEO","Not publicly disclosed"
"134","Auditor 1","Active Infrastructures Limited","Not Found","No","No","No","5.4 out of 10","29","30","![WAVE Tool Screenshot](https://github.com/VEER-TANMAY-SACHIN/projects/blob/main/orchavate_gtm_workflow/outputs/v1.1_nse_tracker_enriched_clearbit_20260806_193605_attempt1_succesful_reviewnotdone_orchavatecore_digital/Active_Infrastructures_Limited/screenshots/Active_Infrastructures_Limited_Homepage_WAVE_Overlay.png)","N/A","Company Secretary & Compliance Officer","Not publicly disclosed","N/A","Managing Director / CEO","Not publicly disclosed"
"135","Auditor 1","Rapid Fleet Management Services Limited","Not Found","No","No","No","6.3 out of 10","23","30","![WAVE Tool Screenshot](https://github.com/VEER-TANMAY-SACHIN/projects/blob/main/orchavate_gtm_workflow/outputs/v1.1_nse_tracker_enriched_clearbit_20260806_193605_attempt1_succesful_reviewnotdone_orchavatecore_digital/Rapid_Fleet_Management_Services_Limited/screenshots/Rapid_Fleet_Management_Services_Limited_Homepage_WAVE_Overlay.png)","N/A","Company Secretary & Compliance Officer","Not publicly disclosed","N/A","Managing Director / CEO","Not publicly disclosed"
"136","Auditor 1","Grand Continent Hotels Limited","grandcontinenthotels.com","Yes","No","No","1 out of 10","58","30","![WAVE Tool Screenshot](https://github.com/VEER-TANMAY-SACHIN/projects/blob/main/orchavate_gtm_workflow/outputs/v1.1_nse_tracker_enriched_clearbit_20260806_193605_attempt1_succesful_reviewnotdone_orchavatecore_digital/Grand_Continent_Hotels_Limited/screenshots/Grand_Continent_Hotels_Limited_Homepage_WAVE_Overlay.png)","N/A","Company Secretary & Compliance Officer","Not publicly disclosed","N/A","Managing Director / CEO","Not publicly disclosed"
"137","Auditor 1","Divine Hira Jewellers Limited","Not Found","No","No","No","3.9 out of 10","38","30","![WAVE Tool Screenshot](https://github.com/VEER-TANMAY-SACHIN/projects/blob/main/orchavate_gtm_workflow/outputs/v1.1_nse_tracker_enriched_clearbit_20260806_193605_attempt1_succesful_reviewnotdone_orchavatecore_digital/Divine_Hira_Jewellers_Limited/screenshots/Divine_Hira_Jewellers_Limited_Homepage_WAVE_Overlay.png)","N/A","Company Secretary & Compliance Officer","Not publicly disclosed","N/A","Managing Director / CEO","Not publicly disclosed"
"138","Auditor 1","Balaji Phosphates Limited","Not Found","No","No","No","3 out of 10","44","30","![WAVE Tool Screenshot](https://github.com/VEER-TANMAY-SACHIN/projects/blob/main/orchavate_gtm_workflow/outputs/v1.1_nse_tracker_enriched_clearbit_20260806_193605_attempt1_succesful_reviewnotdone_orchavatecore_digital/Balaji_Phosphates_Limited/screenshots/Balaji_Phosphates_Limited_Homepage_WAVE_Overlay.png)","N/A","Company Secretary & Compliance Officer","Not publicly disclosed","N/A","Managing Director / CEO","Not publicly disclosed"
"139","Auditor 1","HP Telecom India Limited","hp-telecom.com","Yes","No","No","7.3 out of 10","17","30","![WAVE Tool Screenshot](https://github.com/VEER-TANMAY-SACHIN/projects/blob/main/orchavate_gtm_workflow/outputs/v1.1_nse_tracker_enriched_clearbit_20260806_193605_attempt1_succesful_reviewnotdone_orchavatecore_digital/HP_Telecom_India_Limited/screenshots/HP_Telecom_India_Limited_Homepage_WAVE_Overlay.png)","N/A","Company Secretary & Compliance Officer","Not publicly disclosed","N/A","Managing Director / CEO","Not publicly disclosed"
"140","Auditor 1","Royal Arc Electrodes Limited","royalarc.in","Yes","No","No","1 out of 10","63","30","![WAVE Tool Screenshot](https://github.com/VEER-TANMAY-SACHIN/projects/blob/main/orchavate_gtm_workflow/outputs/v1.1_nse_tracker_enriched_clearbit_20260806_193605_attempt1_succesful_reviewnotdone_orchavatecore_digital/Royal_Arc_Electrodes_Limited/screenshots/Royal_Arc_Electrodes_Limited_Homepage_WAVE_Overlay.png)","N/A","Company Secretary & Compliance Officer","Not publicly disclosed","N/A","Managing Director / CEO","Not publicly disclosed"
"141","Auditor 1","Tejas Cargo India Limited","Not Found","No","No","No","7.3 out of 10","17","30","![WAVE Tool Screenshot](https://github.com/VEER-TANMAY-SACHIN/projects/blob/main/orchavate_gtm_workflow/outputs/v1.1_nse_tracker_enriched_clearbit_20260806_193605_attempt1_succesful_reviewnotdone_orchavatecore_digital/Tejas_Cargo_India_Limited/screenshots/Tejas_Cargo_India_Limited_Homepage_WAVE_Overlay.png)","N/A","Company Secretary & Compliance Officer","Not publicly disclosed","N/A","Managing Director / CEO","Not publicly disclosed"
"142","Auditor 1","Voler Car Limited","volercars.com","Yes","No","No","1 out of 10","63","30","![WAVE Tool Screenshot](https://github.com/VEER-TANMAY-SACHIN/projects/blob/main/orchavate_gtm_workflow/outputs/v1.1_nse_tracker_enriched_clearbit_20260806_193605_attempt1_succesful_reviewnotdone_orchavatecore_digital/Voler_Car_Limited/screenshots/Voler_Car_Limited_Homepage_WAVE_Overlay.png)","N/A","Company Secretary & Compliance Officer","Not publicly disclosed","N/A","Managing Director / CEO","Not publicly disclosed"
"143","Auditor 1","P S Raj Steels Limited","Not Found","No","No","No","1 out of 10","66","30","![WAVE Tool Screenshot](https://github.com/VEER-TANMAY-SACHIN/projects/blob/main/orchavate_gtm_workflow/outputs/v1.1_nse_tracker_enriched_clearbit_20260806_193605_attempt1_succesful_reviewnotdone_orchavatecore_digital/P_S_Raj_Steels_Limited/screenshots/P_S_Raj_Steels_Limited_Homepage_WAVE_Overlay.png)","N/A","Company Secretary & Compliance Officer","Not publicly disclosed","N/A","Managing Director / CEO","Not publicly disclosed"
"144","Auditor 1","Maxvolt Energy Industries Limited","Not Found","No","No","No","3.1 out of 10","43","30","![WAVE Tool Screenshot](https://github.com/VEER-TANMAY-SACHIN/projects/blob/main/orchavate_gtm_workflow/outputs/v1.1_nse_tracker_enriched_clearbit_20260806_193605_attempt1_succesful_reviewnotdone_orchavatecore_digital/Maxvolt_Energy_Industries_Limited/screenshots/Maxvolt_Energy_Industries_Limited_Homepage_WAVE_Overlay.png)","N/A","Company Secretary & Compliance Officer","Not publicly disclosed","N/A","Managing Director / CEO","Not publicly disclosed"
"145","Auditor 1","Chandan Healthcare Limited","chandan.co.in","Yes","No","No","7.8 out of 10","14","30","![WAVE Tool Screenshot](https://github.com/VEER-TANMAY-SACHIN/projects/blob/main/orchavate_gtm_workflow/outputs/v1.1_nse_tracker_enriched_clearbit_20260806_193605_attempt1_succesful_reviewnotdone_orchavatecore_digital/Chandan_Healthcare_Limited/screenshots/Chandan_Healthcare_Limited_Homepage_WAVE_Overlay.png)","N/A","Company Secretary & Compliance Officer","Not publicly disclosed","N/A","Managing Director / CEO","Not publicly disclosed"
"146","Auditor 1","Eleganz Interiors Limited","eleganz.co.in","Yes","No","No","1.4 out of 10","54","30","![WAVE Tool Screenshot](https://github.com/VEER-TANMAY-SACHIN/projects/blob/main/orchavate_gtm_workflow/outputs/v1.1_nse_tracker_enriched_clearbit_20260806_193605_attempt1_succesful_reviewnotdone_orchavatecore_digital/Eleganz_Interiors_Limited/screenshots/Eleganz_Interiors_Limited_Homepage_WAVE_Overlay.png)","N/A","Company Secretary & Compliance Officer","Not publicly disclosed","N/A","Managing Director / CEO","Not publicly disclosed"
"147","Auditor 1","Readymix Construction Machinery Limited","Not Found","No","No","No","4.2 out of 10","36","30","![WAVE Tool Screenshot](https://github.com/VEER-TANMAY-SACHIN/projects/blob/main/orchavate_gtm_workflow/outputs/v1.1_nse_tracker_enriched_clearbit_20260806_193605_attempt1_succesful_reviewnotdone_orchavatecore_digital/Readymix_Construction_Machinery_Limited/screenshots/Readymix_Construction_Machinery_Limited_Homepage_WAVE_Overlay.png)","N/A","Company Secretary & Compliance Officer","Not publicly disclosed","N/A","Managing Director / CEO","Not publicly disclosed"
"148","Auditor 1","Ken Enterprises Limited","kennesaw.edu","Yes","No","No","5.5 out of 10","28","30","![WAVE Tool Screenshot](https://github.com/VEER-TANMAY-SACHIN/projects/blob/main/orchavate_gtm_workflow/outputs/v1.1_nse_tracker_enriched_clearbit_20260806_193605_attempt1_succesful_reviewnotdone_orchavatecore_digital/Ken_Enterprises_Limited/screenshots/Ken_Enterprises_Limited_Homepage_WAVE_Overlay.png)","N/A","Company Secretary & Compliance Officer","Not publicly disclosed","N/A","Managing Director / CEO","Not publicly disclosed"
"149","Auditor 1","Chamunda Electrical Limited","chamundaelectricals.com","Yes","No","No","5.7 out of 10","27","30","![WAVE Tool Screenshot](https://github.com/VEER-TANMAY-SACHIN/projects/blob/main/orchavate_gtm_workflow/outputs/v1.1_nse_tracker_enriched_clearbit_20260806_193605_attempt1_succesful_reviewnotdone_orchavatecore_digital/Chamunda_Electrical_Limited/screenshots/Chamunda_Electrical_Limited_Homepage_WAVE_Overlay.png)","N/A","Company Secretary & Compliance Officer","Not publicly disclosed","N/A","Managing Director / CEO","Not publicly disclosed"
"150","Auditor 1","Rexpro Enterprises Limited","rexpost.com","Yes","No","No","3.3 out of 10","42","30","![WAVE Tool Screenshot](https://github.com/VEER-TANMAY-SACHIN/projects/blob/main/orchavate_gtm_workflow/outputs/v1.1_nse_tracker_enriched_clearbit_20260806_193605_attempt1_succesful_reviewnotdone_orchavatecore_digital/Rexpro_Enterprises_Limited/screenshots/Rexpro_Enterprises_Limited_Homepage_WAVE_Overlay.png)","N/A","Company Secretary & Compliance Officer","Not publicly disclosed","N/A","Managing Director / CEO","Not publicly disclosed"
"151","Auditor 1","EMA Partners India Limited","ema-partners.com","Yes","No","No","1 out of 10","65","30","![WAVE Tool Screenshot](https://github.com/VEER-TANMAY-SACHIN/projects/blob/main/orchavate_gtm_workflow/outputs/v1.1_nse_tracker_enriched_clearbit_20260806_193605_attempt1_succesful_reviewnotdone_orchavatecore_digital/EMA_Partners_India_Limited/screenshots/EMA_Partners_India_Limited_Homepage_WAVE_Overlay.png)","N/A","Company Secretary & Compliance Officer","Not publicly disclosed","N/A","Managing Director / CEO","Not publicly disclosed"
"152","Auditor 1","Kabra Jewels Limited","Not Found","No","No","No","2.2 out of 10","49","30","![WAVE Tool Screenshot](https://github.com/VEER-TANMAY-SACHIN/projects/blob/main/orchavate_gtm_workflow/outputs/v1.1_nse_tracker_enriched_clearbit_20260806_193605_attempt1_succesful_reviewnotdone_orchavatecore_digital/Kabra_Jewels_Limited/screenshots/Kabra_Jewels_Limited_Homepage_WAVE_Overlay.png)","N/A","Company Secretary & Compliance Officer","Not publicly disclosed","N/A","Managing Director / CEO","Not publicly disclosed"
"153","Auditor 1","Barflex Polyfilms Limited","Not Found","No","No","No","7.3 out of 10","17","30","![WAVE Tool Screenshot](https://github.com/VEER-TANMAY-SACHIN/projects/blob/main/orchavate_gtm_workflow/outputs/v1.1_nse_tracker_enriched_clearbit_20260806_193605_attempt1_succesful_reviewnotdone_orchavatecore_digital/Barflex_Polyfilms_Limited/screenshots/Barflex_Polyfilms_Limited_Homepage_WAVE_Overlay.png)","N/A","Company Secretary & Compliance Officer","Not publicly disclosed","N/A","Managing Director / CEO","Not publicly disclosed"
"154","Auditor 1","Sat Kartar Life Limited","Not Found","No","No","No","7.6 out of 10","15","30","![WAVE Tool Screenshot](https://github.com/VEER-TANMAY-SACHIN/projects/blob/main/orchavate_gtm_workflow/outputs/v1.1_nse_tracker_enriched_clearbit_20260806_193605_attempt1_succesful_reviewnotdone_orchavatecore_digital/Sat_Kartar_Life_Limited/screenshots/Sat_Kartar_Life_Limited_Homepage_WAVE_Overlay.png)","N/A","Company Secretary & Compliance Officer","Not publicly disclosed","N/A","Managing Director / CEO","Not publicly disclosed"
"155","Auditor 1","Delta Autocorp Limited","deltaautocorp.com","Yes","No","No","6 out of 10","25","30","![WAVE Tool Screenshot](https://github.com/VEER-TANMAY-SACHIN/projects/blob/main/orchavate_gtm_workflow/outputs/v1.1_nse_tracker_enriched_clearbit_20260806_193605_attempt1_succesful_reviewnotdone_orchavatecore_digital/Delta_Autocorp_Limited/screenshots/Delta_Autocorp_Limited_Homepage_WAVE_Overlay.png)","N/A","Company Secretary & Compliance Officer","Not publicly disclosed","N/A","Managing Director / CEO","Not publicly disclosed"
"156","Auditor 1","Anya Polytech & Fertilizers Limited","Not Found","No","No","No","1 out of 10","56","30","![WAVE Tool Screenshot](https://github.com/VEER-TANMAY-SACHIN/projects/blob/main/orchavate_gtm_workflow/outputs/v1.1_nse_tracker_enriched_clearbit_20260806_193605_attempt1_succesful_reviewnotdone_orchavatecore_digital/Anya_Polytech___Fertilizers_Limited/screenshots/Anya_Polytech___Fertilizers_Limited_Homepage_WAVE_Overlay.png)","N/A","Company Secretary & Compliance Officer","Not publicly disclosed","N/A","Managing Director / CEO","Not publicly disclosed"
"157","Auditor 1","Newmalayalam Steel Limited","Not Found","No","No","No","1 out of 10","60","30","![WAVE Tool Screenshot](https://github.com/VEER-TANMAY-SACHIN/projects/blob/main/orchavate_gtm_workflow/outputs/v1.1_nse_tracker_enriched_clearbit_20260806_193605_attempt1_succesful_reviewnotdone_orchavatecore_digital/Newmalayalam_Steel_Limited/screenshots/Newmalayalam_Steel_Limited_Homepage_WAVE_Overlay.png)","N/A","Company Secretary & Compliance Officer","Not publicly disclosed","N/A","Managing Director / CEO","Not publicly disclosed"
"158","Auditor 1","Identical Brains Studios Limited","Not Found","No","No","No","1 out of 10","65","30","![WAVE Tool Screenshot](https://github.com/VEER-TANMAY-SACHIN/projects/blob/main/orchavate_gtm_workflow/outputs/v1.1_nse_tracker_enriched_clearbit_20260806_193605_attempt1_succesful_reviewnotdone_orchavatecore_digital/Identical_Brains_Studios_Limited/screenshots/Identical_Brains_Studios_Limited_Homepage_WAVE_Overlay.png)","N/A","Company Secretary & Compliance Officer","Not publicly disclosed","N/A","Managing Director / CEO","Not publicly disclosed"
"159","Auditor 1","Purple United Sales Limited","purpleunited.in","Yes","No","No","5.2 out of 10","30","30","![WAVE Tool Screenshot](https://github.com/VEER-TANMAY-SACHIN/projects/blob/main/orchavate_gtm_workflow/outputs/v1.1_nse_tracker_enriched_clearbit_20260806_193605_attempt1_succesful_reviewnotdone_orchavatecore_digital/Purple_United_Sales_Limited/screenshots/Purple_United_Sales_Limited_Homepage_WAVE_Overlay.png)","N/A","Company Secretary & Compliance Officer","Not publicly disclosed","N/A","Managing Director / CEO","Not publicly disclosed"
"160","Auditor 1","Supreme Facility Management Limited","supremefacility.com","Yes","No","No","3.4 out of 10","41","30","![WAVE Tool Screenshot](https://github.com/VEER-TANMAY-SACHIN/projects/blob/main/orchavate_gtm_workflow/outputs/v1.1_nse_tracker_enriched_clearbit_20260806_193605_attempt1_succesful_reviewnotdone_orchavatecore_digital/Supreme_Facility_Management_Limited/screenshots/Supreme_Facility_Management_Limited_Homepage_WAVE_Overlay.png)","N/A","Company Secretary & Compliance Officer","Not publicly disclosed","N/A","Managing Director / CEO","Not publicly disclosed"
"161","Auditor 1","Dhanlaxmi Crop Science Limited","dhanlaxmiseeds.com","Yes","No","No","4.9 out of 10","32","30","![WAVE Tool Screenshot](https://github.com/VEER-TANMAY-SACHIN/projects/blob/main/orchavate_gtm_workflow/outputs/v1.1_nse_tracker_enriched_clearbit_20260806_193605_attempt1_succesful_reviewnotdone_orchavatecore_digital/Dhanlaxmi_Crop_Science_Limited/screenshots/Dhanlaxmi_Crop_Science_Limited_Homepage_WAVE_Overlay.png)","N/A","Company Secretary & Compliance Officer","Not publicly disclosed","N/A","Managing Director / CEO","Not publicly disclosed"
"162","Auditor 1","Emerald Tyre Manufacturers Limited","Not Found","No","No","No","1.8 out of 10","51","30","![WAVE Tool Screenshot](https://github.com/VEER-TANMAY-SACHIN/projects/blob/main/orchavate_gtm_workflow/outputs/v1.1_nse_tracker_enriched_clearbit_20260806_193605_attempt1_succesful_reviewnotdone_orchavatecore_digital/Emerald_Tyre_Manufacturers_Limited/screenshots/Emerald_Tyre_Manufacturers_Limited_Homepage_WAVE_Overlay.png)","N/A","Company Secretary & Compliance Officer","Not publicly disclosed","N/A","Managing Director / CEO","Not publicly disclosed"
"163","Auditor 1","Ganesh Infraworld Limited","Not Found","No","No","No","7.4 out of 10","16","30","![WAVE Tool Screenshot](https://github.com/VEER-TANMAY-SACHIN/projects/blob/main/orchavate_gtm_workflow/outputs/v1.1_nse_tracker_enriched_clearbit_20260806_193605_attempt1_succesful_reviewnotdone_orchavatecore_digital/Ganesh_Infraworld_Limited/screenshots/Ganesh_Infraworld_Limited_Homepage_WAVE_Overlay.png)","N/A","Company Secretary & Compliance Officer","Not publicly disclosed","N/A","Managing Director / CEO","Not publicly disclosed"
"164","Auditor 1","Agarwal Toughened Glass India Limited","Not Found","No","No","No","6.2 out of 10","24","30","![WAVE Tool Screenshot](https://github.com/VEER-TANMAY-SACHIN/projects/blob/main/orchavate_gtm_workflow/outputs/v1.1_nse_tracker_enriched_clearbit_20260806_193605_attempt1_succesful_reviewnotdone_orchavatecore_digital/Agarwal_Toughened_Glass_India_Limited/screenshots/Agarwal_Toughened_Glass_India_Limited_Homepage_WAVE_Overlay.png)","N/A","Company Secretary & Compliance Officer","Not publicly disclosed","N/A","Managing Director / CEO","Not publicly disclosed"
"165","Auditor 1","Apex Ecotech Limited","apexecotech.com","Yes","No","No","3.3 out of 10","42","30","![WAVE Tool Screenshot](https://github.com/VEER-TANMAY-SACHIN/projects/blob/main/orchavate_gtm_workflow/outputs/v1.1_nse_tracker_enriched_clearbit_20260806_193605_attempt1_succesful_reviewnotdone_orchavatecore_digital/Apex_Ecotech_Limited/screenshots/Apex_Ecotech_Limited_Homepage_WAVE_Overlay.png)","N/A","Company Secretary & Compliance Officer","Not publicly disclosed","N/A","Managing Director / CEO","Not publicly disclosed"
"166","Auditor 1","Abha Power and Steel Limited","Not Found","No","No","No","1 out of 10","59","30","![WAVE Tool Screenshot](https://github.com/VEER-TANMAY-SACHIN/projects/blob/main/orchavate_gtm_workflow/outputs/v1.1_nse_tracker_enriched_clearbit_20260806_193605_attempt1_succesful_reviewnotdone_orchavatecore_digital/Abha_Power_and_Steel_Limited/screenshots/Abha_Power_and_Steel_Limited_Homepage_WAVE_Overlay.png)","N/A","Company Secretary & Compliance Officer","Not publicly disclosed","N/A","Managing Director / CEO","Not publicly disclosed"
"167","Auditor 1","Rajputana Biodiesel Limited","Not Found","No","No","No","1.8 out of 10","51","30","![WAVE Tool Screenshot](https://github.com/VEER-TANMAY-SACHIN/projects/blob/main/orchavate_gtm_workflow/outputs/v1.1_nse_tracker_enriched_clearbit_20260806_193605_attempt1_succesful_reviewnotdone_orchavatecore_digital/Rajputana_Biodiesel_Limited/screenshots/Rajputana_Biodiesel_Limited_Homepage_WAVE_Overlay.png)","N/A","Company Secretary & Compliance Officer","Not publicly disclosed","N/A","Managing Director / CEO","Not publicly disclosed"
"168","Auditor 1","C2C Advanced Systems Limited","Not Found","No","No","No","1 out of 10","56","30","![WAVE Tool Screenshot](https://github.com/VEER-TANMAY-SACHIN/projects/blob/main/orchavate_gtm_workflow/outputs/v1.1_nse_tracker_enriched_clearbit_20260806_193605_attempt1_succesful_reviewnotdone_orchavatecore_digital/C2C_Advanced_Systems_Limited/screenshots/C2C_Advanced_Systems_Limited_Homepage_WAVE_Overlay.png)","N/A","Company Secretary & Compliance Officer","Not publicly disclosed","N/A","Managing Director / CEO","Not publicly disclosed"
"169","Auditor 1","Innovative Tyres & Tubes Limited","innovativetyres.com","Yes","No","No","4.2 out of 10","36","30","![WAVE Tool Screenshot](https://github.com/VEER-TANMAY-SACHIN/projects/blob/main/orchavate_gtm_workflow/outputs/v1.1_nse_tracker_enriched_clearbit_20260806_193605_attempt1_succesful_reviewnotdone_orchavatecore_digital/Innovative_Tyres___Tubes_Limited/screenshots/Innovative_Tyres___Tubes_Limited_Homepage_WAVE_Overlay.png)","N/A","Company Secretary & Compliance Officer","Not publicly disclosed","N/A","Managing Director / CEO","Not publicly disclosed"
"170","Auditor 1","Lamosaic India Limited","lamosaic.ca","Yes","No","No","1 out of 10","64","30","![WAVE Tool Screenshot](https://github.com/VEER-TANMAY-SACHIN/projects/blob/main/orchavate_gtm_workflow/outputs/v1.1_nse_tracker_enriched_clearbit_20260806_193605_attempt1_succesful_reviewnotdone_orchavatecore_digital/Lamosaic_India_Limited/screenshots/Lamosaic_India_Limited_Homepage_WAVE_Overlay.png)","N/A","Company Secretary & Compliance Officer","Not publicly disclosed","N/A","Managing Director / CEO","Not publicly disclosed"
"171","Auditor 1","Onyx Biotec Limited","onyxbiotec.com","Yes","No","No","1 out of 10","68","30","![WAVE Tool Screenshot](https://github.com/VEER-TANMAY-SACHIN/projects/blob/main/orchavate_gtm_workflow/outputs/v1.1_nse_tracker_enriched_clearbit_20260806_193605_attempt1_succesful_reviewnotdone_orchavatecore_digital/Onyx_Biotec_Limited/screenshots/Onyx_Biotec_Limited_Homepage_WAVE_Overlay.png)","N/A","Company Secretary & Compliance Officer","Not publicly disclosed","N/A","Managing Director / CEO","Not publicly disclosed"
"172","Auditor 1","Neelam Linens and Garments (India) Limited","Not Found","No","No","No","1.5 out of 10","53","30","![WAVE Tool Screenshot](https://github.com/VEER-TANMAY-SACHIN/projects/blob/main/orchavate_gtm_workflow/outputs/v1.1_nse_tracker_enriched_clearbit_20260806_193605_attempt1_succesful_reviewnotdone_orchavatecore_digital/Neelam_Linens_and_Garments__India__Limited/screenshots/Neelam_Linens_and_Garments__India__Limited_Homepage_WAVE_Overlay.png)","N/A","Company Secretary & Compliance Officer","Not publicly disclosed","N/A","Managing Director / CEO","Not publicly disclosed"
"173","Auditor 1","Usha Financial Services Limited","Not Found","No","No","No","4.4 out of 10","35","30","![WAVE Tool Screenshot](https://github.com/VEER-TANMAY-SACHIN/projects/blob/main/orchavate_gtm_workflow/outputs/v1.1_nse_tracker_enriched_clearbit_20260806_193605_attempt1_succesful_reviewnotdone_orchavatecore_digital/Usha_Financial_Services_Limited/screenshots/Usha_Financial_Services_Limited_Homepage_WAVE_Overlay.png)","N/A","Company Secretary & Compliance Officer","Not publicly disclosed","N/A","Managing Director / CEO","Not publicly disclosed"
"174","Auditor 1","United Heat Transfer Limited","unitedheat.net","Yes","No","No","7.3 out of 10","17","30","![WAVE Tool Screenshot](https://github.com/VEER-TANMAY-SACHIN/projects/blob/main/orchavate_gtm_workflow/outputs/v1.1_nse_tracker_enriched_clearbit_20260806_193605_attempt1_succesful_reviewnotdone_orchavatecore_digital/United_Heat_Transfer_Limited/screenshots/United_Heat_Transfer_Limited_Homepage_WAVE_Overlay.png)","N/A","Company Secretary & Compliance Officer","Not publicly disclosed","N/A","Managing Director / CEO","Not publicly disclosed"
"175","Auditor 1","Danish Power Limited","daposy.com","Yes","No","No","6.2 out of 10","24","30","![WAVE Tool Screenshot](https://github.com/VEER-TANMAY-SACHIN/projects/blob/main/orchavate_gtm_workflow/outputs/v1.1_nse_tracker_enriched_clearbit_20260806_193605_attempt1_succesful_reviewnotdone_orchavatecore_digital/Danish_Power_Limited/screenshots/Danish_Power_Limited_Homepage_WAVE_Overlay.png)","N/A","Company Secretary & Compliance Officer","Not publicly disclosed","N/A","Managing Director / CEO","Not publicly disclosed"
"176","Auditor 1","OBSC Perfection Limited","Not Found","No","No","No","4.6 out of 10","34","30","![WAVE Tool Screenshot](https://github.com/VEER-TANMAY-SACHIN/projects/blob/main/orchavate_gtm_workflow/outputs/v1.1_nse_tracker_enriched_clearbit_20260806_193605_attempt1_succesful_reviewnotdone_orchavatecore_digital/OBSC_Perfection_Limited/screenshots/OBSC_Perfection_Limited_Homepage_WAVE_Overlay.png)","N/A","Company Secretary & Compliance Officer","Not publicly disclosed","N/A","Managing Director / CEO","Not publicly disclosed"
"177","Auditor 1","Premium Plast Limited","premiumplastic.hu","Yes","No","No","1 out of 10","66","30","![WAVE Tool Screenshot](https://github.com/VEER-TANMAY-SACHIN/projects/blob/main/orchavate_gtm_workflow/outputs/v1.1_nse_tracker_enriched_clearbit_20260806_193605_attempt1_succesful_reviewnotdone_orchavatecore_digital/Premium_Plast_Limited/screenshots/Premium_Plast_Limited_Homepage_WAVE_Overlay.png)","N/A","Company Secretary & Compliance Officer","Not publicly disclosed","N/A","Managing Director / CEO","Not publicly disclosed"
"178","Auditor 1","Freshara Agro Exports Limited","fresharaagroexports.com","Yes","No","No","7 out of 10","19","30","![WAVE Tool Screenshot](https://github.com/VEER-TANMAY-SACHIN/projects/blob/main/orchavate_gtm_workflow/outputs/v1.1_nse_tracker_enriched_clearbit_20260806_193605_attempt1_succesful_reviewnotdone_orchavatecore_digital/Freshara_Agro_Exports_Limited/screenshots/Freshara_Agro_Exports_Limited_Homepage_WAVE_Overlay.png)","N/A","Company Secretary & Compliance Officer","Not publicly disclosed","N/A","Managing Director / CEO","Not publicly disclosed"
"179","Auditor 1","Lakshya Powertech Limited","lakshyapowertech.com","Yes","No","No","4.1 out of 10","37","30","![WAVE Tool Screenshot](https://github.com/VEER-TANMAY-SACHIN/projects/blob/main/orchavate_gtm_workflow/outputs/v1.1_nse_tracker_enriched_clearbit_20260806_193605_attempt1_succesful_reviewnotdone_orchavatecore_digital/Lakshya_Powertech_Limited/screenshots/Lakshya_Powertech_Limited_Homepage_WAVE_Overlay.png)","N/A","Company Secretary & Compliance Officer","Not publicly disclosed","N/A","Managing Director / CEO","Not publicly disclosed"
"180","Auditor 1","Pranik Logistics Limited","praniklogistics.com","Yes","No","No","1 out of 10","58","30","![WAVE Tool Screenshot](https://github.com/VEER-TANMAY-SACHIN/projects/blob/main/orchavate_gtm_workflow/outputs/v1.1_nse_tracker_enriched_clearbit_20260806_193605_attempt1_succesful_reviewnotdone_orchavatecore_digital/Pranik_Logistics_Limited/screenshots/Pranik_Logistics_Limited_Homepage_WAVE_Overlay.png)","N/A","Company Secretary & Compliance Officer","Not publicly disclosed","N/A","Managing Director / CEO","Not publicly disclosed"
"181","Auditor 1","Paramount Dye Tec Limited","Not Found","No","No","No","3.3 out of 10","42","30","![WAVE Tool Screenshot](https://github.com/VEER-TANMAY-SACHIN/projects/blob/main/orchavate_gtm_workflow/outputs/v1.1_nse_tracker_enriched_clearbit_20260806_193605_attempt1_succesful_reviewnotdone_orchavatecore_digital/Paramount_Dye_Tec_Limited/screenshots/Paramount_Dye_Tec_Limited_Homepage_WAVE_Overlay.png)","N/A","Company Secretary & Compliance Officer","Not publicly disclosed","N/A","Managing Director / CEO","Not publicly disclosed"
"182","Auditor 1","Saj Hotels Limited","sajhotels.com","Yes","No","No","3 out of 10","44","30","![WAVE Tool Screenshot](https://github.com/VEER-TANMAY-SACHIN/projects/blob/main/orchavate_gtm_workflow/outputs/v1.1_nse_tracker_enriched_clearbit_20260806_193605_attempt1_succesful_reviewnotdone_orchavatecore_digital/Saj_Hotels_Limited/screenshots/Saj_Hotels_Limited_Homepage_WAVE_Overlay.png)","N/A","Company Secretary & Compliance Officer","Not publicly disclosed","N/A","Managing Director / CEO","Not publicly disclosed"
"183","Auditor 1","HVAX Technologies Limited","hvax.in","Yes","No","No","7.1 out of 10","18","30","![WAVE Tool Screenshot](https://github.com/VEER-TANMAY-SACHIN/projects/blob/main/orchavate_gtm_workflow/outputs/v1.1_nse_tracker_enriched_clearbit_20260806_193605_attempt1_succesful_reviewnotdone_orchavatecore_digital/HVAX_Technologies_Limited/screenshots/HVAX_Technologies_Limited_Homepage_WAVE_Overlay.png)","N/A","Company Secretary & Compliance Officer","Not publicly disclosed","N/A","Managing Director / CEO","Not publicly disclosed"
"184","Auditor 1","Divyadhan Recycling Industries Limited","Not Found","No","No","No","2.6 out of 10","46","30","![WAVE Tool Screenshot](https://github.com/VEER-TANMAY-SACHIN/projects/blob/main/orchavate_gtm_workflow/outputs/v1.1_nse_tracker_enriched_clearbit_20260806_193605_attempt1_succesful_reviewnotdone_orchavatecore_digital/Divyadhan_Recycling_Industries_Limited/screenshots/Divyadhan_Recycling_Industries_Limited_Homepage_WAVE_Overlay.png)","N/A","Company Secretary & Compliance Officer","Not publicly disclosed","N/A","Managing Director / CEO","Not publicly disclosed"
"185","Auditor 1","Forge Auto International Limited","Not Found","No","No","No","1 out of 10","63","30","![WAVE Tool Screenshot](https://github.com/VEER-TANMAY-SACHIN/projects/blob/main/orchavate_gtm_workflow/outputs/v1.1_nse_tracker_enriched_clearbit_20260806_193605_attempt1_succesful_reviewnotdone_orchavatecore_digital/Forge_Auto_International_Limited/screenshots/Forge_Auto_International_Limited_Homepage_WAVE_Overlay.png)","N/A","Company Secretary & Compliance Officer","Not publicly disclosed","N/A","Managing Director / CEO","Not publicly disclosed"
"186","Auditor 1","Sahasra Electronic Solutions Limited","Not Found","No","No","No","1.7 out of 10","52","30","![WAVE Tool Screenshot](https://github.com/VEER-TANMAY-SACHIN/projects/blob/main/orchavate_gtm_workflow/outputs/v1.1_nse_tracker_enriched_clearbit_20260806_193605_attempt1_succesful_reviewnotdone_orchavatecore_digital/Sahasra_Electronic_Solutions_Limited/screenshots/Sahasra_Electronic_Solutions_Limited_Homepage_WAVE_Overlay.png)","N/A","Company Secretary & Compliance Officer","Not publicly disclosed","N/A","Managing Director / CEO","Not publicly disclosed"
"187","Auditor 1","TechEra Engineering (India) Limited","Not Found","No","No","No","3.3 out of 10","42","30","![WAVE Tool Screenshot](https://github.com/VEER-TANMAY-SACHIN/projects/blob/main/orchavate_gtm_workflow/outputs/v1.1_nse_tracker_enriched_clearbit_20260806_193605_attempt1_succesful_reviewnotdone_orchavatecore_digital/TechEra_Engineering__India__Limited/screenshots/TechEra_Engineering__India__Limited_Homepage_WAVE_Overlay.png)","N/A","Company Secretary & Compliance Officer","Not publicly disclosed","N/A","Managing Director / CEO","Not publicly disclosed"
"188","Auditor 1","Unilex Colours and Chemicals Limited","Not Found","No","No","No","3.1 out of 10","43","30","![WAVE Tool Screenshot](https://github.com/VEER-TANMAY-SACHIN/projects/blob/main/orchavate_gtm_workflow/outputs/v1.1_nse_tracker_enriched_clearbit_20260806_193605_attempt1_succesful_reviewnotdone_orchavatecore_digital/Unilex_Colours_and_Chemicals_Limited/screenshots/Unilex_Colours_and_Chemicals_Limited_Homepage_WAVE_Overlay.png)","N/A","Company Secretary & Compliance Officer","Not publicly disclosed","N/A","Managing Director / CEO","Not publicly disclosed"
"189","Auditor 1","Thinking Hats Entertainment Solutions Limited","thes.in","Yes","No","No","1 out of 10","57","30","![WAVE Tool Screenshot](https://github.com/VEER-TANMAY-SACHIN/projects/blob/main/orchavate_gtm_workflow/outputs/v1.1_nse_tracker_enriched_clearbit_20260806_193605_attempt1_succesful_reviewnotdone_orchavatecore_digital/Thinking_Hats_Entertainment_Solutions_Limited/screenshots/Thinking_Hats_Entertainment_Solutions_Limited_Homepage_WAVE_Overlay.png)","N/A","Company Secretary & Compliance Officer","Not publicly disclosed","N/A","Managing Director / CEO","Not publicly disclosed"
"190","Auditor 1","Wol 3D India Limited","woldcnews.com","Yes","No","No","1 out of 10","67","30","![WAVE Tool Screenshot](https://github.com/VEER-TANMAY-SACHIN/projects/blob/main/orchavate_gtm_workflow/outputs/v1.1_nse_tracker_enriched_clearbit_20260806_193605_attempt1_succesful_reviewnotdone_orchavatecore_digital/Wol_3D_India_Limited/screenshots/Wol_3D_India_Limited_Homepage_WAVE_Overlay.png)","N/A","Company Secretary & Compliance Officer","Not publicly disclosed","N/A","Managing Director / CEO","Not publicly disclosed"
"191","Auditor 1","Rappid Valves (India) Limited","Not Found","No","No","No","3.4 out of 10","41","30","![WAVE Tool Screenshot](https://github.com/VEER-TANMAY-SACHIN/projects/blob/main/orchavate_gtm_workflow/outputs/v1.1_nse_tracker_enriched_clearbit_20260806_193605_attempt1_succesful_reviewnotdone_orchavatecore_digital/Rappid_Valves__India__Limited/screenshots/Rappid_Valves__India__Limited_Homepage_WAVE_Overlay.png)","N/A","Company Secretary & Compliance Officer","Not publicly disclosed","N/A","Managing Director / CEO","Not publicly disclosed"
"192","Auditor 1","Avi Ansh Textile Limited","Not Found","No","No","No","3 out of 10","44","30","![WAVE Tool Screenshot](https://github.com/VEER-TANMAY-SACHIN/projects/blob/main/orchavate_gtm_workflow/outputs/v1.1_nse_tracker_enriched_clearbit_20260806_193605_attempt1_succesful_reviewnotdone_orchavatecore_digital/Avi_Ansh_Textile_Limited/screenshots/Avi_Ansh_Textile_Limited_Homepage_WAVE_Overlay.png)","N/A","Company Secretary & Compliance Officer","Not publicly disclosed","N/A","Managing Director / CEO","Not publicly disclosed"
"193","Auditor 1","Bikewo Green Tech Limited","Not Found","No","No","No","1 out of 10","66","30","![WAVE Tool Screenshot](https://github.com/VEER-TANMAY-SACHIN/projects/blob/main/orchavate_gtm_workflow/outputs/v1.1_nse_tracker_enriched_clearbit_20260806_193605_attempt1_succesful_reviewnotdone_orchavatecore_digital/Bikewo_Green_Tech_Limited/screenshots/Bikewo_Green_Tech_Limited_Homepage_WAVE_Overlay.png)","N/A","Company Secretary & Compliance Officer","Not publicly disclosed","N/A","Managing Director / CEO","Not publicly disclosed"
"194","Auditor 1","Phoenix Overseas Limited","bagsindia.com","Yes","No","No","5.8 out of 10","26","30","![WAVE Tool Screenshot](https://github.com/VEER-TANMAY-SACHIN/projects/blob/main/orchavate_gtm_workflow/outputs/v1.1_nse_tracker_enriched_clearbit_20260806_193605_attempt1_succesful_reviewnotdone_orchavatecore_digital/Phoenix_Overseas_Limited/screenshots/Phoenix_Overseas_Limited_Homepage_WAVE_Overlay.png)","N/A","Company Secretary & Compliance Officer","Not publicly disclosed","N/A","Managing Director / CEO","Not publicly disclosed"
"195","Auditor 1","S D Retail Limited","sdretailers.com","Yes","No","No","3.3 out of 10","42","30","![WAVE Tool Screenshot](https://github.com/VEER-TANMAY-SACHIN/projects/blob/main/orchavate_gtm_workflow/outputs/v1.1_nse_tracker_enriched_clearbit_20260806_193605_attempt1_succesful_reviewnotdone_orchavatecore_digital/S_D_Retail_Limited/screenshots/S_D_Retail_Limited_Homepage_WAVE_Overlay.png)","N/A","Company Secretary & Compliance Officer","Not publicly disclosed","N/A","Managing Director / CEO","Not publicly disclosed"
"196","Auditor 1","Kalana Ispat Limited","Not Found","No","No","No","2.5 out of 10","47","30","![WAVE Tool Screenshot](https://github.com/VEER-TANMAY-SACHIN/projects/blob/main/orchavate_gtm_workflow/outputs/v1.1_nse_tracker_enriched_clearbit_20260806_193605_attempt1_succesful_reviewnotdone_orchavatecore_digital/Kalana_Ispat_Limited/screenshots/Kalana_Ispat_Limited_Homepage_WAVE_Overlay.png)","N/A","Company Secretary & Compliance Officer","Not publicly disclosed","N/A","Managing Director / CEO","Not publicly disclosed"
"197","Auditor 1","Paramount Speciality Forgings Limited","Not Found","No","No","No","1 out of 10","66","30","![WAVE Tool Screenshot](https://github.com/VEER-TANMAY-SACHIN/projects/blob/main/orchavate_gtm_workflow/outputs/v1.1_nse_tracker_enriched_clearbit_20260806_193605_attempt1_succesful_reviewnotdone_orchavatecore_digital/Paramount_Speciality_Forgings_Limited/screenshots/Paramount_Speciality_Forgings_Limited_Homepage_WAVE_Overlay.png)","N/A","Company Secretary & Compliance Officer","Not publicly disclosed","N/A","Managing Director / CEO","Not publicly disclosed"
"198","Auditor 1","Pelatro Limited","pelatro.com","Yes","No","No","1 out of 10","65","30","![WAVE Tool Screenshot](https://github.com/VEER-TANMAY-SACHIN/projects/blob/main/orchavate_gtm_workflow/outputs/v1.1_nse_tracker_enriched_clearbit_20260806_193605_attempt1_succesful_reviewnotdone_orchavatecore_digital/Pelatro_Limited/screenshots/Pelatro_Limited_Homepage_WAVE_Overlay.png)","N/A","Company Secretary & Compliance Officer","Not publicly disclosed","N/A","Managing Director / CEO","Not publicly disclosed"
"199","Auditor 1","Osel Devices Limited","Not Found","No","No","No","2 out of 10","50","30","![WAVE Tool Screenshot](https://github.com/VEER-TANMAY-SACHIN/projects/blob/main/orchavate_gtm_workflow/outputs/v1.1_nse_tracker_enriched_clearbit_20260806_193605_attempt1_succesful_reviewnotdone_orchavatecore_digital/Osel_Devices_Limited/screenshots/Osel_Devices_Limited_Homepage_WAVE_Overlay.png)","N/A","Company Secretary & Compliance Officer","Not publicly disclosed","N/A","Managing Director / CEO","Not publicly disclosed"
"200","Auditor 1","Deccan Transcon Leasing Limited","Not Found","No","No","No","6.3 out of 10","23","30","![WAVE Tool Screenshot](https://github.com/VEER-TANMAY-SACHIN/projects/blob/main/orchavate_gtm_workflow/outputs/v1.1_nse_tracker_enriched_clearbit_20260806_193605_attempt1_succesful_reviewnotdone_orchavatecore_digital/Deccan_Transcon_Leasing_Limited/screenshots/Deccan_Transcon_Leasing_Limited_Homepage_WAVE_Overlay.png)","N/A","Company Secretary & Compliance Officer","Not publicly disclosed","N/A","Managing Director / CEO","Not publicly disclosed"
"201","Auditor 1","Envirotech Systems Limited","envirotechacoustics.com","Yes","No","No","7.3 out of 10","17","30","![WAVE Tool Screenshot](https://github.com/VEER-TANMAY-SACHIN/projects/blob/main/orchavate_gtm_workflow/outputs/v1.1_nse_tracker_enriched_clearbit_20260806_193605_attempt1_succesful_reviewnotdone_orchavatecore_digital/Envirotech_Systems_Limited/screenshots/Envirotech_Systems_Limited_Homepage_WAVE_Overlay.png)","N/A","Company Secretary & Compliance Officer","Not publicly disclosed","N/A","Managing Director / CEO","Not publicly disclosed"
"202","Auditor 1","Excellent Wires and Packaging Limited","excellentwiresandpackaging.com","Yes","No","No","2.6 out of 10","46","30","![WAVE Tool Screenshot](https://github.com/VEER-TANMAY-SACHIN/projects/blob/main/orchavate_gtm_workflow/outputs/v1.1_nse_tracker_enriched_clearbit_20260806_193605_attempt1_succesful_reviewnotdone_orchavatecore_digital/Excellent_Wires_and_Packaging_Limited/screenshots/Excellent_Wires_and_Packaging_Limited_Homepage_WAVE_Overlay.png)","N/A","Company Secretary & Compliance Officer","Not publicly disclosed","N/A","Managing Director / CEO","Not publicly disclosed"
"203","Auditor 1","Innomet Advanced Materials Limited","Not Found","No","No","No","7.3 out of 10","17","30","![WAVE Tool Screenshot](https://github.com/VEER-TANMAY-SACHIN/projects/blob/main/orchavate_gtm_workflow/outputs/v1.1_nse_tracker_enriched_clearbit_20260806_193605_attempt1_succesful_reviewnotdone_orchavatecore_digital/Innomet_Advanced_Materials_Limited/screenshots/Innomet_Advanced_Materials_Limited_Homepage_WAVE_Overlay.png)","N/A","Company Secretary & Compliance Officer","Not publicly disclosed","N/A","Managing Director / CEO","Not publicly disclosed"
"204","Auditor 1","SPP Polymer Limited","Not Found","No","No","No","1 out of 10","62","30","![WAVE Tool Screenshot](https://github.com/VEER-TANMAY-SACHIN/projects/blob/main/orchavate_gtm_workflow/outputs/v1.1_nse_tracker_enriched_clearbit_20260806_193605_attempt1_succesful_reviewnotdone_orchavatecore_digital/SPP_Polymer_Limited/screenshots/SPP_Polymer_Limited_Homepage_WAVE_Overlay.png)","N/A","Company Secretary & Compliance Officer","Not publicly disclosed","N/A","Managing Director / CEO","Not publicly disclosed"
"205","Auditor 1","Shubhshree Biofuels Energy Limited","Not Found","No","No","No","5.8 out of 10","26","30","![WAVE Tool Screenshot](https://github.com/VEER-TANMAY-SACHIN/projects/blob/main/orchavate_gtm_workflow/outputs/v1.1_nse_tracker_enriched_clearbit_20260806_193605_attempt1_succesful_reviewnotdone_orchavatecore_digital/Shubhshree_Biofuels_Energy_Limited/screenshots/Shubhshree_Biofuels_Energy_Limited_Homepage_WAVE_Overlay.png)","N/A","Company Secretary & Compliance Officer","Not publicly disclosed","N/A","Managing Director / CEO","Not publicly disclosed"
"206","Auditor 1","Aditya Ultra Steel Limited","adityaultrasteel.com","Yes","No","No","1 out of 10","60","30","![WAVE Tool Screenshot](https://github.com/VEER-TANMAY-SACHIN/projects/blob/main/orchavate_gtm_workflow/outputs/v1.1_nse_tracker_enriched_clearbit_20260806_193605_attempt1_succesful_reviewnotdone_orchavatecore_digital/Aditya_Ultra_Steel_Limited/screenshots/Aditya_Ultra_Steel_Limited_Homepage_WAVE_Overlay.png)","N/A","Company Secretary & Compliance Officer","Not publicly disclosed","N/A","Managing Director / CEO","Not publicly disclosed"
"207","Auditor 1","Gajanand International Limited","Not Found","No","No","No","1 out of 10","61","30","![WAVE Tool Screenshot](https://github.com/VEER-TANMAY-SACHIN/projects/blob/main/orchavate_gtm_workflow/outputs/v1.1_nse_tracker_enriched_clearbit_20260806_193605_attempt1_succesful_reviewnotdone_orchavatecore_digital/Gajanand_International_Limited/screenshots/Gajanand_International_Limited_Homepage_WAVE_Overlay.png)","N/A","Company Secretary & Compliance Officer","Not publicly disclosed","N/A","Managing Director / CEO","Not publicly disclosed"
"208","Auditor 1","Vision Infra Equipment Solutions Limited","Not Found","No","No","No","4.4 out of 10","35","30","![WAVE Tool Screenshot](https://github.com/VEER-TANMAY-SACHIN/projects/blob/main/orchavate_gtm_workflow/outputs/v1.1_nse_tracker_enriched_clearbit_20260806_193605_attempt1_succesful_reviewnotdone_orchavatecore_digital/Vision_Infra_Equipment_Solutions_Limited/screenshots/Vision_Infra_Equipment_Solutions_Limited_Homepage_WAVE_Overlay.png)","N/A","Company Secretary & Compliance Officer","Not publicly disclosed","N/A","Managing Director / CEO","Not publicly disclosed"
"209","Auditor 1","My Mudra Fincorp Limited","Not Found","No","No","No","1 out of 10","66","30","![WAVE Tool Screenshot](https://github.com/VEER-TANMAY-SACHIN/projects/blob/main/orchavate_gtm_workflow/outputs/v1.1_nse_tracker_enriched_clearbit_20260806_193605_attempt1_succesful_reviewnotdone_orchavatecore_digital/My_Mudra_Fincorp_Limited/screenshots/My_Mudra_Fincorp_Limited_Homepage_WAVE_Overlay.png)","N/A","Company Secretary & Compliance Officer","Not publicly disclosed","N/A","Managing Director / CEO","Not publicly disclosed"
"210","Auditor 1","Namo eWaste Management Limited","Not Found","No","No","No","1 out of 10","60","30","![WAVE Tool Screenshot](https://github.com/VEER-TANMAY-SACHIN/projects/blob/main/orchavate_gtm_workflow/outputs/v1.1_nse_tracker_enriched_clearbit_20260806_193605_attempt1_succesful_reviewnotdone_orchavatecore_digital/Namo_eWaste_Management_Limited/screenshots/Namo_eWaste_Management_Limited_Homepage_WAVE_Overlay.png)","N/A","Company Secretary & Compliance Officer","Not publicly disclosed","N/A","Managing Director / CEO","Not publicly disclosed"
"211","Auditor 1","Jeyyam Global Foods Limited","jeyyamfoods.com","Yes","No","No","1 out of 10","65","30","![WAVE Tool Screenshot](https://github.com/VEER-TANMAY-SACHIN/projects/blob/main/orchavate_gtm_workflow/outputs/v1.1_nse_tracker_enriched_clearbit_20260806_193605_attempt1_succesful_reviewnotdone_orchavatecore_digital/Jeyyam_Global_Foods_Limited/screenshots/Jeyyam_Global_Foods_Limited_Homepage_WAVE_Overlay.png)","N/A","Company Secretary & Compliance Officer","Not publicly disclosed","N/A","Managing Director / CEO","Not publicly disclosed"
"212","Auditor 1","Boss Packaging Solutions Limited","bosspackaging.in","Yes","No","No","6.6 out of 10","21","30","![WAVE Tool Screenshot](https://github.com/VEER-TANMAY-SACHIN/projects/blob/main/orchavate_gtm_workflow/outputs/v1.1_nse_tracker_enriched_clearbit_20260806_193605_attempt1_succesful_reviewnotdone_orchavatecore_digital/Boss_Packaging_Solutions_Limited/screenshots/Boss_Packaging_Solutions_Limited_Homepage_WAVE_Overlay.png)","N/A","Company Secretary & Compliance Officer","Not publicly disclosed","N/A","Managing Director / CEO","Not publicly disclosed"
"213","Auditor 1","Paramatrix Technologies Limited","paramatrix.com","Yes","No","No","3.4 out of 10","41","30","![WAVE Tool Screenshot](https://github.com/VEER-TANMAY-SACHIN/projects/blob/main/orchavate_gtm_workflow/outputs/v1.1_nse_tracker_enriched_clearbit_20260806_193605_attempt1_succesful_reviewnotdone_orchavatecore_digital/Paramatrix_Technologies_Limited/screenshots/Paramatrix_Technologies_Limited_Homepage_WAVE_Overlay.png)","N/A","Company Secretary & Compliance Officer","Not publicly disclosed","N/A","Managing Director / CEO","Not publicly disclosed"
"214","Auditor 1","Aeron Composite Limited","aeroncomposite.com","Yes","No","No","1 out of 10","63","30","![WAVE Tool Screenshot](https://github.com/VEER-TANMAY-SACHIN/projects/blob/main/orchavate_gtm_workflow/outputs/v1.1_nse_tracker_enriched_clearbit_20260806_193605_attempt1_succesful_reviewnotdone_orchavatecore_digital/Aeron_Composite_Limited/screenshots/Aeron_Composite_Limited_Homepage_WAVE_Overlay.png)","N/A","Company Secretary & Compliance Officer","Not publicly disclosed","N/A","Managing Director / CEO","Not publicly disclosed"
"215","Auditor 1","Indian Phosphate Limited","Not Found","No","No","No","7.6 out of 10","15","30","![WAVE Tool Screenshot](https://github.com/VEER-TANMAY-SACHIN/projects/blob/main/orchavate_gtm_workflow/outputs/v1.1_nse_tracker_enriched_clearbit_20260806_193605_attempt1_succesful_reviewnotdone_orchavatecore_digital/Indian_Phosphate_Limited/screenshots/Indian_Phosphate_Limited_Homepage_WAVE_Overlay.png)","N/A","Company Secretary & Compliance Officer","Not publicly disclosed","N/A","Managing Director / CEO","Not publicly disclosed"
"216","Auditor 1","Jay Bee Laminations Limited","jaybeelaminations.co.in","Yes","No","No","3.1 out of 10","43","30","![WAVE Tool Screenshot](https://github.com/VEER-TANMAY-SACHIN/projects/blob/main/orchavate_gtm_workflow/outputs/v1.1_nse_tracker_enriched_clearbit_20260806_193605_attempt1_succesful_reviewnotdone_orchavatecore_digital/Jay_Bee_Laminations_Limited/screenshots/Jay_Bee_Laminations_Limited_Homepage_WAVE_Overlay.png)","N/A","Company Secretary & Compliance Officer","Not publicly disclosed","N/A","Managing Director / CEO","Not publicly disclosed"
"217","Auditor 1","Vdeal System Limited","vdealsystem.com","Yes","No","No","5.7 out of 10","27","30","![WAVE Tool Screenshot](https://github.com/VEER-TANMAY-SACHIN/projects/blob/main/orchavate_gtm_workflow/outputs/v1.1_nse_tracker_enriched_clearbit_20260806_193605_attempt1_succesful_reviewnotdone_orchavatecore_digital/Vdeal_System_Limited/screenshots/Vdeal_System_Limited_Homepage_WAVE_Overlay.png)","N/A","Company Secretary & Compliance Officer","Not publicly disclosed","N/A","Managing Director / CEO","Not publicly disclosed"
"218","Auditor 1","QVC Exports Limited","Not Found","No","No","No","6.6 out of 10","21","30","![WAVE Tool Screenshot](https://github.com/VEER-TANMAY-SACHIN/projects/blob/main/orchavate_gtm_workflow/outputs/v1.1_nse_tracker_enriched_clearbit_20260806_193605_attempt1_succesful_reviewnotdone_orchavatecore_digital/QVC_Exports_Limited/screenshots/QVC_Exports_Limited_Homepage_WAVE_Overlay.png)","N/A","Company Secretary & Compliance Officer","Not publicly disclosed","N/A","Managing Director / CEO","Not publicly disclosed"
"219","Auditor 1","Ideal Technoplast Industries Limited","Not Found","No","No","No","7 out of 10","19","30","![WAVE Tool Screenshot](https://github.com/VEER-TANMAY-SACHIN/projects/blob/main/orchavate_gtm_workflow/outputs/v1.1_nse_tracker_enriched_clearbit_20260806_193605_attempt1_succesful_reviewnotdone_orchavatecore_digital/Ideal_Technoplast_Industries_Limited/screenshots/Ideal_Technoplast_Industries_Limited_Homepage_WAVE_Overlay.png)","N/A","Company Secretary & Compliance Officer","Not publicly disclosed","N/A","Managing Director / CEO","Not publicly disclosed"
"220","Auditor 1","Forcas Studio Limited","Not Found","No","No","No","7.1 out of 10","18","30","![WAVE Tool Screenshot](https://github.com/VEER-TANMAY-SACHIN/projects/blob/main/orchavate_gtm_workflow/outputs/v1.1_nse_tracker_enriched_clearbit_20260806_193605_attempt1_succesful_reviewnotdone_orchavatecore_digital/Forcas_Studio_Limited/screenshots/Forcas_Studio_Limited_Homepage_WAVE_Overlay.png)","N/A","Company Secretary & Compliance Officer","Not publicly disclosed","N/A","Managing Director / CEO","Not publicly disclosed"
"221","Auditor 1","Brace Port Logistics Limited","braceport-logistics.com","Yes","No","No","1.2 out of 10","55","30","![WAVE Tool Screenshot](https://github.com/VEER-TANMAY-SACHIN/projects/blob/main/orchavate_gtm_workflow/outputs/v1.1_nse_tracker_enriched_clearbit_20260806_193605_attempt1_succesful_reviewnotdone_orchavatecore_digital/Brace_Port_Logistics_Limited/screenshots/Brace_Port_Logistics_Limited_Homepage_WAVE_Overlay.png)","N/A","Company Secretary & Compliance Officer","Not publicly disclosed","N/A","Managing Director / CEO","Not publicly disclosed"
"222","Auditor 1","Solve Plastic Products Limited","Not Found","No","No","No","6 out of 10","25","30","![WAVE Tool Screenshot](https://github.com/VEER-TANMAY-SACHIN/projects/blob/main/orchavate_gtm_workflow/outputs/v1.1_nse_tracker_enriched_clearbit_20260806_193605_attempt1_succesful_reviewnotdone_orchavatecore_digital/Solve_Plastic_Products_Limited/screenshots/Solve_Plastic_Products_Limited_Homepage_WAVE_Overlay.png)","N/A","Company Secretary & Compliance Officer","Not publicly disclosed","N/A","Managing Director / CEO","Not publicly disclosed"
"223","Auditor 1","Positron Energy Limited","positron-india.com","Yes","No","No","1 out of 10","65","30","![WAVE Tool Screenshot](https://github.com/VEER-TANMAY-SACHIN/projects/blob/main/orchavate_gtm_workflow/outputs/v1.1_nse_tracker_enriched_clearbit_20260806_193605_attempt1_succesful_reviewnotdone_orchavatecore_digital/Positron_Energy_Limited/screenshots/Positron_Energy_Limited_Homepage_WAVE_Overlay.png)","N/A","Company Secretary & Compliance Officer","Not publicly disclosed","N/A","Managing Director / CEO","Not publicly disclosed"
"224","Auditor 1","Sunlite Recycling Industries Limited","Not Found","No","No","No","7.4 out of 10","16","30","![WAVE Tool Screenshot](https://github.com/VEER-TANMAY-SACHIN/projects/blob/main/orchavate_gtm_workflow/outputs/v1.1_nse_tracker_enriched_clearbit_20260806_193605_attempt1_succesful_reviewnotdone_orchavatecore_digital/Sunlite_Recycling_Industries_Limited/screenshots/Sunlite_Recycling_Industries_Limited_Homepage_WAVE_Overlay.png)","N/A","Company Secretary & Compliance Officer","Not publicly disclosed","N/A","Managing Director / CEO","Not publicly disclosed"
"225","Auditor 1","Aesthetik Engineers Limited","aesthetik.in","Yes","No","No","3.9 out of 10","38","30","![WAVE Tool Screenshot](https://github.com/VEER-TANMAY-SACHIN/projects/blob/main/orchavate_gtm_workflow/outputs/v1.1_nse_tracker_enriched_clearbit_20260806_193605_attempt1_succesful_reviewnotdone_orchavatecore_digital/Aesthetik_Engineers_Limited/screenshots/Aesthetik_Engineers_Limited_Homepage_WAVE_Overlay.png)","N/A","Company Secretary & Compliance Officer","Not publicly disclosed","N/A","Managing Director / CEO","Not publicly disclosed"
"226","Auditor 1","Picturepost Studios Limited","Not Found","No","No","No","1 out of 10","58","30","![WAVE Tool Screenshot](https://github.com/VEER-TANMAY-SACHIN/projects/blob/main/orchavate_gtm_workflow/outputs/v1.1_nse_tracker_enriched_clearbit_20260806_193605_attempt1_succesful_reviewnotdone_orchavatecore_digital/Picturepost_Studios_Limited/screenshots/Picturepost_Studios_Limited_Homepage_WAVE_Overlay.png)","N/A","Company Secretary & Compliance Officer","Not publicly disclosed","N/A","Managing Director / CEO","Not publicly disclosed"
"227","Auditor 1","Dhariwalcorp Limited","dhariwalcorporation.com","Yes","No","No","5.8 out of 10","26","30","![WAVE Tool Screenshot](https://github.com/VEER-TANMAY-SACHIN/projects/blob/main/orchavate_gtm_workflow/outputs/v1.1_nse_tracker_enriched_clearbit_20260806_193605_attempt1_succesful_reviewnotdone_orchavatecore_digital/Dhariwalcorp_Limited/screenshots/Dhariwalcorp_Limited_Homepage_WAVE_Overlay.png)","N/A","Company Secretary & Compliance Officer","Not publicly disclosed","N/A","Managing Director / CEO","Not publicly disclosed"
"228","Auditor 1","Utssav CZ Gold Jewels Limited","Not Found","No","No","No","5.2 out of 10","30","30","![WAVE Tool Screenshot](https://github.com/VEER-TANMAY-SACHIN/projects/blob/main/orchavate_gtm_workflow/outputs/v1.1_nse_tracker_enriched_clearbit_20260806_193605_attempt1_succesful_reviewnotdone_orchavatecore_digital/Utssav_CZ_Gold_Jewels_Limited/screenshots/Utssav_CZ_Gold_Jewels_Limited_Homepage_WAVE_Overlay.png)","N/A","Company Secretary & Compliance Officer","Not publicly disclosed","N/A","Managing Director / CEO","Not publicly disclosed"
"229","Auditor 1","Bulkcorp International Limited","bulkcorp-int.com","Yes","No","No","5.7 out of 10","27","30","![WAVE Tool Screenshot](https://github.com/VEER-TANMAY-SACHIN/projects/blob/main/orchavate_gtm_workflow/outputs/v1.1_nse_tracker_enriched_clearbit_20260806_193605_attempt1_succesful_reviewnotdone_orchavatecore_digital/Bulkcorp_International_Limited/screenshots/Bulkcorp_International_Limited_Homepage_WAVE_Overlay.png)","N/A","Company Secretary & Compliance Officer","Not publicly disclosed","N/A","Managing Director / CEO","Not publicly disclosed"
"230","Auditor 1","Ashapura Logistics Limited","Not Found","No","No","No","1 out of 10","56","30","![WAVE Tool Screenshot](https://github.com/VEER-TANMAY-SACHIN/projects/blob/main/orchavate_gtm_workflow/outputs/v1.1_nse_tracker_enriched_clearbit_20260806_193605_attempt1_succesful_reviewnotdone_orchavatecore_digital/Ashapura_Logistics_Limited/screenshots/Ashapura_Logistics_Limited_Homepage_WAVE_Overlay.png)","N/A","Company Secretary & Compliance Officer","Not publicly disclosed","N/A","Managing Director / CEO","Not publicly disclosed"
"231","Auditor 1","Sathlokhar Synergys E&C Global Limited","Not Found","No","No","No","3.6 out of 10","40","30","![WAVE Tool Screenshot](https://github.com/VEER-TANMAY-SACHIN/projects/blob/main/orchavate_gtm_workflow/outputs/v1.1_nse_tracker_enriched_clearbit_20260806_193605_attempt1_succesful_reviewnotdone_orchavatecore_digital/Sathlokhar_Synergys_E_C_Global_Limited/screenshots/Sathlokhar_Synergys_E_C_Global_Limited_Homepage_WAVE_Overlay.png)","N/A","Company Secretary & Compliance Officer","Not publicly disclosed","N/A","Managing Director / CEO","Not publicly disclosed"
"232","Auditor 1","Rajputana Industries Limited","Not Found","No","No","No","4.4 out of 10","35","30","![WAVE Tool Screenshot](https://github.com/VEER-TANMAY-SACHIN/projects/blob/main/orchavate_gtm_workflow/outputs/v1.1_nse_tracker_enriched_clearbit_20260806_193605_attempt1_succesful_reviewnotdone_orchavatecore_digital/Rajputana_Industries_Limited/screenshots/Rajputana_Industries_Limited_Homepage_WAVE_Overlay.png)","N/A","Company Secretary & Compliance Officer","Not publicly disclosed","N/A","Managing Director / CEO","Not publicly disclosed"
"233","Auditor 1","S A Tech Software India Limited","Not Found","No","No","No","2 out of 10","50","30","![WAVE Tool Screenshot](https://github.com/VEER-TANMAY-SACHIN/projects/blob/main/orchavate_gtm_workflow/outputs/v1.1_nse_tracker_enriched_clearbit_20260806_193605_attempt1_succesful_reviewnotdone_orchavatecore_digital/S_A_Tech_Software_India_Limited/screenshots/S_A_Tech_Software_India_Limited_Homepage_WAVE_Overlay.png)","N/A","Company Secretary & Compliance Officer","Not publicly disclosed","N/A","Managing Director / CEO","Not publicly disclosed"
"234","Auditor 1","Esprit Stones Limited","espritstones.com","Yes","No","No","1 out of 10","57","30","![WAVE Tool Screenshot](https://github.com/VEER-TANMAY-SACHIN/projects/blob/main/orchavate_gtm_workflow/outputs/v1.1_nse_tracker_enriched_clearbit_20260806_193605_attempt1_succesful_reviewnotdone_orchavatecore_digital/Esprit_Stones_Limited/screenshots/Esprit_Stones_Limited_Homepage_WAVE_Overlay.png)","N/A","Company Secretary & Compliance Officer","Not publicly disclosed","N/A","Managing Director / CEO","Not publicly disclosed"
"235","Auditor 1","Trom Industries Limited","tromindustries.com","Yes","No","No","1 out of 10","59","30","![WAVE Tool Screenshot](https://github.com/VEER-TANMAY-SACHIN/projects/blob/main/orchavate_gtm_workflow/outputs/v1.1_nse_tracker_enriched_clearbit_20260806_193605_attempt1_succesful_reviewnotdone_orchavatecore_digital/Trom_Industries_Limited/screenshots/Trom_Industries_Limited_Homepage_WAVE_Overlay.png)","N/A","Company Secretary & Compliance Officer","Not publicly disclosed","N/A","Managing Director / CEO","Not publicly disclosed"
"236","Auditor 1","Aprameya Engineering Limited","aelhealth.com","Yes","No","No","1 out of 10","67","30","![WAVE Tool Screenshot](https://github.com/VEER-TANMAY-SACHIN/projects/blob/main/orchavate_gtm_workflow/outputs/v1.1_nse_tracker_enriched_clearbit_20260806_193605_attempt1_succesful_reviewnotdone_orchavatecore_digital/Aprameya_Engineering_Limited/screenshots/Aprameya_Engineering_Limited_Homepage_WAVE_Overlay.png)","N/A","Company Secretary & Compliance Officer","Not publicly disclosed","N/A","Managing Director / CEO","Not publicly disclosed"
"237","Auditor 1","Chetana Education Limited","chetanaeducation.com","Yes","No","No","1 out of 10","66","30","![WAVE Tool Screenshot](https://github.com/VEER-TANMAY-SACHIN/projects/blob/main/orchavate_gtm_workflow/outputs/v1.1_nse_tracker_enriched_clearbit_20260806_193605_attempt1_succesful_reviewnotdone_orchavatecore_digital/Chetana_Education_Limited/screenshots/Chetana_Education_Limited_Homepage_WAVE_Overlay.png)","N/A","Company Secretary & Compliance Officer","Not publicly disclosed","N/A","Managing Director / CEO","Not publicly disclosed"
"238","Auditor 1","Manglam Infra & Engineering Limited","Not Found","No","No","No","4.4 out of 10","35","30","![WAVE Tool Screenshot](https://github.com/VEER-TANMAY-SACHIN/projects/blob/main/orchavate_gtm_workflow/outputs/v1.1_nse_tracker_enriched_clearbit_20260806_193605_attempt1_succesful_reviewnotdone_orchavatecore_digital/Manglam_Infra___Engineering_Limited/screenshots/Manglam_Infra___Engineering_Limited_Homepage_WAVE_Overlay.png)","N/A","Company Secretary & Compliance Officer","Not publicly disclosed","N/A","Managing Director / CEO","Not publicly disclosed"
"239","Auditor 1","V.L.Infraprojects Limited","Not Found","No","No","No","5.7 out of 10","27","30","![WAVE Tool Screenshot](https://github.com/VEER-TANMAY-SACHIN/projects/blob/main/orchavate_gtm_workflow/outputs/v1.1_nse_tracker_enriched_clearbit_20260806_193605_attempt1_succesful_reviewnotdone_orchavatecore_digital/V_L_Infraprojects_Limited/screenshots/V_L_Infraprojects_Limited_Homepage_WAVE_Overlay.png)","N/A","Company Secretary & Compliance Officer","Not publicly disclosed","N/A","Managing Director / CEO","Not publicly disclosed"
"240","Auditor 1","RNFI Services Limited","rnfiservices.com","Yes","No","No","4.6 out of 10","34","30","![WAVE Tool Screenshot](https://github.com/VEER-TANMAY-SACHIN/projects/blob/main/orchavate_gtm_workflow/outputs/v1.1_nse_tracker_enriched_clearbit_20260806_193605_attempt1_succesful_reviewnotdone_orchavatecore_digital/RNFI_Services_Limited/screenshots/RNFI_Services_Limited_Homepage_WAVE_Overlay.png)","N/A","Company Secretary & Compliance Officer","Not publicly disclosed","N/A","Managing Director / CEO","Not publicly disclosed"
"241","Auditor 1","Macobs Technologies Limited","macobserver.com","Yes","No","No","5.4 out of 10","29","30","![WAVE Tool Screenshot](https://github.com/VEER-TANMAY-SACHIN/projects/blob/main/orchavate_gtm_workflow/outputs/v1.1_nse_tracker_enriched_clearbit_20260806_193605_attempt1_succesful_reviewnotdone_orchavatecore_digital/Macobs_Technologies_Limited/screenshots/Macobs_Technologies_Limited_Homepage_WAVE_Overlay.png)","N/A","Company Secretary & Compliance Officer","Not publicly disclosed","N/A","Managing Director / CEO","Not publicly disclosed"
"242","Auditor 1","Kataria Industries Limited","Not Found","No","No","No","1 out of 10","62","30","![WAVE Tool Screenshot](https://github.com/VEER-TANMAY-SACHIN/projects/blob/main/orchavate_gtm_workflow/outputs/v1.1_nse_tracker_enriched_clearbit_20260806_193605_attempt1_succesful_reviewnotdone_orchavatecore_digital/Kataria_Industries_Limited/screenshots/Kataria_Industries_Limited_Homepage_WAVE_Overlay.png)","N/A","Company Secretary & Compliance Officer","Not publicly disclosed","N/A","Managing Director / CEO","Not publicly disclosed"
"243","Auditor 1","Tunwal E-Motors Limited","Not Found","No","No","No","1 out of 10","58","30","![WAVE Tool Screenshot](https://github.com/VEER-TANMAY-SACHIN/projects/blob/main/orchavate_gtm_workflow/outputs/v1.1_nse_tracker_enriched_clearbit_20260806_193605_attempt1_succesful_reviewnotdone_orchavatecore_digital/Tunwal_E_Motors_Limited/screenshots/Tunwal_E_Motors_Limited_Homepage_WAVE_Overlay.png)","N/A","Company Secretary & Compliance Officer","Not publicly disclosed","N/A","Managing Director / CEO","Not publicly disclosed"
"244","Auditor 1","Sati Poly Plast Limited","Not Found","No","No","No","1.4 out of 10","54","30","![WAVE Tool Screenshot](https://github.com/VEER-TANMAY-SACHIN/projects/blob/main/orchavate_gtm_workflow/outputs/v1.1_nse_tracker_enriched_clearbit_20260806_193605_attempt1_succesful_reviewnotdone_orchavatecore_digital/Sati_Poly_Plast_Limited/screenshots/Sati_Poly_Plast_Limited_Homepage_WAVE_Overlay.png)","N/A","Company Secretary & Compliance Officer","Not publicly disclosed","N/A","Managing Director / CEO","Not publicly disclosed"
"245","Auditor 1","Prizor Viztech Limited","prizor.in","Yes","No","No","5.4 out of 10","29","30","![WAVE Tool Screenshot](https://github.com/VEER-TANMAY-SACHIN/projects/blob/main/orchavate_gtm_workflow/outputs/v1.1_nse_tracker_enriched_clearbit_20260806_193605_attempt1_succesful_reviewnotdone_orchavatecore_digital/Prizor_Viztech_Limited/screenshots/Prizor_Viztech_Limited_Homepage_WAVE_Overlay.png)","N/A","Company Secretary & Compliance Officer","Not publicly disclosed","N/A","Managing Director / CEO","Not publicly disclosed"
"246","Auditor 1","Sahaj Solar Limited","sahajsolar.com","Yes","No","No","1 out of 10","60","30","![WAVE Tool Screenshot](https://github.com/VEER-TANMAY-SACHIN/projects/blob/main/orchavate_gtm_workflow/outputs/v1.1_nse_tracker_enriched_clearbit_20260806_193605_attempt1_succesful_reviewnotdone_orchavatecore_digital/Sahaj_Solar_Limited/screenshots/Sahaj_Solar_Limited_Homepage_WAVE_Overlay.png)","N/A","Company Secretary & Compliance Officer","Not publicly disclosed","N/A","Managing Director / CEO","Not publicly disclosed"
"247","Auditor 1","Ganesh Green Bharat Limited","Not Found","No","No","No","1 out of 10","61","30","![WAVE Tool Screenshot](https://github.com/VEER-TANMAY-SACHIN/projects/blob/main/orchavate_gtm_workflow/outputs/v1.1_nse_tracker_enriched_clearbit_20260806_193605_attempt1_succesful_reviewnotdone_orchavatecore_digital/Ganesh_Green_Bharat_Limited/screenshots/Ganesh_Green_Bharat_Limited_Homepage_WAVE_Overlay.png)","N/A","Company Secretary & Compliance Officer","Not publicly disclosed","N/A","Managing Director / CEO","Not publicly disclosed"
"248","Auditor 1","Effwa Infra & Research Limited","Not Found","No","No","No","6.8 out of 10","20","30","![WAVE Tool Screenshot](https://github.com/VEER-TANMAY-SACHIN/projects/blob/main/orchavate_gtm_workflow/outputs/v1.1_nse_tracker_enriched_clearbit_20260806_193605_attempt1_succesful_reviewnotdone_orchavatecore_digital/Effwa_Infra___Research_Limited/screenshots/Effwa_Infra___Research_Limited_Homepage_WAVE_Overlay.png)","N/A","Company Secretary & Compliance Officer","Not publicly disclosed","N/A","Managing Director / CEO","Not publicly disclosed"
"249","Auditor 1","Dhansa Labs Limited","Not Found","No","No","No","1.7 out of 10","52","30","![WAVE Tool Screenshot](https://github.com/VEER-TANMAY-SACHIN/projects/blob/main/orchavate_gtm_workflow/outputs/v1.1_nse_tracker_enriched_clearbit_20260806_193605_attempt1_succesful_reviewnotdone_orchavatecore_digital/Dhansa_Labs_Limited/screenshots/Dhansa_Labs_Limited_Homepage_WAVE_Overlay.png)","N/A","Company Secretary & Compliance Officer","Not publicly disclosed","N/A","Managing Director / CEO","Not publicly disclosed"
"250","Auditor 1","Nephro Care India Limited","nephrocare.com","Yes","No","No","1.8 out of 10","51","30","![WAVE Tool Screenshot](https://github.com/VEER-TANMAY-SACHIN/projects/blob/main/orchavate_gtm_workflow/outputs/v1.1_nse_tracker_enriched_clearbit_20260806_193605_attempt1_succesful_reviewnotdone_orchavatecore_digital/Nephro_Care_India_Limited/screenshots/Nephro_Care_India_Limited_Homepage_WAVE_Overlay.png)","N/A","Company Secretary & Compliance Officer","Not publicly disclosed","N/A","Managing Director / CEO","Not publicly disclosed"
"251","Auditor 1","Diensten Tech Limited","Not Found","No","No","No","5.4 out of 10","29","30","![WAVE Tool Screenshot](https://github.com/VEER-TANMAY-SACHIN/projects/blob/main/orchavate_gtm_workflow/outputs/v1.1_nse_tracker_enriched_clearbit_20260806_193605_attempt1_succesful_reviewnotdone_orchavatecore_digital/Diensten_Tech_Limited/screenshots/Diensten_Tech_Limited_Homepage_WAVE_Overlay.png)","N/A","Company Secretary & Compliance Officer","Not publicly disclosed","N/A","Managing Director / CEO","Not publicly disclosed"
"252","Auditor 1","Akiko Global Services Limited","Not Found","No","No","No","1 out of 10","61","30","![WAVE Tool Screenshot](https://github.com/VEER-TANMAY-SACHIN/projects/blob/main/orchavate_gtm_workflow/outputs/v1.1_nse_tracker_enriched_clearbit_20260806_193605_attempt1_succesful_reviewnotdone_orchavatecore_digital/Akiko_Global_Services_Limited/screenshots/Akiko_Global_Services_Limited_Homepage_WAVE_Overlay.png)","N/A","Company Secretary & Compliance Officer","Not publicly disclosed","N/A","Managing Director / CEO","Not publicly disclosed"
"253","Auditor 1","Divine Power Energy Limited","Not Found","No","No","No","3.3 out of 10","42","30","![WAVE Tool Screenshot](https://github.com/VEER-TANMAY-SACHIN/projects/blob/main/orchavate_gtm_workflow/outputs/v1.1_nse_tracker_enriched_clearbit_20260806_193605_attempt1_succesful_reviewnotdone_orchavatecore_digital/Divine_Power_Energy_Limited/screenshots/Divine_Power_Energy_Limited_Homepage_WAVE_Overlay.png)","N/A","Company Secretary & Compliance Officer","Not publicly disclosed","N/A","Managing Director / CEO","Not publicly disclosed"
"254","Auditor 1","Petro Carbon and Chemicals Limited","Not Found","No","No","No","1 out of 10","65","30","![WAVE Tool Screenshot](https://github.com/VEER-TANMAY-SACHIN/projects/blob/main/orchavate_gtm_workflow/outputs/v1.1_nse_tracker_enriched_clearbit_20260806_193605_attempt1_succesful_reviewnotdone_orchavatecore_digital/Petro_Carbon_and_Chemicals_Limited/screenshots/Petro_Carbon_and_Chemicals_Limited_Homepage_WAVE_Overlay.png)","N/A","Company Secretary & Compliance Officer","Not publicly disclosed","N/A","Managing Director / CEO","Not publicly disclosed"
"255","Auditor 1","Visaman Global Sales Limited","visamansales.com","Yes","No","No","3.1 out of 10","43","30","![WAVE Tool Screenshot](https://github.com/VEER-TANMAY-SACHIN/projects/blob/main/orchavate_gtm_workflow/outputs/v1.1_nse_tracker_enriched_clearbit_20260806_193605_attempt1_succesful_reviewnotdone_orchavatecore_digital/Visaman_Global_Sales_Limited/screenshots/Visaman_Global_Sales_Limited_Homepage_WAVE_Overlay.png)","N/A","Company Secretary & Compliance Officer","Not publicly disclosed","N/A","Managing Director / CEO","Not publicly disclosed"
"256","Auditor 1","Mason Infratech Limited","Not Found","No","No","No","1 out of 10","61","30","![WAVE Tool Screenshot](https://github.com/VEER-TANMAY-SACHIN/projects/blob/main/orchavate_gtm_workflow/outputs/v1.1_nse_tracker_enriched_clearbit_20260806_193605_attempt1_succesful_reviewnotdone_orchavatecore_digital/Mason_Infratech_Limited/screenshots/Mason_Infratech_Limited_Homepage_WAVE_Overlay.png)","N/A","Company Secretary & Compliance Officer","Not publicly disclosed","N/A","Managing Director / CEO","Not publicly disclosed"
"257","Auditor 1","Sylvan Plyboard (India) Limited","Not Found","No","No","No","1 out of 10","59","30","![WAVE Tool Screenshot](https://github.com/VEER-TANMAY-SACHIN/projects/blob/main/orchavate_gtm_workflow/outputs/v1.1_nse_tracker_enriched_clearbit_20260806_193605_attempt1_succesful_reviewnotdone_orchavatecore_digital/Sylvan_Plyboard__India__Limited/screenshots/Sylvan_Plyboard__India__Limited_Homepage_WAVE_Overlay.png)","N/A","Company Secretary & Compliance Officer","Not publicly disclosed","N/A","Managing Director / CEO","Not publicly disclosed"
"258","Auditor 1","Shivalic Power Control Limited","Not Found","No","No","No","1 out of 10","58","30","![WAVE Tool Screenshot](https://github.com/VEER-TANMAY-SACHIN/projects/blob/main/orchavate_gtm_workflow/outputs/v1.1_nse_tracker_enriched_clearbit_20260806_193605_attempt1_succesful_reviewnotdone_orchavatecore_digital/Shivalic_Power_Control_Limited/screenshots/Shivalic_Power_Control_Limited_Homepage_WAVE_Overlay.png)","N/A","Company Secretary & Compliance Officer","Not publicly disclosed","N/A","Managing Director / CEO","Not publicly disclosed"
"259","Auditor 1","Medicamen Organics Limited","mediorganics.in","Yes","No","No","7.4 out of 10","16","30","![WAVE Tool Screenshot](https://github.com/VEER-TANMAY-SACHIN/projects/blob/main/orchavate_gtm_workflow/outputs/v1.1_nse_tracker_enriched_clearbit_20260806_193605_attempt1_succesful_reviewnotdone_orchavatecore_digital/Medicamen_Organics_Limited/screenshots/Medicamen_Organics_Limited_Homepage_WAVE_Overlay.png)","N/A","Company Secretary & Compliance Officer","Not publicly disclosed","N/A","Managing Director / CEO","Not publicly disclosed"
"260","Auditor 1","Winny Immigration & Education Services Limited","winnyimmigration.com","Yes","No","No","5.4 out of 10","29","30","![WAVE Tool Screenshot](https://github.com/VEER-TANMAY-SACHIN/projects/blob/main/orchavate_gtm_workflow/outputs/v1.1_nse_tracker_enriched_clearbit_20260806_193605_attempt1_succesful_reviewnotdone_orchavatecore_digital/Winny_Immigration___Education_Services_Limited/screenshots/Winny_Immigration___Education_Services_Limited_Homepage_WAVE_Overlay.png)","N/A","Company Secretary & Compliance Officer","Not publicly disclosed","N/A","Managing Director / CEO","Not publicly disclosed"
"261","Auditor 1","Durlax Top Surface Limited","Not Found","No","No","No","1 out of 10","66","30","![WAVE Tool Screenshot](https://github.com/VEER-TANMAY-SACHIN/projects/blob/main/orchavate_gtm_workflow/outputs/v1.1_nse_tracker_enriched_clearbit_20260806_193605_attempt1_succesful_reviewnotdone_orchavatecore_digital/Durlax_Top_Surface_Limited/screenshots/Durlax_Top_Surface_Limited_Homepage_WAVE_Overlay.png)","N/A","Company Secretary & Compliance Officer","Not publicly disclosed","N/A","Managing Director / CEO","Not publicly disclosed"
"262","Auditor 1","Falcon Technoprojects India Limited","Not Found","No","No","No","7.6 out of 10","15","30","![WAVE Tool Screenshot](https://github.com/VEER-TANMAY-SACHIN/projects/blob/main/orchavate_gtm_workflow/outputs/v1.1_nse_tracker_enriched_clearbit_20260806_193605_attempt1_succesful_reviewnotdone_orchavatecore_digital/Falcon_Technoprojects_India_Limited/screenshots/Falcon_Technoprojects_India_Limited_Homepage_WAVE_Overlay.png)","N/A","Company Secretary & Compliance Officer","Not publicly disclosed","N/A","Managing Director / CEO","Not publicly disclosed"
"263","Auditor 1","GP Eco Solutions India Limited","gpecosolutions.com","Yes","No","No","2 out of 10","50","30","![WAVE Tool Screenshot](https://github.com/VEER-TANMAY-SACHIN/projects/blob/main/orchavate_gtm_workflow/outputs/v1.1_nse_tracker_enriched_clearbit_20260806_193605_attempt1_succesful_reviewnotdone_orchavatecore_digital/GP_Eco_Solutions_India_Limited/screenshots/GP_Eco_Solutions_India_Limited_Homepage_WAVE_Overlay.png)","N/A","Company Secretary & Compliance Officer","Not publicly disclosed","N/A","Managing Director / CEO","Not publicly disclosed"
"264","Auditor 1","TBI Corn Limited","Not Found","No","No","No","3.6 out of 10","40","30","![WAVE Tool Screenshot](https://github.com/VEER-TANMAY-SACHIN/projects/blob/main/orchavate_gtm_workflow/outputs/v1.1_nse_tracker_enriched_clearbit_20260806_193605_attempt1_succesful_reviewnotdone_orchavatecore_digital/TBI_Corn_Limited/screenshots/TBI_Corn_Limited_Homepage_WAVE_Overlay.png)","N/A","Company Secretary & Compliance Officer","Not publicly disclosed","N/A","Managing Director / CEO","Not publicly disclosed"
"265","Auditor 1","Aimtron Electronics Limited","aimtron.in","Yes","No","No","2.5 out of 10","47","30","![WAVE Tool Screenshot](https://github.com/VEER-TANMAY-SACHIN/projects/blob/main/orchavate_gtm_workflow/outputs/v1.1_nse_tracker_enriched_clearbit_20260806_193605_attempt1_succesful_reviewnotdone_orchavatecore_digital/Aimtron_Electronics_Limited/screenshots/Aimtron_Electronics_Limited_Homepage_WAVE_Overlay.png)","N/A","Company Secretary & Compliance Officer","Not publicly disclosed","N/A","Managing Director / CEO","Not publicly disclosed"
"266","Auditor 1","Z-Tech (India) Limited","ztech2you.com","Yes","No","No","1.4 out of 10","54","30","![WAVE Tool Screenshot](https://github.com/VEER-TANMAY-SACHIN/projects/blob/main/orchavate_gtm_workflow/outputs/v1.1_nse_tracker_enriched_clearbit_20260806_193605_attempt1_succesful_reviewnotdone_orchavatecore_digital/Z_Tech__India__Limited/screenshots/Z_Tech__India__Limited_Homepage_WAVE_Overlay.png)","N/A","Company Secretary & Compliance Officer","Not publicly disclosed","N/A","Managing Director / CEO","Not publicly disclosed"
"267","Auditor 1","Beacon Trusteeship Limited","beacontrustee.co.in","Yes","No","No","1.5 out of 10","53","30","![WAVE Tool Screenshot](https://github.com/VEER-TANMAY-SACHIN/projects/blob/main/orchavate_gtm_workflow/outputs/v1.1_nse_tracker_enriched_clearbit_20260806_193605_attempt1_succesful_reviewnotdone_orchavatecore_digital/Beacon_Trusteeship_Limited/screenshots/Beacon_Trusteeship_Limited_Homepage_WAVE_Overlay.png)","N/A","Company Secretary & Compliance Officer","Not publicly disclosed","N/A","Managing Director / CEO","Not publicly disclosed"
"268","Auditor 1","Vilas Transcore Limited","vilastranscore.com","Yes","No","No","4.2 out of 10","36","30","![WAVE Tool Screenshot](https://github.com/VEER-TANMAY-SACHIN/projects/blob/main/orchavate_gtm_workflow/outputs/v1.1_nse_tracker_enriched_clearbit_20260806_193605_attempt1_succesful_reviewnotdone_orchavatecore_digital/Vilas_Transcore_Limited/screenshots/Vilas_Transcore_Limited_Homepage_WAVE_Overlay.png)","N/A","Company Secretary & Compliance Officer","Not publicly disclosed","N/A","Managing Director / CEO","Not publicly disclosed"
"269","Auditor 1","GSM Foils Limited","Not Found","No","No","No","7.6 out of 10","15","30","![WAVE Tool Screenshot](https://github.com/VEER-TANMAY-SACHIN/projects/blob/main/orchavate_gtm_workflow/outputs/v1.1_nse_tracker_enriched_clearbit_20260806_193605_attempt1_succesful_reviewnotdone_orchavatecore_digital/GSM_Foils_Limited/screenshots/GSM_Foils_Limited_Homepage_WAVE_Overlay.png)","N/A","Company Secretary & Compliance Officer","Not publicly disclosed","N/A","Managing Director / CEO","Not publicly disclosed"
"270","Auditor 1","Hoac Foods India Limited","Not Found","No","No","No","1.5 out of 10","53","30","![WAVE Tool Screenshot](https://github.com/VEER-TANMAY-SACHIN/projects/blob/main/orchavate_gtm_workflow/outputs/v1.1_nse_tracker_enriched_clearbit_20260806_193605_attempt1_succesful_reviewnotdone_orchavatecore_digital/Hoac_Foods_India_Limited/screenshots/Hoac_Foods_India_Limited_Homepage_WAVE_Overlay.png)","N/A","Company Secretary & Compliance Officer","Not publicly disclosed","N/A","Managing Director / CEO","Not publicly disclosed"
"271","Auditor 1","Rulka Electricals Limited","Not Found","No","No","No","1 out of 10","67","30","![WAVE Tool Screenshot](https://github.com/VEER-TANMAY-SACHIN/projects/blob/main/orchavate_gtm_workflow/outputs/v1.1_nse_tracker_enriched_clearbit_20260806_193605_attempt1_succesful_reviewnotdone_orchavatecore_digital/Rulka_Electricals_Limited/screenshots/Rulka_Electricals_Limited_Homepage_WAVE_Overlay.png)","N/A","Company Secretary & Compliance Officer","Not publicly disclosed","N/A","Managing Director / CEO","Not publicly disclosed"
"272","Auditor 1","Quest Laboratories Limited","Not Found","No","No","No","1 out of 10","60","30","![WAVE Tool Screenshot](https://github.com/VEER-TANMAY-SACHIN/projects/blob/main/orchavate_gtm_workflow/outputs/v1.1_nse_tracker_enriched_clearbit_20260806_193605_attempt1_succesful_reviewnotdone_orchavatecore_digital/Quest_Laboratories_Limited/screenshots/Quest_Laboratories_Limited_Homepage_WAVE_Overlay.png)","N/A","Company Secretary & Compliance Officer","Not publicly disclosed","N/A","Managing Director / CEO","Not publicly disclosed"
"273","Auditor 1","Indian Emulsifiers Limited","Not Found","No","No","No","1.2 out of 10","55","30","![WAVE Tool Screenshot](https://github.com/VEER-TANMAY-SACHIN/projects/blob/main/orchavate_gtm_workflow/outputs/v1.1_nse_tracker_enriched_clearbit_20260806_193605_attempt1_succesful_reviewnotdone_orchavatecore_digital/Indian_Emulsifiers_Limited/screenshots/Indian_Emulsifiers_Limited_Homepage_WAVE_Overlay.png)","N/A","Company Secretary & Compliance Officer","Not publicly disclosed","N/A","Managing Director / CEO","Not publicly disclosed"
"274","Auditor 1","Mandeep Auto Industries Limited","Not Found","No","No","No","4.4 out of 10","35","30","![WAVE Tool Screenshot](https://github.com/VEER-TANMAY-SACHIN/projects/blob/main/orchavate_gtm_workflow/outputs/v1.1_nse_tracker_enriched_clearbit_20260806_193605_attempt1_succesful_reviewnotdone_orchavatecore_digital/Mandeep_Auto_Industries_Limited/screenshots/Mandeep_Auto_Industries_Limited_Homepage_WAVE_Overlay.png)","N/A","Company Secretary & Compliance Officer","Not publicly disclosed","N/A","Managing Director / CEO","Not publicly disclosed"
"275","Auditor 1","Veritaas Advertising Limited","veritaasadvertising.com","Yes","No","No","1 out of 10","68","30","![WAVE Tool Screenshot](https://github.com/VEER-TANMAY-SACHIN/projects/blob/main/orchavate_gtm_workflow/outputs/v1.1_nse_tracker_enriched_clearbit_20260806_193605_attempt1_succesful_reviewnotdone_orchavatecore_digital/Veritaas_Advertising_Limited/screenshots/Veritaas_Advertising_Limited_Homepage_WAVE_Overlay.png)","N/A","Company Secretary & Compliance Officer","Not publicly disclosed","N/A","Managing Director / CEO","Not publicly disclosed"
"276","Auditor 1","ABS Marine Services Limited","Not Found","No","No","No","5.8 out of 10","26","30","![WAVE Tool Screenshot](https://github.com/VEER-TANMAY-SACHIN/projects/blob/main/orchavate_gtm_workflow/outputs/v1.1_nse_tracker_enriched_clearbit_20260806_193605_attempt1_succesful_reviewnotdone_orchavatecore_digital/ABS_Marine_Services_Limited/screenshots/ABS_Marine_Services_Limited_Homepage_WAVE_Overlay.png)","N/A","Company Secretary & Compliance Officer","Not publicly disclosed","N/A","Managing Director / CEO","Not publicly disclosed"
"277","Auditor 1","Premier Roadlines Limited","prlindia.com","Yes","No","No","1 out of 10","58","30","![WAVE Tool Screenshot](https://github.com/VEER-TANMAY-SACHIN/projects/blob/main/orchavate_gtm_workflow/outputs/v1.1_nse_tracker_enriched_clearbit_20260806_193605_attempt1_succesful_reviewnotdone_orchavatecore_digital/Premier_Roadlines_Limited/screenshots/Premier_Roadlines_Limited_Homepage_WAVE_Overlay.png)","N/A","Company Secretary & Compliance Officer","Not publicly disclosed","N/A","Managing Director / CEO","Not publicly disclosed"
"278","Auditor 1","Energy Mission Machineries (India) Limited","energymission.com","Yes","No","No","6.2 out of 10","24","30","![WAVE Tool Screenshot](https://github.com/VEER-TANMAY-SACHIN/projects/blob/main/orchavate_gtm_workflow/outputs/v1.1_nse_tracker_enriched_clearbit_20260806_193605_attempt1_succesful_reviewnotdone_orchavatecore_digital/Energy_Mission_Machineries__India__Limited/screenshots/Energy_Mission_Machineries__India__Limited_Homepage_WAVE_Overlay.png)","N/A","Company Secretary & Compliance Officer","Not publicly disclosed","N/A","Managing Director / CEO","Not publicly disclosed"
"279","Auditor 1","Silkflex Polymers (India) Limited","Not Found","No","No","No","4.2 out of 10","36","30","![WAVE Tool Screenshot](https://github.com/VEER-TANMAY-SACHIN/projects/blob/main/orchavate_gtm_workflow/outputs/v1.1_nse_tracker_enriched_clearbit_20260806_193605_attempt1_succesful_reviewnotdone_orchavatecore_digital/Silkflex_Polymers__India__Limited/screenshots/Silkflex_Polymers__India__Limited_Homepage_WAVE_Overlay.png)","N/A","Company Secretary & Compliance Officer","Not publicly disclosed","N/A","Managing Director / CEO","Not publicly disclosed"
"280","Auditor 1","Winsol Engineers Limited","winsol.info","Yes","No","No","3.8 out of 10","39","30","![WAVE Tool Screenshot](https://github.com/VEER-TANMAY-SACHIN/projects/blob/main/orchavate_gtm_workflow/outputs/v1.1_nse_tracker_enriched_clearbit_20260806_193605_attempt1_succesful_reviewnotdone_orchavatecore_digital/Winsol_Engineers_Limited/screenshots/Winsol_Engineers_Limited_Homepage_WAVE_Overlay.png)","N/A","Company Secretary & Compliance Officer","Not publicly disclosed","N/A","Managing Director / CEO","Not publicly disclosed"
"281","Auditor 1","Refractory Shapes Limited","Not Found","No","No","No","1 out of 10","64","30","![WAVE Tool Screenshot](https://github.com/VEER-TANMAY-SACHIN/projects/blob/main/orchavate_gtm_workflow/outputs/v1.1_nse_tracker_enriched_clearbit_20260806_193605_attempt1_succesful_reviewnotdone_orchavatecore_digital/Refractory_Shapes_Limited/screenshots/Refractory_Shapes_Limited_Homepage_WAVE_Overlay.png)","N/A","Company Secretary & Compliance Officer","Not publicly disclosed","N/A","Managing Director / CEO","Not publicly disclosed"
"282","Auditor 1","Slone Infosystems Limited","Not Found","No","No","No","1 out of 10","61","30","![WAVE Tool Screenshot](https://github.com/VEER-TANMAY-SACHIN/projects/blob/main/orchavate_gtm_workflow/outputs/v1.1_nse_tracker_enriched_clearbit_20260806_193605_attempt1_succesful_reviewnotdone_orchavatecore_digital/Slone_Infosystems_Limited/screenshots/Slone_Infosystems_Limited_Homepage_WAVE_Overlay.png)","N/A","Company Secretary & Compliance Officer","Not publicly disclosed","N/A","Managing Director / CEO","Not publicly disclosed"
"283","Auditor 1","Ramdevbaba Solvent Limited","Not Found","No","No","No","7.8 out of 10","14","30","![WAVE Tool Screenshot](https://github.com/VEER-TANMAY-SACHIN/projects/blob/main/orchavate_gtm_workflow/outputs/v1.1_nse_tracker_enriched_clearbit_20260806_193605_attempt1_succesful_reviewnotdone_orchavatecore_digital/Ramdevbaba_Solvent_Limited/screenshots/Ramdevbaba_Solvent_Limited_Homepage_WAVE_Overlay.png)","N/A","Company Secretary & Compliance Officer","Not publicly disclosed","N/A","Managing Director / CEO","Not publicly disclosed"
"284","Auditor 1","Grill Splendour Services Limited","Not Found","No","No","No","4.4 out of 10","35","30","![WAVE Tool Screenshot](https://github.com/VEER-TANMAY-SACHIN/projects/blob/main/orchavate_gtm_workflow/outputs/v1.1_nse_tracker_enriched_clearbit_20260806_193605_attempt1_succesful_reviewnotdone_orchavatecore_digital/Grill_Splendour_Services_Limited/screenshots/Grill_Splendour_Services_Limited_Homepage_WAVE_Overlay.png)","N/A","Company Secretary & Compliance Officer","Not publicly disclosed","N/A","Managing Director / CEO","Not publicly disclosed"
"285","Auditor 1","DCG Cables & Wires Limited","Not Found","No","No","No","6.6 out of 10","21","30","![WAVE Tool Screenshot](https://github.com/VEER-TANMAY-SACHIN/projects/blob/main/orchavate_gtm_workflow/outputs/v1.1_nse_tracker_enriched_clearbit_20260806_193605_attempt1_succesful_reviewnotdone_orchavatecore_digital/DCG_Cables___Wires_Limited/screenshots/DCG_Cables___Wires_Limited_Homepage_WAVE_Overlay.png)","N/A","Company Secretary & Compliance Officer","Not publicly disclosed","N/A","Managing Director / CEO","Not publicly disclosed"
"286","Auditor 1","Teerth Gopicon Limited","Not Found","No","No","No","2.2 out of 10","49","30","![WAVE Tool Screenshot](https://github.com/VEER-TANMAY-SACHIN/projects/blob/main/orchavate_gtm_workflow/outputs/v1.1_nse_tracker_enriched_clearbit_20260806_193605_attempt1_succesful_reviewnotdone_orchavatecore_digital/Teerth_Gopicon_Limited/screenshots/Teerth_Gopicon_Limited_Homepage_WAVE_Overlay.png)","N/A","Company Secretary & Compliance Officer","Not publicly disclosed","N/A","Managing Director / CEO","Not publicly disclosed"
"287","Auditor 1","DRS Cargo Movers Limited","Not Found","No","No","No","3.9 out of 10","38","30","![WAVE Tool Screenshot](https://github.com/VEER-TANMAY-SACHIN/projects/blob/main/orchavate_gtm_workflow/outputs/v1.1_nse_tracker_enriched_clearbit_20260806_193605_attempt1_succesful_reviewnotdone_orchavatecore_digital/DRS_Cargo_Movers_Limited/screenshots/DRS_Cargo_Movers_Limited_Homepage_WAVE_Overlay.png)","N/A","Company Secretary & Compliance Officer","Not publicly disclosed","N/A","Managing Director / CEO","Not publicly disclosed"
"288","Auditor 1","ALUWIND INFRA-TECH LIMITED","Not Found","No","No","No","5.2 out of 10","30","30","![WAVE Tool Screenshot](https://github.com/VEER-TANMAY-SACHIN/projects/blob/main/orchavate_gtm_workflow/outputs/v1.1_nse_tracker_enriched_clearbit_20260806_193605_attempt1_succesful_reviewnotdone_orchavatecore_digital/ALUWIND_INFRA_TECH_LIMITED/screenshots/ALUWIND_INFRA_TECH_LIMITED_Homepage_WAVE_Overlay.png)","N/A","Company Secretary & Compliance Officer","Not publicly disclosed","N/A","Managing Director / CEO","Not publicly disclosed"
"289","Auditor 1","Creative Graphics Solutions India Limited","Not Found","No","No","No","1 out of 10","66","30","![WAVE Tool Screenshot](https://github.com/VEER-TANMAY-SACHIN/projects/blob/main/orchavate_gtm_workflow/outputs/v1.1_nse_tracker_enriched_clearbit_20260806_193605_attempt1_succesful_reviewnotdone_orchavatecore_digital/Creative_Graphics_Solutions_India_Limited/screenshots/Creative_Graphics_Solutions_India_Limited_Homepage_WAVE_Overlay.png)","N/A","Company Secretary & Compliance Officer","Not publicly disclosed","N/A","Managing Director / CEO","Not publicly disclosed"
"290","Auditor 1","Yash Optics & Lens Limited","yashopticsandlens.com","Yes","No","No","1 out of 10","65","30","![WAVE Tool Screenshot](https://github.com/VEER-TANMAY-SACHIN/projects/blob/main/orchavate_gtm_workflow/outputs/v1.1_nse_tracker_enriched_clearbit_20260806_193605_attempt1_succesful_reviewnotdone_orchavatecore_digital/Yash_Optics___Lens_Limited/screenshots/Yash_Optics___Lens_Limited_Homepage_WAVE_Overlay.png)","N/A","Company Secretary & Compliance Officer","Not publicly disclosed","N/A","Managing Director / CEO","Not publicly disclosed"
"291","Auditor 1","K2 Infragen Limited","Not Found","No","No","No","2.8 out of 10","45","30","![WAVE Tool Screenshot](https://github.com/VEER-TANMAY-SACHIN/projects/blob/main/orchavate_gtm_workflow/outputs/v1.1_nse_tracker_enriched_clearbit_20260806_193605_attempt1_succesful_reviewnotdone_orchavatecore_digital/K2_Infragen_Limited/screenshots/K2_Infragen_Limited_Homepage_WAVE_Overlay.png)","N/A","Company Secretary & Compliance Officer","Not publicly disclosed","N/A","Managing Director / CEO","Not publicly disclosed"
"292","Auditor 1","TAC Infosec Limited","Not Found","No","No","No","5.7 out of 10","27","30","![WAVE Tool Screenshot](https://github.com/VEER-TANMAY-SACHIN/projects/blob/main/orchavate_gtm_workflow/outputs/v1.1_nse_tracker_enriched_clearbit_20260806_193605_attempt1_succesful_reviewnotdone_orchavatecore_digital/TAC_Infosec_Limited/screenshots/TAC_Infosec_Limited_Homepage_WAVE_Overlay.png)","N/A","Company Secretary & Compliance Officer","Not publicly disclosed","N/A","Managing Director / CEO","Not publicly disclosed"
"293","Auditor 1","Radiowalla Network Limited","Not Found","No","No","No","2.8 out of 10","45","30","![WAVE Tool Screenshot](https://github.com/VEER-TANMAY-SACHIN/projects/blob/main/orchavate_gtm_workflow/outputs/v1.1_nse_tracker_enriched_clearbit_20260806_193605_attempt1_succesful_reviewnotdone_orchavatecore_digital/Radiowalla_Network_Limited/screenshots/Radiowalla_Network_Limited_Homepage_WAVE_Overlay.png)","N/A","Company Secretary & Compliance Officer","Not publicly disclosed","N/A","Managing Director / CEO","Not publicly disclosed"
"294","Auditor 1","Trust Fintech Limited","trustfintech.com","Yes","No","No","1.8 out of 10","51","30","![WAVE Tool Screenshot](https://github.com/VEER-TANMAY-SACHIN/projects/blob/main/orchavate_gtm_workflow/outputs/v1.1_nse_tracker_enriched_clearbit_20260806_193605_attempt1_succesful_reviewnotdone_orchavatecore_digital/Trust_Fintech_Limited/screenshots/Trust_Fintech_Limited_Homepage_WAVE_Overlay.png)","N/A","Company Secretary & Compliance Officer","Not publicly disclosed","N/A","Managing Director / CEO","Not publicly disclosed"
"295","Auditor 1","Aspire & Innovative Advertising Limited","aspireship.com","Yes","No","No","2 out of 10","50","30","![WAVE Tool Screenshot](https://github.com/VEER-TANMAY-SACHIN/projects/blob/main/orchavate_gtm_workflow/outputs/v1.1_nse_tracker_enriched_clearbit_20260806_193605_attempt1_succesful_reviewnotdone_orchavatecore_digital/Aspire___Innovative_Advertising_Limited/screenshots/Aspire___Innovative_Advertising_Limited_Homepage_WAVE_Overlay.png)","N/A","Company Secretary & Compliance Officer","Not publicly disclosed","N/A","Managing Director / CEO","Not publicly disclosed"
"296","Auditor 1","Blue Pebble Limited","bluepebble.in","Yes","No","No","1 out of 10","63","30","![WAVE Tool Screenshot](https://github.com/VEER-TANMAY-SACHIN/projects/blob/main/orchavate_gtm_workflow/outputs/v1.1_nse_tracker_enriched_clearbit_20260806_193605_attempt1_succesful_reviewnotdone_orchavatecore_digital/Blue_Pebble_Limited/screenshots/Blue_Pebble_Limited_Homepage_WAVE_Overlay.png)","N/A","Company Secretary & Compliance Officer","Not publicly disclosed","N/A","Managing Director / CEO","Not publicly disclosed"
"297","Auditor 1","Naman Industries Proxima Limited","Not Found","No","No","No","7.6 out of 10","15","30","![WAVE Tool Screenshot](https://github.com/VEER-TANMAY-SACHIN/projects/blob/main/orchavate_gtm_workflow/outputs/v1.1_nse_tracker_enriched_clearbit_20260806_193605_attempt1_succesful_reviewnotdone_orchavatecore_digital/Naman_Industries_Proxima_Limited/screenshots/Naman_Industries_Proxima_Limited_Homepage_WAVE_Overlay.png)","N/A","Company Secretary & Compliance Officer","Not publicly disclosed","N/A","Managing Director / CEO","Not publicly disclosed"
"298","Auditor 1","Vishwas Agri Seeds Limited","Not Found","No","No","No","4.4 out of 10","35","30","![WAVE Tool Screenshot](https://github.com/VEER-TANMAY-SACHIN/projects/blob/main/orchavate_gtm_workflow/outputs/v1.1_nse_tracker_enriched_clearbit_20260806_193605_attempt1_succesful_reviewnotdone_orchavatecore_digital/Vishwas_Agri_Seeds_Limited/screenshots/Vishwas_Agri_Seeds_Limited_Homepage_WAVE_Overlay.png)","N/A","Company Secretary & Compliance Officer","Not publicly disclosed","N/A","Managing Director / CEO","Not publicly disclosed"
"299","Auditor 1","Enfuse Solutions Limited","enfuse-solutions.com","Yes","No","No","3.6 out of 10","40","30","![WAVE Tool Screenshot](https://github.com/VEER-TANMAY-SACHIN/projects/blob/main/orchavate_gtm_workflow/outputs/v1.1_nse_tracker_enriched_clearbit_20260806_193605_attempt1_succesful_reviewnotdone_orchavatecore_digital/Enfuse_Solutions_Limited/screenshots/Enfuse_Solutions_Limited_Homepage_WAVE_Overlay.png)","N/A","Company Secretary & Compliance Officer","Not publicly disclosed","N/A","Managing Director / CEO","Not publicly disclosed"
"300","Auditor 1","Enser Communications Limited","enser.co.in","Yes","No","No","4.4 out of 10","35","30","![WAVE Tool Screenshot](https://github.com/VEER-TANMAY-SACHIN/projects/blob/main/orchavate_gtm_workflow/outputs/v1.1_nse_tracker_enriched_clearbit_20260806_193605_attempt1_succesful_reviewnotdone_orchavatecore_digital/Enser_Communications_Limited/screenshots/Enser_Communications_Limited_Homepage_WAVE_Overlay.png)","N/A","Company Secretary & Compliance Officer","Not publicly disclosed","N/A","Managing Director / CEO","Not publicly disclosed"
"301","Auditor 1","AVP Infracon Limited","Not Found","No","No","No","1.7 out of 10","52","30","![WAVE Tool Screenshot](https://github.com/VEER-TANMAY-SACHIN/projects/blob/main/orchavate_gtm_workflow/outputs/v1.1_nse_tracker_enriched_clearbit_20260806_193605_attempt1_succesful_reviewnotdone_orchavatecore_digital/AVP_Infracon_Limited/screenshots/AVP_Infracon_Limited_Homepage_WAVE_Overlay.png)","N/A","Company Secretary & Compliance Officer","Not publicly disclosed","N/A","Managing Director / CEO","Not publicly disclosed"
"302","Auditor 1","Signoria Creation Limited","Not Found","No","No","No","6.2 out of 10","24","30","![WAVE Tool Screenshot](https://github.com/VEER-TANMAY-SACHIN/projects/blob/main/orchavate_gtm_workflow/outputs/v1.1_nse_tracker_enriched_clearbit_20260806_193605_attempt1_succesful_reviewnotdone_orchavatecore_digital/Signoria_Creation_Limited/screenshots/Signoria_Creation_Limited_Homepage_WAVE_Overlay.png)","N/A","Company Secretary & Compliance Officer","Not publicly disclosed","N/A","Managing Director / CEO","Not publicly disclosed"
"303","Auditor 1","Pratham EPC Projects Limited","prathamepc.com","Yes","No","No","1.7 out of 10","52","30","![WAVE Tool Screenshot](https://github.com/VEER-TANMAY-SACHIN/projects/blob/main/orchavate_gtm_workflow/outputs/v1.1_nse_tracker_enriched_clearbit_20260806_193605_attempt1_succesful_reviewnotdone_orchavatecore_digital/Pratham_EPC_Projects_Limited/screenshots/Pratham_EPC_Projects_Limited_Homepage_WAVE_Overlay.png)","N/A","Company Secretary & Compliance Officer","Not publicly disclosed","N/A","Managing Director / CEO","Not publicly disclosed"
"304","Auditor 1","Shree Karni Fabcom Limited","Not Found","No","No","No","5.2 out of 10","30","30","![WAVE Tool Screenshot](https://github.com/VEER-TANMAY-SACHIN/projects/blob/main/orchavate_gtm_workflow/outputs/v1.1_nse_tracker_enriched_clearbit_20260806_193605_attempt1_succesful_reviewnotdone_orchavatecore_digital/Shree_Karni_Fabcom_Limited/screenshots/Shree_Karni_Fabcom_Limited_Homepage_WAVE_Overlay.png)","N/A","Company Secretary & Compliance Officer","Not publicly disclosed","N/A","Managing Director / CEO","Not publicly disclosed"
"305","Auditor 1","Sona Machinery Limited","sonamachinery.com","Yes","No","No","6.2 out of 10","24","30","![WAVE Tool Screenshot](https://github.com/VEER-TANMAY-SACHIN/projects/blob/main/orchavate_gtm_workflow/outputs/v1.1_nse_tracker_enriched_clearbit_20260806_193605_attempt1_succesful_reviewnotdone_orchavatecore_digital/Sona_Machinery_Limited/screenshots/Sona_Machinery_Limited_Homepage_WAVE_Overlay.png)","N/A","Company Secretary & Compliance Officer","Not publicly disclosed","N/A","Managing Director / CEO","Not publicly disclosed"
"306","Auditor 1","V R Infraspace Limited","vrinfraspace.com","Yes","No","No","1 out of 10","65","30","![WAVE Tool Screenshot](https://github.com/VEER-TANMAY-SACHIN/projects/blob/main/orchavate_gtm_workflow/outputs/v1.1_nse_tracker_enriched_clearbit_20260806_193605_attempt1_succesful_reviewnotdone_orchavatecore_digital/V_R_Infraspace_Limited/screenshots/V_R_Infraspace_Limited_Homepage_WAVE_Overlay.png)","N/A","Company Secretary & Compliance Officer","Not publicly disclosed","N/A","Managing Director / CEO","Not publicly disclosed"
"307","Auditor 1","M.V.K. Agro Food Product Limited","Not Found","No","No","No","2.5 out of 10","47","30","![WAVE Tool Screenshot](https://github.com/VEER-TANMAY-SACHIN/projects/blob/main/orchavate_gtm_workflow/outputs/v1.1_nse_tracker_enriched_clearbit_20260806_193605_attempt1_succesful_reviewnotdone_orchavatecore_digital/M_V_K__Agro_Food_Product_Limited/screenshots/M_V_K__Agro_Food_Product_Limited_Homepage_WAVE_Overlay.png)","N/A","Company Secretary & Compliance Officer","Not publicly disclosed","N/A","Managing Director / CEO","Not publicly disclosed"
"308","Auditor 1","Purv Flexipack Limited","Not Found","No","No","No","4.7 out of 10","33","30","![WAVE Tool Screenshot](https://github.com/VEER-TANMAY-SACHIN/projects/blob/main/orchavate_gtm_workflow/outputs/v1.1_nse_tracker_enriched_clearbit_20260806_193605_attempt1_succesful_reviewnotdone_orchavatecore_digital/Purv_Flexipack_Limited/screenshots/Purv_Flexipack_Limited_Homepage_WAVE_Overlay.png)","N/A","Company Secretary & Compliance Officer","Not publicly disclosed","N/A","Managing Director / CEO","Not publicly disclosed"
"309","Auditor 1","Owais Metal And Mineral Processing Limited","Not Found","No","No","No","1.2 out of 10","55","30","![WAVE Tool Screenshot](https://github.com/VEER-TANMAY-SACHIN/projects/blob/main/orchavate_gtm_workflow/outputs/v1.1_nse_tracker_enriched_clearbit_20260806_193605_attempt1_succesful_reviewnotdone_orchavatecore_digital/Owais_Metal_And_Mineral_Processing_Limited/screenshots/Owais_Metal_And_Mineral_Processing_Limited_Homepage_WAVE_Overlay.png)","N/A","Company Secretary & Compliance Officer","Not publicly disclosed","N/A","Managing Director / CEO","Not publicly disclosed"
"310","Auditor 1","Sadhav Shipping Limited","Not Found","No","No","No","7.1 out of 10","18","30","![WAVE Tool Screenshot](https://github.com/VEER-TANMAY-SACHIN/projects/blob/main/orchavate_gtm_workflow/outputs/v1.1_nse_tracker_enriched_clearbit_20260806_193605_attempt1_succesful_reviewnotdone_orchavatecore_digital/Sadhav_Shipping_Limited/screenshots/Sadhav_Shipping_Limited_Homepage_WAVE_Overlay.png)","N/A","Company Secretary & Compliance Officer","Not publicly disclosed","N/A","Managing Director / CEO","Not publicly disclosed"
"311","Auditor 1","Deem Roll Tech Limited","Not Found","No","No","No","3.9 out of 10","38","30","![WAVE Tool Screenshot](https://github.com/VEER-TANMAY-SACHIN/projects/blob/main/orchavate_gtm_workflow/outputs/v1.1_nse_tracker_enriched_clearbit_20260806_193605_attempt1_succesful_reviewnotdone_orchavatecore_digital/Deem_Roll_Tech_Limited/screenshots/Deem_Roll_Tech_Limited_Homepage_WAVE_Overlay.png)","N/A","Company Secretary & Compliance Officer","Not publicly disclosed","N/A","Managing Director / CEO","Not publicly disclosed"
"312","Auditor 1","Zenith Drugs Limited","zenithdrugs.com","Yes","No","No","3.9 out of 10","38","30","![WAVE Tool Screenshot](https://github.com/VEER-TANMAY-SACHIN/projects/blob/main/orchavate_gtm_workflow/outputs/v1.1_nse_tracker_enriched_clearbit_20260806_193605_attempt1_succesful_reviewnotdone_orchavatecore_digital/Zenith_Drugs_Limited/screenshots/Zenith_Drugs_Limited_Homepage_WAVE_Overlay.png)","N/A","Company Secretary & Compliance Officer","Not publicly disclosed","N/A","Managing Director / CEO","Not publicly disclosed"
"313","Auditor 1","Interiors & More Limited","interiorsavings.com","Yes","No","No","2.5 out of 10","47","30","![WAVE Tool Screenshot](https://github.com/VEER-TANMAY-SACHIN/projects/blob/main/orchavate_gtm_workflow/outputs/v1.1_nse_tracker_enriched_clearbit_20260806_193605_attempt1_succesful_reviewnotdone_orchavatecore_digital/Interiors___More_Limited/screenshots/Interiors___More_Limited_Homepage_WAVE_Overlay.png)","N/A","Company Secretary & Compliance Officer","Not publicly disclosed","N/A","Managing Director / CEO","Not publicly disclosed"
"314","Auditor 1","Atmastco Limited","atmastco.com","Yes","No","No","4.2 out of 10","36","30","![WAVE Tool Screenshot](https://github.com/VEER-TANMAY-SACHIN/projects/blob/main/orchavate_gtm_workflow/outputs/v1.1_nse_tracker_enriched_clearbit_20260806_193605_attempt1_succesful_reviewnotdone_orchavatecore_digital/Atmastco_Limited/screenshots/Atmastco_Limited_Homepage_WAVE_Overlay.png)","N/A","Company Secretary & Compliance Officer","Not publicly disclosed","N/A","Managing Director / CEO","Not publicly disclosed"
"315","Auditor 1","Thaai Casting Limited","thaaicasting.com","Yes","No","No","1 out of 10","60","30","![WAVE Tool Screenshot](https://github.com/VEER-TANMAY-SACHIN/projects/blob/main/orchavate_gtm_workflow/outputs/v1.1_nse_tracker_enriched_clearbit_20260806_193605_attempt1_succesful_reviewnotdone_orchavatecore_digital/Thaai_Casting_Limited/screenshots/Thaai_Casting_Limited_Homepage_WAVE_Overlay.png)","N/A","Company Secretary & Compliance Officer","Not publicly disclosed","N/A","Managing Director / CEO","Not publicly disclosed"
"316","Auditor 1","Esconet Technologies Limited","esco-net.com","Yes","No","No","6.3 out of 10","23","30","![WAVE Tool Screenshot](https://github.com/VEER-TANMAY-SACHIN/projects/blob/main/orchavate_gtm_workflow/outputs/v1.1_nse_tracker_enriched_clearbit_20260806_193605_attempt1_succesful_reviewnotdone_orchavatecore_digital/Esconet_Technologies_Limited/screenshots/Esconet_Technologies_Limited_Homepage_WAVE_Overlay.png)","N/A","Company Secretary & Compliance Officer","Not publicly disclosed","N/A","Managing Director / CEO","Not publicly disclosed"
"317","Auditor 1","Wise Travel India Limited","wise-traveler.com","Yes","No","No","1 out of 10","57","30","![WAVE Tool Screenshot](https://github.com/VEER-TANMAY-SACHIN/projects/blob/main/orchavate_gtm_workflow/outputs/v1.1_nse_tracker_enriched_clearbit_20260806_193605_attempt1_succesful_reviewnotdone_orchavatecore_digital/Wise_Travel_India_Limited/screenshots/Wise_Travel_India_Limited_Homepage_WAVE_Overlay.png)","N/A","Company Secretary & Compliance Officer","Not publicly disclosed","N/A","Managing Director / CEO","Not publicly disclosed"
"318","Auditor 1","Polysil Irrigation Systems Limited","polysilirrigation.com","Yes","No","No","7.1 out of 10","18","30","![WAVE Tool Screenshot](https://github.com/VEER-TANMAY-SACHIN/projects/blob/main/orchavate_gtm_workflow/outputs/v1.1_nse_tracker_enriched_clearbit_20260806_193605_attempt1_succesful_reviewnotdone_orchavatecore_digital/Polysil_Irrigation_Systems_Limited/screenshots/Polysil_Irrigation_Systems_Limited_Homepage_WAVE_Overlay.png)","N/A","Company Secretary & Compliance Officer","Not publicly disclosed","N/A","Managing Director / CEO","Not publicly disclosed"
"319","Auditor 1","Alpex Solar Limited","alpexsolar.com","Yes","No","No","1 out of 10","64","30","![WAVE Tool Screenshot](https://github.com/VEER-TANMAY-SACHIN/projects/blob/main/orchavate_gtm_workflow/outputs/v1.1_nse_tracker_enriched_clearbit_20260806_193605_attempt1_succesful_reviewnotdone_orchavatecore_digital/Alpex_Solar_Limited/screenshots/Alpex_Solar_Limited_Homepage_WAVE_Overlay.png)","N/A","Company Secretary & Compliance Officer","Not publicly disclosed","N/A","Managing Director / CEO","Not publicly disclosed"
"320","Auditor 1","Italian Edibles Limited","Not Found","No","No","No","6.5 out of 10","22","30","![WAVE Tool Screenshot](https://github.com/VEER-TANMAY-SACHIN/projects/blob/main/orchavate_gtm_workflow/outputs/v1.1_nse_tracker_enriched_clearbit_20260806_193605_attempt1_succesful_reviewnotdone_orchavatecore_digital/Italian_Edibles_Limited/screenshots/Italian_Edibles_Limited_Homepage_WAVE_Overlay.png)","N/A","Company Secretary & Compliance Officer","Not publicly disclosed","N/A","Managing Director / CEO","Not publicly disclosed"
"321","Auditor 1","Baweja Studios Limited","Not Found","No","No","No","6.3 out of 10","23","30","![WAVE Tool Screenshot](https://github.com/VEER-TANMAY-SACHIN/projects/blob/main/orchavate_gtm_workflow/outputs/v1.1_nse_tracker_enriched_clearbit_20260806_193605_attempt1_succesful_reviewnotdone_orchavatecore_digital/Baweja_Studios_Limited/screenshots/Baweja_Studios_Limited_Homepage_WAVE_Overlay.png)","N/A","Company Secretary & Compliance Officer","Not publicly disclosed","N/A","Managing Director / CEO","Not publicly disclosed"
"322","Auditor 1","Megatherm Induction Limited","Not Found","No","No","No","1.5 out of 10","53","30","![WAVE Tool Screenshot](https://github.com/VEER-TANMAY-SACHIN/projects/blob/main/orchavate_gtm_workflow/outputs/v1.1_nse_tracker_enriched_clearbit_20260806_193605_attempt1_succesful_reviewnotdone_orchavatecore_digital/Megatherm_Induction_Limited/screenshots/Megatherm_Induction_Limited_Homepage_WAVE_Overlay.png)","N/A","Company Secretary & Compliance Officer","Not publicly disclosed","N/A","Managing Director / CEO","Not publicly disclosed"
"323","Auditor 1","Fonebox Retail Limited","Not Found","No","No","No","2 out of 10","50","30","![WAVE Tool Screenshot](https://github.com/VEER-TANMAY-SACHIN/projects/blob/main/orchavate_gtm_workflow/outputs/v1.1_nse_tracker_enriched_clearbit_20260806_193605_attempt1_succesful_reviewnotdone_orchavatecore_digital/Fonebox_Retail_Limited/screenshots/Fonebox_Retail_Limited_Homepage_WAVE_Overlay.png)","N/A","Company Secretary & Compliance Officer","Not publicly disclosed","N/A","Managing Director / CEO","Not publicly disclosed"
"324","Auditor 1","Docmode Health Technologies Limited","Not Found","No","No","No","5 out of 10","31","30","![WAVE Tool Screenshot](https://github.com/VEER-TANMAY-SACHIN/projects/blob/main/orchavate_gtm_workflow/outputs/v1.1_nse_tracker_enriched_clearbit_20260806_193605_attempt1_succesful_reviewnotdone_orchavatecore_digital/Docmode_Health_Technologies_Limited/screenshots/Docmode_Health_Technologies_Limited_Homepage_WAVE_Overlay.png)","N/A","Company Secretary & Compliance Officer","Not publicly disclosed","N/A","Managing Director / CEO","Not publicly disclosed"
"325","Auditor 1","Delaplex Limited","delaplex.com","Yes","No","No","7.1 out of 10","18","30","![WAVE Tool Screenshot](https://github.com/VEER-TANMAY-SACHIN/projects/blob/main/orchavate_gtm_workflow/outputs/v1.1_nse_tracker_enriched_clearbit_20260806_193605_attempt1_succesful_reviewnotdone_orchavatecore_digital/Delaplex_Limited/screenshots/Delaplex_Limited_Homepage_WAVE_Overlay.png)","N/A","Company Secretary & Compliance Officer","Not publicly disclosed","N/A","Managing Director / CEO","Not publicly disclosed"
"326","Auditor 1","Konstelec Engineers Limited","konstelec.com","Yes","No","No","5.4 out of 10","29","30","![WAVE Tool Screenshot](https://github.com/VEER-TANMAY-SACHIN/projects/blob/main/orchavate_gtm_workflow/outputs/v1.1_nse_tracker_enriched_clearbit_20260806_193605_attempt1_succesful_reviewnotdone_orchavatecore_digital/Konstelec_Engineers_Limited/screenshots/Konstelec_Engineers_Limited_Homepage_WAVE_Overlay.png)","N/A","Company Secretary & Compliance Officer","Not publicly disclosed","N/A","Managing Director / CEO","Not publicly disclosed"
"327","Auditor 1","Addictive Learning Technology Limited","Not Found","No","No","No","2.2 out of 10","49","30","![WAVE Tool Screenshot](https://github.com/VEER-TANMAY-SACHIN/projects/blob/main/orchavate_gtm_workflow/outputs/v1.1_nse_tracker_enriched_clearbit_20260806_193605_attempt1_succesful_reviewnotdone_orchavatecore_digital/Addictive_Learning_Technology_Limited/screenshots/Addictive_Learning_Technology_Limited_Homepage_WAVE_Overlay.png)","N/A","Company Secretary & Compliance Officer","Not publicly disclosed","N/A","Managing Director / CEO","Not publicly disclosed"
"328","Auditor 1","Maxposure Limited","maxposuremedia.com","Yes","No","No","1 out of 10","67","30","![WAVE Tool Screenshot](https://github.com/VEER-TANMAY-SACHIN/projects/blob/main/orchavate_gtm_workflow/outputs/v1.1_nse_tracker_enriched_clearbit_20260806_193605_attempt1_succesful_reviewnotdone_orchavatecore_digital/Maxposure_Limited/screenshots/Maxposure_Limited_Homepage_WAVE_Overlay.png)","N/A","Company Secretary & Compliance Officer","Not publicly disclosed","N/A","Managing Director / CEO","Not publicly disclosed"
"329","Auditor 1","Australian Premium Solar (India) Limited","australianpremiumsolar.co.in","Yes","No","No","3.3 out of 10","42","30","![WAVE Tool Screenshot](https://github.com/VEER-TANMAY-SACHIN/projects/blob/main/orchavate_gtm_workflow/outputs/v1.1_nse_tracker_enriched_clearbit_20260806_193605_attempt1_succesful_reviewnotdone_orchavatecore_digital/Australian_Premium_Solar__India__Limited/screenshots/Australian_Premium_Solar__India__Limited_Homepage_WAVE_Overlay.png)","N/A","Company Secretary & Compliance Officer","Not publicly disclosed","N/A","Managing Director / CEO","Not publicly disclosed"
"330","Auditor 1","IBL Finance Limited","Not Found","No","No","No","1 out of 10","67","30","![WAVE Tool Screenshot](https://github.com/VEER-TANMAY-SACHIN/projects/blob/main/orchavate_gtm_workflow/outputs/v1.1_nse_tracker_enriched_clearbit_20260806_193605_attempt1_succesful_reviewnotdone_orchavatecore_digital/IBL_Finance_Limited/screenshots/IBL_Finance_Limited_Homepage_WAVE_Overlay.png)","N/A","Company Secretary & Compliance Officer","Not publicly disclosed","N/A","Managing Director / CEO","Not publicly disclosed"
"331","Auditor 1","Kaushalya Logistics Limited","Not Found","No","No","No","6.6 out of 10","21","30","![WAVE Tool Screenshot](https://github.com/VEER-TANMAY-SACHIN/projects/blob/main/orchavate_gtm_workflow/outputs/v1.1_nse_tracker_enriched_clearbit_20260806_193605_attempt1_succesful_reviewnotdone_orchavatecore_digital/Kaushalya_Logistics_Limited/screenshots/Kaushalya_Logistics_Limited_Homepage_WAVE_Overlay.png)","N/A","Company Secretary & Compliance Officer","Not publicly disclosed","N/A","Managing Director / CEO","Not publicly disclosed"
"332","Auditor 1","Kay Cee Energy & Infra Limited","Not Found","No","No","No","2 out of 10","50","30","![WAVE Tool Screenshot](https://github.com/VEER-TANMAY-SACHIN/projects/blob/main/orchavate_gtm_workflow/outputs/v1.1_nse_tracker_enriched_clearbit_20260806_193605_attempt1_succesful_reviewnotdone_orchavatecore_digital/Kay_Cee_Energy___Infra_Limited/screenshots/Kay_Cee_Energy___Infra_Limited_Homepage_WAVE_Overlay.png)","N/A","Company Secretary & Compliance Officer","Not publicly disclosed","N/A","Managing Director / CEO","Not publicly disclosed"
"333","Auditor 1","HRH Next Services Limited","Not Found","No","No","No","1.4 out of 10","54","30","![WAVE Tool Screenshot](https://github.com/VEER-TANMAY-SACHIN/projects/blob/main/orchavate_gtm_workflow/outputs/v1.1_nse_tracker_enriched_clearbit_20260806_193605_attempt1_succesful_reviewnotdone_orchavatecore_digital/HRH_Next_Services_Limited/screenshots/HRH_Next_Services_Limited_Homepage_WAVE_Overlay.png)","N/A","Company Secretary & Compliance Officer","Not publicly disclosed","N/A","Managing Director / CEO","Not publicly disclosed"
"334","Auditor 1","Akanksha Power and Infrastructure Limited","Not Found","No","No","No","2.3 out of 10","48","30","![WAVE Tool Screenshot](https://github.com/VEER-TANMAY-SACHIN/projects/blob/main/orchavate_gtm_workflow/outputs/v1.1_nse_tracker_enriched_clearbit_20260806_193605_attempt1_succesful_reviewnotdone_orchavatecore_digital/Akanksha_Power_and_Infrastructure_Limited/screenshots/Akanksha_Power_and_Infrastructure_Limited_Homepage_WAVE_Overlay.png)","N/A","Company Secretary & Compliance Officer","Not publicly disclosed","N/A","Managing Director / CEO","Not publicly disclosed"
"335","Auditor 1","Sameera Agro And Infra Limited","Not Found","No","No","No","1.2 out of 10","55","30","![WAVE Tool Screenshot](https://github.com/VEER-TANMAY-SACHIN/projects/blob/main/orchavate_gtm_workflow/outputs/v1.1_nse_tracker_enriched_clearbit_20260806_193605_attempt1_succesful_reviewnotdone_orchavatecore_digital/Sameera_Agro_And_Infra_Limited/screenshots/Sameera_Agro_And_Infra_Limited_Homepage_WAVE_Overlay.png)","N/A","Company Secretary & Compliance Officer","Not publicly disclosed","N/A","Managing Director / CEO","Not publicly disclosed"
"336","Auditor 1","Indifra Limited","godnamedjesus.com","Yes","No","No","7 out of 10","19","30","![WAVE Tool Screenshot](https://github.com/VEER-TANMAY-SACHIN/projects/blob/main/orchavate_gtm_workflow/outputs/v1.1_nse_tracker_enriched_clearbit_20260806_193605_attempt1_succesful_reviewnotdone_orchavatecore_digital/Indifra_Limited/screenshots/Indifra_Limited_Homepage_WAVE_Overlay.png)","N/A","Company Secretary & Compliance Officer","Not publicly disclosed","N/A","Managing Director / CEO","Not publicly disclosed"
"337","Auditor 1","Trident Techlabs Limited","tridenttechlabs.com","Yes","No","No","5 out of 10","31","30","![WAVE Tool Screenshot](https://github.com/VEER-TANMAY-SACHIN/projects/blob/main/orchavate_gtm_workflow/outputs/v1.1_nse_tracker_enriched_clearbit_20260806_193605_attempt1_succesful_reviewnotdone_orchavatecore_digital/Trident_Techlabs_Limited/screenshots/Trident_Techlabs_Limited_Homepage_WAVE_Overlay.png)","N/A","Company Secretary & Compliance Officer","Not publicly disclosed","N/A","Managing Director / CEO","Not publicly disclosed"
"338","Auditor 1","Supreme Power Equipment Limited","Not Found","No","No","No","4.2 out of 10","36","30","![WAVE Tool Screenshot](https://github.com/VEER-TANMAY-SACHIN/projects/blob/main/orchavate_gtm_workflow/outputs/v1.1_nse_tracker_enriched_clearbit_20260806_193605_attempt1_succesful_reviewnotdone_orchavatecore_digital/Supreme_Power_Equipment_Limited/screenshots/Supreme_Power_Equipment_Limited_Homepage_WAVE_Overlay.png)","N/A","Company Secretary & Compliance Officer","Not publicly disclosed","N/A","Managing Director / CEO","Not publicly disclosed"
"339","Auditor 1","Electro Force (India) Limited","electro-force.fr","Yes","No","No","1 out of 10","66","30","![WAVE Tool Screenshot](https://github.com/VEER-TANMAY-SACHIN/projects/blob/main/orchavate_gtm_workflow/outputs/v1.1_nse_tracker_enriched_clearbit_20260806_193605_attempt1_succesful_reviewnotdone_orchavatecore_digital/Electro_Force__India__Limited/screenshots/Electro_Force__India__Limited_Homepage_WAVE_Overlay.png)","N/A","Company Secretary & Compliance Officer","Not publicly disclosed","N/A","Managing Director / CEO","Not publicly disclosed"
"340","Auditor 1","Shree OSFM E-Mobility Limited","Not Found","No","No","No","1.4 out of 10","54","30","![WAVE Tool Screenshot](https://github.com/VEER-TANMAY-SACHIN/projects/blob/main/orchavate_gtm_workflow/outputs/v1.1_nse_tracker_enriched_clearbit_20260806_193605_attempt1_succesful_reviewnotdone_orchavatecore_digital/Shree_OSFM_E_Mobility_Limited/screenshots/Shree_OSFM_E_Mobility_Limited_Homepage_WAVE_Overlay.png)","N/A","Company Secretary & Compliance Officer","Not publicly disclosed","N/A","Managing Director / CEO","Not publicly disclosed"
"341","Auditor 1","S J Logistics (India) Limited","sjl.co.kr","Yes","No","No","1 out of 10","57","30","![WAVE Tool Screenshot](https://github.com/VEER-TANMAY-SACHIN/projects/blob/main/orchavate_gtm_workflow/outputs/v1.1_nse_tracker_enriched_clearbit_20260806_193605_attempt1_succesful_reviewnotdone_orchavatecore_digital/S_J_Logistics__India__Limited/screenshots/S_J_Logistics__India__Limited_Homepage_WAVE_Overlay.png)","N/A","Company Secretary & Compliance Officer","Not publicly disclosed","N/A","Managing Director / CEO","Not publicly disclosed"
"342","Auditor 1","Presstonic Engineering Limited","Not Found","No","No","No","1.7 out of 10","52","30","![WAVE Tool Screenshot](https://github.com/VEER-TANMAY-SACHIN/projects/blob/main/orchavate_gtm_workflow/outputs/v1.1_nse_tracker_enriched_clearbit_20260806_193605_attempt1_succesful_reviewnotdone_orchavatecore_digital/Presstonic_Engineering_Limited/screenshots/Presstonic_Engineering_Limited_Homepage_WAVE_Overlay.png)","N/A","Company Secretary & Compliance Officer","Not publicly disclosed","N/A","Managing Director / CEO","Not publicly disclosed"
"343","Auditor 1","Accent Microcell Limited","accentmicrocell.com","Yes","No","No","1 out of 10","62","30","![WAVE Tool Screenshot](https://github.com/VEER-TANMAY-SACHIN/projects/blob/main/orchavate_gtm_workflow/outputs/v1.1_nse_tracker_enriched_clearbit_20260806_193605_attempt1_succesful_reviewnotdone_orchavatecore_digital/Accent_Microcell_Limited/screenshots/Accent_Microcell_Limited_Homepage_WAVE_Overlay.png)","N/A","Company Secretary & Compliance Officer","Not publicly disclosed","N/A","Managing Director / CEO","Not publicly disclosed"
"344","Auditor 1","Graphisads Limited","graphisads.com","Yes","No","No","1.5 out of 10","53","30","![WAVE Tool Screenshot](https://github.com/VEER-TANMAY-SACHIN/projects/blob/main/orchavate_gtm_workflow/outputs/v1.1_nse_tracker_enriched_clearbit_20260806_193605_attempt1_succesful_reviewnotdone_orchavatecore_digital/Graphisads_Limited/screenshots/Graphisads_Limited_Homepage_WAVE_Overlay.png)","N/A","Company Secretary & Compliance Officer","Not publicly disclosed","N/A","Managing Director / CEO","Not publicly disclosed"
"345","Auditor 1","Sheetal Universal Limited","sheetaluniversal.com","Yes","No","No","2.3 out of 10","48","30","![WAVE Tool Screenshot](https://github.com/VEER-TANMAY-SACHIN/projects/blob/main/orchavate_gtm_workflow/outputs/v1.1_nse_tracker_enriched_clearbit_20260806_193605_attempt1_succesful_reviewnotdone_orchavatecore_digital/Sheetal_Universal_Limited/screenshots/Sheetal_Universal_Limited_Homepage_WAVE_Overlay.png)","N/A","Company Secretary & Compliance Officer","Not publicly disclosed","N/A","Managing Director / CEO","Not publicly disclosed"
"346","Auditor 1","Marinetrans India Limited","mtlworld.com","Yes","No","No","3.4 out of 10","41","30","![WAVE Tool Screenshot](https://github.com/VEER-TANMAY-SACHIN/projects/blob/main/orchavate_gtm_workflow/outputs/v1.1_nse_tracker_enriched_clearbit_20260806_193605_attempt1_succesful_reviewnotdone_orchavatecore_digital/Marinetrans_India_Limited/screenshots/Marinetrans_India_Limited_Homepage_WAVE_Overlay.png)","N/A","Company Secretary & Compliance Officer","Not publicly disclosed","N/A","Managing Director / CEO","Not publicly disclosed"
"347","Auditor 1","Net Avenue Technologies Limited","natl.in","Yes","No","No","1 out of 10","56","30","![WAVE Tool Screenshot](https://github.com/VEER-TANMAY-SACHIN/projects/blob/main/orchavate_gtm_workflow/outputs/v1.1_nse_tracker_enriched_clearbit_20260806_193605_attempt1_succesful_reviewnotdone_orchavatecore_digital/Net_Avenue_Technologies_Limited/screenshots/Net_Avenue_Technologies_Limited_Homepage_WAVE_Overlay.png)","N/A","Company Secretary & Compliance Officer","Not publicly disclosed","N/A","Managing Director / CEO","Not publicly disclosed"
"348","Auditor 1","Rockingdeals Circular Economy Limited","Not Found","No","No","No","7.4 out of 10","16","30","![WAVE Tool Screenshot](https://github.com/VEER-TANMAY-SACHIN/projects/blob/main/orchavate_gtm_workflow/outputs/v1.1_nse_tracker_enriched_clearbit_20260806_193605_attempt1_succesful_reviewnotdone_orchavatecore_digital/Rockingdeals_Circular_Economy_Limited/screenshots/Rockingdeals_Circular_Economy_Limited_Homepage_WAVE_Overlay.png)","N/A","Company Secretary & Compliance Officer","Not publicly disclosed","N/A","Managing Director / CEO","Not publicly disclosed"
"349","Auditor 1","Sunrest Lifescience Limited","Not Found","No","No","No","1 out of 10","60","30","![WAVE Tool Screenshot](https://github.com/VEER-TANMAY-SACHIN/projects/blob/main/orchavate_gtm_workflow/outputs/v1.1_nse_tracker_enriched_clearbit_20260806_193605_attempt1_succesful_reviewnotdone_orchavatecore_digital/Sunrest_Lifescience_Limited/screenshots/Sunrest_Lifescience_Limited_Homepage_WAVE_Overlay.png)","N/A","Company Secretary & Compliance Officer","Not publicly disclosed","N/A","Managing Director / CEO","Not publicly disclosed"
"350","Auditor 1","Rox Hi Tech Limited","Not Found","No","No","No","6.8 out of 10","20","30","![WAVE Tool Screenshot](https://github.com/VEER-TANMAY-SACHIN/projects/blob/main/orchavate_gtm_workflow/outputs/v1.1_nse_tracker_enriched_clearbit_20260806_193605_attempt1_succesful_reviewnotdone_orchavatecore_digital/Rox_Hi_Tech_Limited/screenshots/Rox_Hi_Tech_Limited_Homepage_WAVE_Overlay.png)","N/A","Company Secretary & Compliance Officer","Not publicly disclosed","N/A","Managing Director / CEO","Not publicly disclosed"
"351","Auditor 1","Baba Food Processing (India) Limited","Not Found","No","No","No","3.1 out of 10","43","30","![WAVE Tool Screenshot](https://github.com/VEER-TANMAY-SACHIN/projects/blob/main/orchavate_gtm_workflow/outputs/v1.1_nse_tracker_enriched_clearbit_20260806_193605_attempt1_succesful_reviewnotdone_orchavatecore_digital/Baba_Food_Processing__India__Limited/screenshots/Baba_Food_Processing__India__Limited_Homepage_WAVE_Overlay.png)","N/A","Company Secretary & Compliance Officer","Not publicly disclosed","N/A","Managing Director / CEO","Not publicly disclosed"
"352","Auditor 1","Micropro Software Solutions Limited","microproindia.com","Yes","No","No","3 out of 10","44","30","![WAVE Tool Screenshot](https://github.com/VEER-TANMAY-SACHIN/projects/blob/main/orchavate_gtm_workflow/outputs/v1.1_nse_tracker_enriched_clearbit_20260806_193605_attempt1_succesful_reviewnotdone_orchavatecore_digital/Micropro_Software_Solutions_Limited/screenshots/Micropro_Software_Solutions_Limited_Homepage_WAVE_Overlay.png)","N/A","Company Secretary & Compliance Officer","Not publicly disclosed","N/A","Managing Director / CEO","Not publicly disclosed"
"353","Auditor 1","Sar Televenture Limited","Not Found","No","No","No","1 out of 10","60","30","![WAVE Tool Screenshot](https://github.com/VEER-TANMAY-SACHIN/projects/blob/main/orchavate_gtm_workflow/outputs/v1.1_nse_tracker_enriched_clearbit_20260806_193605_attempt1_succesful_reviewnotdone_orchavatecore_digital/Sar_Televenture_Limited/screenshots/Sar_Televenture_Limited_Homepage_WAVE_Overlay.png)","N/A","Company Secretary & Compliance Officer","Not publicly disclosed","N/A","Managing Director / CEO","Not publicly disclosed"
"354","Auditor 1","Maitreya Medicare Limited","Not Found","No","No","No","7.3 out of 10","17","30","![WAVE Tool Screenshot](https://github.com/VEER-TANMAY-SACHIN/projects/blob/main/orchavate_gtm_workflow/outputs/v1.1_nse_tracker_enriched_clearbit_20260806_193605_attempt1_succesful_reviewnotdone_orchavatecore_digital/Maitreya_Medicare_Limited/screenshots/Maitreya_Medicare_Limited_Homepage_WAVE_Overlay.png)","N/A","Company Secretary & Compliance Officer","Not publicly disclosed","N/A","Managing Director / CEO","Not publicly disclosed"
"355","Auditor 1","Transteel Seating Technologies Limited","Not Found","No","No","No","1 out of 10","65","30","![WAVE Tool Screenshot](https://github.com/VEER-TANMAY-SACHIN/projects/blob/main/orchavate_gtm_workflow/outputs/v1.1_nse_tracker_enriched_clearbit_20260806_193605_attempt1_succesful_reviewnotdone_orchavatecore_digital/Transteel_Seating_Technologies_Limited/screenshots/Transteel_Seating_Technologies_Limited_Homepage_WAVE_Overlay.png)","N/A","Company Secretary & Compliance Officer","Not publicly disclosed","N/A","Managing Director / CEO","Not publicly disclosed"
"356","Auditor 1","Shanthala FMCG Products Limited","Not Found","No","No","No","2 out of 10","50","30","![WAVE Tool Screenshot](https://github.com/VEER-TANMAY-SACHIN/projects/blob/main/orchavate_gtm_workflow/outputs/v1.1_nse_tracker_enriched_clearbit_20260806_193605_attempt1_succesful_reviewnotdone_orchavatecore_digital/Shanthala_FMCG_Products_Limited/screenshots/Shanthala_FMCG_Products_Limited_Homepage_WAVE_Overlay.png)","N/A","Company Secretary & Compliance Officer","Not publicly disclosed","N/A","Managing Director / CEO","Not publicly disclosed"
"357","Auditor 1","Paragon Fine and Speciality Chemical Limited","Not Found","No","No","No","1.5 out of 10","53","30","![WAVE Tool Screenshot](https://github.com/VEER-TANMAY-SACHIN/projects/blob/main/orchavate_gtm_workflow/outputs/v1.1_nse_tracker_enriched_clearbit_20260806_193605_attempt1_succesful_reviewnotdone_orchavatecore_digital/Paragon_Fine_and_Speciality_Chemical_Limited/screenshots/Paragon_Fine_and_Speciality_Chemical_Limited_Homepage_WAVE_Overlay.png)","N/A","Company Secretary & Compliance Officer","Not publicly disclosed","N/A","Managing Director / CEO","Not publicly disclosed"
"358","Auditor 1","On Door Concepts Limited","Not Found","No","No","No","7.4 out of 10","16","30","![WAVE Tool Screenshot](https://github.com/VEER-TANMAY-SACHIN/projects/blob/main/orchavate_gtm_workflow/outputs/v1.1_nse_tracker_enriched_clearbit_20260806_193605_attempt1_succesful_reviewnotdone_orchavatecore_digital/On_Door_Concepts_Limited/screenshots/On_Door_Concepts_Limited_Homepage_WAVE_Overlay.png)","N/A","Company Secretary & Compliance Officer","Not publicly disclosed","N/A","Managing Director / CEO","Not publicly disclosed"
"359","Auditor 1","Rajgor Castor Derivatives Limited","Not Found","No","No","No","4.7 out of 10","33","30","![WAVE Tool Screenshot](https://github.com/VEER-TANMAY-SACHIN/projects/blob/main/orchavate_gtm_workflow/outputs/v1.1_nse_tracker_enriched_clearbit_20260806_193605_attempt1_succesful_reviewnotdone_orchavatecore_digital/Rajgor_Castor_Derivatives_Limited/screenshots/Rajgor_Castor_Derivatives_Limited_Homepage_WAVE_Overlay.png)","N/A","Company Secretary & Compliance Officer","Not publicly disclosed","N/A","Managing Director / CEO","Not publicly disclosed"
"360","Auditor 1","Womancart Limited","womancart.in","Yes","No","No","1 out of 10","58","30","![WAVE Tool Screenshot](https://github.com/VEER-TANMAY-SACHIN/projects/blob/main/orchavate_gtm_workflow/outputs/v1.1_nse_tracker_enriched_clearbit_20260806_193605_attempt1_succesful_reviewnotdone_orchavatecore_digital/Womancart_Limited/screenshots/Womancart_Limited_Homepage_WAVE_Overlay.png)","N/A","Company Secretary & Compliance Officer","Not publicly disclosed","N/A","Managing Director / CEO","Not publicly disclosed"
"361","Auditor 1","ARVIND PORT AND INFRA LIMITED","Not Found","No","No","No","6.3 out of 10","23","30","![WAVE Tool Screenshot](https://github.com/VEER-TANMAY-SACHIN/projects/blob/main/orchavate_gtm_workflow/outputs/v1.1_nse_tracker_enriched_clearbit_20260806_193605_attempt1_succesful_reviewnotdone_orchavatecore_digital/ARVIND_PORT_AND_INFRA_LIMITED/screenshots/ARVIND_PORT_AND_INFRA_LIMITED_Homepage_WAVE_Overlay.png)","N/A","Company Secretary & Compliance Officer","Not publicly disclosed","N/A","Managing Director / CEO","Not publicly disclosed"
"362","Auditor 1","Committed Cargo Care Limited","Not Found","No","No","No","2.5 out of 10","47","30","![WAVE Tool Screenshot](https://github.com/VEER-TANMAY-SACHIN/projects/blob/main/orchavate_gtm_workflow/outputs/v1.1_nse_tracker_enriched_clearbit_20260806_193605_attempt1_succesful_reviewnotdone_orchavatecore_digital/Committed_Cargo_Care_Limited/screenshots/Committed_Cargo_Care_Limited_Homepage_WAVE_Overlay.png)","N/A","Company Secretary & Compliance Officer","Not publicly disclosed","N/A","Managing Director / CEO","Not publicly disclosed"
"363","Auditor 1","Plada Infotech Services Limited","Not Found","No","No","No","5.8 out of 10","26","30","![WAVE Tool Screenshot](https://github.com/VEER-TANMAY-SACHIN/projects/blob/main/orchavate_gtm_workflow/outputs/v1.1_nse_tracker_enriched_clearbit_20260806_193605_attempt1_succesful_reviewnotdone_orchavatecore_digital/Plada_Infotech_Services_Limited/screenshots/Plada_Infotech_Services_Limited_Homepage_WAVE_Overlay.png)","N/A","Company Secretary & Compliance Officer","Not publicly disclosed","N/A","Managing Director / CEO","Not publicly disclosed"
"364","Auditor 1","Karnika Industries Limited","karnikaindustries.com","Yes","No","No","1.8 out of 10","51","30","![WAVE Tool Screenshot](https://github.com/VEER-TANMAY-SACHIN/projects/blob/main/orchavate_gtm_workflow/outputs/v1.1_nse_tracker_enriched_clearbit_20260806_193605_attempt1_succesful_reviewnotdone_orchavatecore_digital/Karnika_Industries_Limited/screenshots/Karnika_Industries_Limited_Homepage_WAVE_Overlay.png)","N/A","Company Secretary & Compliance Officer","Not publicly disclosed","N/A","Managing Director / CEO","Not publicly disclosed"
"365","Auditor 1","Sharp Chucks and Machines Limited","Not Found","No","No","No","3.1 out of 10","43","30","![WAVE Tool Screenshot](https://github.com/VEER-TANMAY-SACHIN/projects/blob/main/orchavate_gtm_workflow/outputs/v1.1_nse_tracker_enriched_clearbit_20260806_193605_attempt1_succesful_reviewnotdone_orchavatecore_digital/Sharp_Chucks_and_Machines_Limited/screenshots/Sharp_Chucks_and_Machines_Limited_Homepage_WAVE_Overlay.png)","N/A","Company Secretary & Compliance Officer","Not publicly disclosed","N/A","Managing Director / CEO","Not publicly disclosed"
"366","Auditor 1","Canarys Automations Limited","Not Found","No","No","No","6.3 out of 10","23","30","![WAVE Tool Screenshot](https://github.com/VEER-TANMAY-SACHIN/projects/blob/main/orchavate_gtm_workflow/outputs/v1.1_nse_tracker_enriched_clearbit_20260806_193605_attempt1_succesful_reviewnotdone_orchavatecore_digital/Canarys_Automations_Limited/screenshots/Canarys_Automations_Limited_Homepage_WAVE_Overlay.png)","N/A","Company Secretary & Compliance Officer","Not publicly disclosed","N/A","Managing Director / CEO","Not publicly disclosed"
"367","Auditor 1","Goyal Salt Limited","Not Found","No","No","No","6.5 out of 10","22","30","![WAVE Tool Screenshot](https://github.com/VEER-TANMAY-SACHIN/projects/blob/main/orchavate_gtm_workflow/outputs/v1.1_nse_tracker_enriched_clearbit_20260806_193605_attempt1_succesful_reviewnotdone_orchavatecore_digital/Goyal_Salt_Limited/screenshots/Goyal_Salt_Limited_Homepage_WAVE_Overlay.png)","N/A","Company Secretary & Compliance Officer","Not publicly disclosed","N/A","Managing Director / CEO","Not publicly disclosed"
"368","Auditor 1","Oneclick Logistics India Limited","Not Found","No","No","No","3.6 out of 10","40","30","![WAVE Tool Screenshot](https://github.com/VEER-TANMAY-SACHIN/projects/blob/main/orchavate_gtm_workflow/outputs/v1.1_nse_tracker_enriched_clearbit_20260806_193605_attempt1_succesful_reviewnotdone_orchavatecore_digital/Oneclick_Logistics_India_Limited/screenshots/Oneclick_Logistics_India_Limited_Homepage_WAVE_Overlay.png)","N/A","Company Secretary & Compliance Officer","Not publicly disclosed","N/A","Managing Director / CEO","Not publicly disclosed"
"369","Auditor 1","Kontor Space Limited","kontorspace.in","Yes","No","No","1 out of 10","64","30","![WAVE Tool Screenshot](https://github.com/VEER-TANMAY-SACHIN/projects/blob/main/orchavate_gtm_workflow/outputs/v1.1_nse_tracker_enriched_clearbit_20260806_193605_attempt1_succesful_reviewnotdone_orchavatecore_digital/Kontor_Space_Limited/screenshots/Kontor_Space_Limited_Homepage_WAVE_Overlay.png)","N/A","Company Secretary & Compliance Officer","Not publicly disclosed","N/A","Managing Director / CEO","Not publicly disclosed"
"370","Auditor 1","Vishnusurya Projects and Infra Limited","Not Found","No","No","No","2.8 out of 10","45","30","![WAVE Tool Screenshot](https://github.com/VEER-TANMAY-SACHIN/projects/blob/main/orchavate_gtm_workflow/outputs/v1.1_nse_tracker_enriched_clearbit_20260806_193605_attempt1_succesful_reviewnotdone_orchavatecore_digital/Vishnusurya_Projects_and_Infra_Limited/screenshots/Vishnusurya_Projects_and_Infra_Limited_Homepage_WAVE_Overlay.png)","N/A","Company Secretary & Compliance Officer","Not publicly disclosed","N/A","Managing Director / CEO","Not publicly disclosed"
"371","Auditor 1","E Factor Experiences Limited","Not Found","No","No","No","2.8 out of 10","45","30","![WAVE Tool Screenshot](https://github.com/VEER-TANMAY-SACHIN/projects/blob/main/orchavate_gtm_workflow/outputs/v1.1_nse_tracker_enriched_clearbit_20260806_193605_attempt1_succesful_reviewnotdone_orchavatecore_digital/E_Factor_Experiences_Limited/screenshots/E_Factor_Experiences_Limited_Homepage_WAVE_Overlay.png)","N/A","Company Secretary & Compliance Officer","Not publicly disclosed","N/A","Managing Director / CEO","Not publicly disclosed"
"372","Auditor 1","Arabian Petroleum Limited","apsco.com.sa","Yes","No","No","2.3 out of 10","48","30","![WAVE Tool Screenshot](https://github.com/VEER-TANMAY-SACHIN/projects/blob/main/orchavate_gtm_workflow/outputs/v1.1_nse_tracker_enriched_clearbit_20260806_193605_attempt1_succesful_reviewnotdone_orchavatecore_digital/Arabian_Petroleum_Limited/screenshots/Arabian_Petroleum_Limited_Homepage_WAVE_Overlay.png)","N/A","Company Secretary & Compliance Officer","Not publicly disclosed","N/A","Managing Director / CEO","Not publicly disclosed"
"373","Auditor 1","Vinyas Innovative Technologies Limited","vinyasit.com","Yes","No","No","1.7 out of 10","52","30","![WAVE Tool Screenshot](https://github.com/VEER-TANMAY-SACHIN/projects/blob/main/orchavate_gtm_workflow/outputs/v1.1_nse_tracker_enriched_clearbit_20260806_193605_attempt1_succesful_reviewnotdone_orchavatecore_digital/Vinyas_Innovative_Technologies_Limited/screenshots/Vinyas_Innovative_Technologies_Limited_Homepage_WAVE_Overlay.png)","N/A","Company Secretary & Compliance Officer","Not publicly disclosed","N/A","Managing Director / CEO","Not publicly disclosed"
"374","Auditor 1","Newjaisa Technologies Limited","newjaisa.com","Yes","No","No","5.2 out of 10","30","30","![WAVE Tool Screenshot](https://github.com/VEER-TANMAY-SACHIN/projects/blob/main/orchavate_gtm_workflow/outputs/v1.1_nse_tracker_enriched_clearbit_20260806_193605_attempt1_succesful_reviewnotdone_orchavatecore_digital/Newjaisa_Technologies_Limited/screenshots/Newjaisa_Technologies_Limited_Homepage_WAVE_Overlay.png)","N/A","Company Secretary & Compliance Officer","Not publicly disclosed","N/A","Managing Director / CEO","Not publicly disclosed"
"375","Auditor 1","Inspire Films Limited","inspirefilms.co.uk","Yes","No","No","5.7 out of 10","27","30","![WAVE Tool Screenshot](https://github.com/VEER-TANMAY-SACHIN/projects/blob/main/orchavate_gtm_workflow/outputs/v1.1_nse_tracker_enriched_clearbit_20260806_193605_attempt1_succesful_reviewnotdone_orchavatecore_digital/Inspire_Films_Limited/screenshots/Inspire_Films_Limited_Homepage_WAVE_Overlay.png)","N/A","Company Secretary & Compliance Officer","Not publicly disclosed","N/A","Managing Director / CEO","Not publicly disclosed"
"376","Auditor 1","Digikore Studios Limited","digikore.com","Yes","No","No","4.2 out of 10","36","30","![WAVE Tool Screenshot](https://github.com/VEER-TANMAY-SACHIN/projects/blob/main/orchavate_gtm_workflow/outputs/v1.1_nse_tracker_enriched_clearbit_20260806_193605_attempt1_succesful_reviewnotdone_orchavatecore_digital/Digikore_Studios_Limited/screenshots/Digikore_Studios_Limited_Homepage_WAVE_Overlay.png)","N/A","Company Secretary & Compliance Officer","Not publicly disclosed","N/A","Managing Director / CEO","Not publicly disclosed"
"377","Auditor 1","Mangalam Alloys Limited","mangalamalloys.com","Yes","No","No","4.2 out of 10","36","30","![WAVE Tool Screenshot](https://github.com/VEER-TANMAY-SACHIN/projects/blob/main/orchavate_gtm_workflow/outputs/v1.1_nse_tracker_enriched_clearbit_20260806_193605_attempt1_succesful_reviewnotdone_orchavatecore_digital/Mangalam_Alloys_Limited/screenshots/Mangalam_Alloys_Limited_Homepage_WAVE_Overlay.png)","N/A","Company Secretary & Compliance Officer","Not publicly disclosed","N/A","Managing Director / CEO","Not publicly disclosed"
"378","Auditor 1","Saakshi Medtech and Panels Limited","Not Found","No","No","No","2.3 out of 10","48","30","![WAVE Tool Screenshot](https://github.com/VEER-TANMAY-SACHIN/projects/blob/main/orchavate_gtm_workflow/outputs/v1.1_nse_tracker_enriched_clearbit_20260806_193605_attempt1_succesful_reviewnotdone_orchavatecore_digital/Saakshi_Medtech_and_Panels_Limited/screenshots/Saakshi_Medtech_and_Panels_Limited_Homepage_WAVE_Overlay.png)","N/A","Company Secretary & Compliance Officer","Not publicly disclosed","N/A","Managing Director / CEO","Not publicly disclosed"
"379","Auditor 1","Master Components Limited","Not Found","No","No","No","1 out of 10","62","30","![WAVE Tool Screenshot](https://github.com/VEER-TANMAY-SACHIN/projects/blob/main/orchavate_gtm_workflow/outputs/v1.1_nse_tracker_enriched_clearbit_20260806_193605_attempt1_succesful_reviewnotdone_orchavatecore_digital/Master_Components_Limited/screenshots/Master_Components_Limited_Homepage_WAVE_Overlay.png)","N/A","Company Secretary & Compliance Officer","Not publicly disclosed","N/A","Managing Director / CEO","Not publicly disclosed"
"380","Auditor 1","Marco Cables & Conductors Limited","marcocables.com","Yes","No","No","7.4 out of 10","16","30","![WAVE Tool Screenshot](https://github.com/VEER-TANMAY-SACHIN/projects/blob/main/orchavate_gtm_workflow/outputs/v1.1_nse_tracker_enriched_clearbit_20260806_193605_attempt1_succesful_reviewnotdone_orchavatecore_digital/Marco_Cables___Conductors_Limited/screenshots/Marco_Cables___Conductors_Limited_Homepage_WAVE_Overlay.png)","N/A","Company Secretary & Compliance Officer","Not publicly disclosed","N/A","Managing Director / CEO","Not publicly disclosed"
"381","Auditor 1","Hi-Green Carbon Limited","Not Found","No","No","No","5.8 out of 10","26","30","![WAVE Tool Screenshot](https://github.com/VEER-TANMAY-SACHIN/projects/blob/main/orchavate_gtm_workflow/outputs/v1.1_nse_tracker_enriched_clearbit_20260806_193605_attempt1_succesful_reviewnotdone_orchavatecore_digital/Hi_Green_Carbon_Limited/screenshots/Hi_Green_Carbon_Limited_Homepage_WAVE_Overlay.png)","N/A","Company Secretary & Compliance Officer","Not publicly disclosed","N/A","Managing Director / CEO","Not publicly disclosed"
"382","Auditor 1","Cellecor Gadgets Limited","Not Found","No","No","No","6.5 out of 10","22","30","![WAVE Tool Screenshot](https://github.com/VEER-TANMAY-SACHIN/projects/blob/main/orchavate_gtm_workflow/outputs/v1.1_nse_tracker_enriched_clearbit_20260806_193605_attempt1_succesful_reviewnotdone_orchavatecore_digital/Cellecor_Gadgets_Limited/screenshots/Cellecor_Gadgets_Limited_Homepage_WAVE_Overlay.png)","N/A","Company Secretary & Compliance Officer","Not publicly disclosed","N/A","Managing Director / CEO","Not publicly disclosed"
"383","Auditor 1","Kody Technolab Limited","kodytechnolab.com","Yes","No","No","3 out of 10","44","30","![WAVE Tool Screenshot](https://github.com/VEER-TANMAY-SACHIN/projects/blob/main/orchavate_gtm_workflow/outputs/v1.1_nse_tracker_enriched_clearbit_20260806_193605_attempt1_succesful_reviewnotdone_orchavatecore_digital/Kody_Technolab_Limited/screenshots/Kody_Technolab_Limited_Homepage_WAVE_Overlay.png)","N/A","Company Secretary & Compliance Officer","Not publicly disclosed","N/A","Managing Director / CEO","Not publicly disclosed"
"384","Auditor 1","Madhusudan Masala Limited","Not Found","No","No","No","1 out of 10","60","30","![WAVE Tool Screenshot](https://github.com/VEER-TANMAY-SACHIN/projects/blob/main/orchavate_gtm_workflow/outputs/v1.1_nse_tracker_enriched_clearbit_20260806_193605_attempt1_succesful_reviewnotdone_orchavatecore_digital/Madhusudan_Masala_Limited/screenshots/Madhusudan_Masala_Limited_Homepage_WAVE_Overlay.png)","N/A","Company Secretary & Compliance Officer","Not publicly disclosed","N/A","Managing Director / CEO","Not publicly disclosed"
"385","Auditor 1","Kundan Edifice Limited","kundanedifice.com","Yes","No","No","2 out of 10","50","30","![WAVE Tool Screenshot](https://github.com/VEER-TANMAY-SACHIN/projects/blob/main/orchavate_gtm_workflow/outputs/v1.1_nse_tracker_enriched_clearbit_20260806_193605_attempt1_succesful_reviewnotdone_orchavatecore_digital/Kundan_Edifice_Limited/screenshots/Kundan_Edifice_Limited_Homepage_WAVE_Overlay.png)","N/A","Company Secretary & Compliance Officer","Not publicly disclosed","N/A","Managing Director / CEO","Not publicly disclosed"
"386","Auditor 1","Holmarc Opto-Mechatronics Limited","Not Found","No","No","No","1 out of 10","66","30","![WAVE Tool Screenshot](https://github.com/VEER-TANMAY-SACHIN/projects/blob/main/orchavate_gtm_workflow/outputs/v1.1_nse_tracker_enriched_clearbit_20260806_193605_attempt1_succesful_reviewnotdone_orchavatecore_digital/Holmarc_Opto_Mechatronics_Limited/screenshots/Holmarc_Opto_Mechatronics_Limited_Homepage_WAVE_Overlay.png)","N/A","Company Secretary & Compliance Officer","Not publicly disclosed","N/A","Managing Director / CEO","Not publicly disclosed"
"387","Auditor 1","Chavda Infra Limited","chavdainfra.com","Yes","No","No","1 out of 10","59","30","![WAVE Tool Screenshot](https://github.com/VEER-TANMAY-SACHIN/projects/blob/main/orchavate_gtm_workflow/outputs/v1.1_nse_tracker_enriched_clearbit_20260806_193605_attempt1_succesful_reviewnotdone_orchavatecore_digital/Chavda_Infra_Limited/screenshots/Chavda_Infra_Limited_Homepage_WAVE_Overlay.png)","N/A","Company Secretary & Compliance Officer","Not publicly disclosed","N/A","Managing Director / CEO","Not publicly disclosed"
"388","Auditor 1","Unihealth Hospitals Limited","Not Found","No","No","No","2.6 out of 10","46","30","![WAVE Tool Screenshot](https://github.com/VEER-TANMAY-SACHIN/projects/blob/main/orchavate_gtm_workflow/outputs/v1.1_nse_tracker_enriched_clearbit_20260806_193605_attempt1_succesful_reviewnotdone_orchavatecore_digital/Unihealth_Hospitals_Limited/screenshots/Unihealth_Hospitals_Limited_Homepage_WAVE_Overlay.png)","N/A","Company Secretary & Compliance Officer","Not publicly disclosed","N/A","Managing Director / CEO","Not publicly disclosed"
"389","Auditor 1","Jiwanram Sheoduttrai Industries Limited","jiwanramgroup.com","Yes","No","No","5.7 out of 10","27","30","![WAVE Tool Screenshot](https://github.com/VEER-TANMAY-SACHIN/projects/blob/main/orchavate_gtm_workflow/outputs/v1.1_nse_tracker_enriched_clearbit_20260806_193605_attempt1_succesful_reviewnotdone_orchavatecore_digital/Jiwanram_Sheoduttrai_Industries_Limited/screenshots/Jiwanram_Sheoduttrai_Industries_Limited_Homepage_WAVE_Overlay.png)","N/A","Company Secretary & Compliance Officer","Not publicly disclosed","N/A","Managing Director / CEO","Not publicly disclosed"
"390","Auditor 1","Pramara Promotions Limited","Not Found","No","No","No","6 out of 10","25","30","![WAVE Tool Screenshot](https://github.com/VEER-TANMAY-SACHIN/projects/blob/main/orchavate_gtm_workflow/outputs/v1.1_nse_tracker_enriched_clearbit_20260806_193605_attempt1_succesful_reviewnotdone_orchavatecore_digital/Pramara_Promotions_Limited/screenshots/Pramara_Promotions_Limited_Homepage_WAVE_Overlay.png)","N/A","Company Secretary & Compliance Officer","Not publicly disclosed","N/A","Managing Director / CEO","Not publicly disclosed"
"391","Auditor 1","Saroja Pharma Industries India Limited","Not Found","No","No","No","4.6 out of 10","34","30","![WAVE Tool Screenshot](https://github.com/VEER-TANMAY-SACHIN/projects/blob/main/orchavate_gtm_workflow/outputs/v1.1_nse_tracker_enriched_clearbit_20260806_193605_attempt1_succesful_reviewnotdone_orchavatecore_digital/Saroja_Pharma_Industries_India_Limited/screenshots/Saroja_Pharma_Industries_India_Limited_Homepage_WAVE_Overlay.png)","N/A","Company Secretary & Compliance Officer","Not publicly disclosed","N/A","Managing Director / CEO","Not publicly disclosed"
"392","Auditor 1","Basilic Fly Studio Limited","basilicflystudio.com","Yes","No","No","4.7 out of 10","33","30","![WAVE Tool Screenshot](https://github.com/VEER-TANMAY-SACHIN/projects/blob/main/orchavate_gtm_workflow/outputs/v1.1_nse_tracker_enriched_clearbit_20260806_193605_attempt1_succesful_reviewnotdone_orchavatecore_digital/Basilic_Fly_Studio_Limited/screenshots/Basilic_Fly_Studio_Limited_Homepage_WAVE_Overlay.png)","N/A","Company Secretary & Compliance Officer","Not publicly disclosed","N/A","Managing Director / CEO","Not publicly disclosed"
"393","Auditor 1","Mono Pharmacare Limited","Not Found","No","No","No","3.4 out of 10","41","30","![WAVE Tool Screenshot](https://github.com/VEER-TANMAY-SACHIN/projects/blob/main/orchavate_gtm_workflow/outputs/v1.1_nse_tracker_enriched_clearbit_20260806_193605_attempt1_succesful_reviewnotdone_orchavatecore_digital/Mono_Pharmacare_Limited/screenshots/Mono_Pharmacare_Limited_Homepage_WAVE_Overlay.png)","N/A","Company Secretary & Compliance Officer","Not publicly disclosed","N/A","Managing Director / CEO","Not publicly disclosed"
"394","Auditor 1","C P S Shapers Limited","Not Found","No","No","No","1.2 out of 10","55","30","![WAVE Tool Screenshot](https://github.com/VEER-TANMAY-SACHIN/projects/blob/main/orchavate_gtm_workflow/outputs/v1.1_nse_tracker_enriched_clearbit_20260806_193605_attempt1_succesful_reviewnotdone_orchavatecore_digital/C_P_S_Shapers_Limited/screenshots/C_P_S_Shapers_Limited_Homepage_WAVE_Overlay.png)","N/A","Company Secretary & Compliance Officer","Not publicly disclosed","N/A","Managing Director / CEO","Not publicly disclosed"
"395","Auditor 1","Sungarner Energies Limited","sungarner.com","Yes","No","No","1 out of 10","57","30","![WAVE Tool Screenshot](https://github.com/VEER-TANMAY-SACHIN/projects/blob/main/orchavate_gtm_workflow/outputs/v1.1_nse_tracker_enriched_clearbit_20260806_193605_attempt1_succesful_reviewnotdone_orchavatecore_digital/Sungarner_Energies_Limited/screenshots/Sungarner_Energies_Limited_Homepage_WAVE_Overlay.png)","N/A","Company Secretary & Compliance Officer","Not publicly disclosed","N/A","Managing Director / CEO","Not publicly disclosed"
"396","Auditor 1","Crop Life Science Limited","croplifescience.com","Yes","No","No","6.3 out of 10","23","30","![WAVE Tool Screenshot](https://github.com/VEER-TANMAY-SACHIN/projects/blob/main/orchavate_gtm_workflow/outputs/v1.1_nse_tracker_enriched_clearbit_20260806_193605_attempt1_succesful_reviewnotdone_orchavatecore_digital/Crop_Life_Science_Limited/screenshots/Crop_Life_Science_Limited_Homepage_WAVE_Overlay.png)","N/A","Company Secretary & Compliance Officer","Not publicly disclosed","N/A","Managing Director / CEO","Not publicly disclosed"
"397","Auditor 1","Srivari Spices And Foods Limited","srivarispices.com","Yes","No","No","2.5 out of 10","47","30","![WAVE Tool Screenshot](https://github.com/VEER-TANMAY-SACHIN/projects/blob/main/orchavate_gtm_workflow/outputs/v1.1_nse_tracker_enriched_clearbit_20260806_193605_attempt1_succesful_reviewnotdone_orchavatecore_digital/Srivari_Spices_And_Foods_Limited/screenshots/Srivari_Spices_And_Foods_Limited_Homepage_WAVE_Overlay.png)","N/A","Company Secretary & Compliance Officer","Not publicly disclosed","N/A","Managing Director / CEO","Not publicly disclosed"
"398","Auditor 1","Yudiz Solutions Limited","yudiz.com","Yes","No","No","4.6 out of 10","34","30","![WAVE Tool Screenshot](https://github.com/VEER-TANMAY-SACHIN/projects/blob/main/orchavate_gtm_workflow/outputs/v1.1_nse_tracker_enriched_clearbit_20260806_193605_attempt1_succesful_reviewnotdone_orchavatecore_digital/Yudiz_Solutions_Limited/screenshots/Yudiz_Solutions_Limited_Homepage_WAVE_Overlay.png)","N/A","Company Secretary & Compliance Officer","Not publicly disclosed","N/A","Managing Director / CEO","Not publicly disclosed"
"399","Auditor 1","Sangani Hospitals Limited","Not Found","No","No","No","7.4 out of 10","16","30","![WAVE Tool Screenshot](https://github.com/VEER-TANMAY-SACHIN/projects/blob/main/orchavate_gtm_workflow/outputs/v1.1_nse_tracker_enriched_clearbit_20260806_193605_attempt1_succesful_reviewnotdone_orchavatecore_digital/Sangani_Hospitals_Limited/screenshots/Sangani_Hospitals_Limited_Homepage_WAVE_Overlay.png)","N/A","Company Secretary & Compliance Officer","Not publicly disclosed","N/A","Managing Director / CEO","Not publicly disclosed"
"400","Auditor 1","Oriana Power Limited","orianapower.com","Yes","No","No","3.3 out of 10","42","30","![WAVE Tool Screenshot](https://github.com/VEER-TANMAY-SACHIN/projects/blob/main/orchavate_gtm_workflow/outputs/v1.1_nse_tracker_enriched_clearbit_20260806_193605_attempt1_succesful_reviewnotdone_orchavatecore_digital/Oriana_Power_Limited/screenshots/Oriana_Power_Limited_Homepage_WAVE_Overlay.png)","N/A","Company Secretary & Compliance Officer","Not publicly disclosed","N/A","Managing Director / CEO","Not publicly disclosed"
"401","Auditor 1","Vinsys IT Services India Limited","Not Found","No","No","No","3 out of 10","44","30","![WAVE Tool Screenshot](https://github.com/VEER-TANMAY-SACHIN/projects/blob/main/orchavate_gtm_workflow/outputs/v1.1_nse_tracker_enriched_clearbit_20260806_193605_attempt1_succesful_reviewnotdone_orchavatecore_digital/Vinsys_IT_Services_India_Limited/screenshots/Vinsys_IT_Services_India_Limited_Homepage_WAVE_Overlay.png)","N/A","Company Secretary & Compliance Officer","Not publicly disclosed","N/A","Managing Director / CEO","Not publicly disclosed"
"402","Auditor 1","Zeal Global Services Limited","Not Found","No","No","No","1 out of 10","67","30","![WAVE Tool Screenshot](https://github.com/VEER-TANMAY-SACHIN/projects/blob/main/orchavate_gtm_workflow/outputs/v1.1_nse_tracker_enriched_clearbit_20260806_193605_attempt1_succesful_reviewnotdone_orchavatecore_digital/Zeal_Global_Services_Limited/screenshots/Zeal_Global_Services_Limited_Homepage_WAVE_Overlay.png)","N/A","Company Secretary & Compliance Officer","Not publicly disclosed","N/A","Managing Director / CEO","Not publicly disclosed"
"403","Auditor 1","Shri Techtex Limited","Not Found","No","No","No","1 out of 10","56","30","![WAVE Tool Screenshot](https://github.com/VEER-TANMAY-SACHIN/projects/blob/main/orchavate_gtm_workflow/outputs/v1.1_nse_tracker_enriched_clearbit_20260806_193605_attempt1_succesful_reviewnotdone_orchavatecore_digital/Shri_Techtex_Limited/screenshots/Shri_Techtex_Limited_Homepage_WAVE_Overlay.png)","N/A","Company Secretary & Compliance Officer","Not publicly disclosed","N/A","Managing Director / CEO","Not publicly disclosed"
"404","Auditor 1","Yasons Chemex Care Limited","Not Found","No","No","No","2 out of 10","50","30","![WAVE Tool Screenshot](https://github.com/VEER-TANMAY-SACHIN/projects/blob/main/orchavate_gtm_workflow/outputs/v1.1_nse_tracker_enriched_clearbit_20260806_193605_attempt1_succesful_reviewnotdone_orchavatecore_digital/Yasons_Chemex_Care_Limited/screenshots/Yasons_Chemex_Care_Limited_Homepage_WAVE_Overlay.png)","N/A","Company Secretary & Compliance Officer","Not publicly disclosed","N/A","Managing Director / CEO","Not publicly disclosed"
"405","Auditor 1","Service Care Limited","servicewithcare.com","Yes","No","No","5.2 out of 10","30","30","![WAVE Tool Screenshot](https://github.com/VEER-TANMAY-SACHIN/projects/blob/main/orchavate_gtm_workflow/outputs/v1.1_nse_tracker_enriched_clearbit_20260806_193605_attempt1_succesful_reviewnotdone_orchavatecore_digital/Service_Care_Limited/screenshots/Service_Care_Limited_Homepage_WAVE_Overlay.png)","N/A","Company Secretary & Compliance Officer","Not publicly disclosed","N/A","Managing Director / CEO","Not publicly disclosed"
"406","Auditor 1","Drone Destination Limited","thedronedestination.com","Yes","No","No","7.1 out of 10","18","30","![WAVE Tool Screenshot](https://github.com/VEER-TANMAY-SACHIN/projects/blob/main/orchavate_gtm_workflow/outputs/v1.1_nse_tracker_enriched_clearbit_20260806_193605_attempt1_succesful_reviewnotdone_orchavatecore_digital/Drone_Destination_Limited/screenshots/Drone_Destination_Limited_Homepage_WAVE_Overlay.png)","N/A","Company Secretary & Compliance Officer","Not publicly disclosed","N/A","Managing Director / CEO","Not publicly disclosed"
"407","Auditor 1","Synoptics Technologies Limited","synoptics.co.uk","Yes","No","No","3 out of 10","44","30","![WAVE Tool Screenshot](https://github.com/VEER-TANMAY-SACHIN/projects/blob/main/orchavate_gtm_workflow/outputs/v1.1_nse_tracker_enriched_clearbit_20260806_193605_attempt1_succesful_reviewnotdone_orchavatecore_digital/Synoptics_Technologies_Limited/screenshots/Synoptics_Technologies_Limited_Homepage_WAVE_Overlay.png)","N/A","Company Secretary & Compliance Officer","Not publicly disclosed","N/A","Managing Director / CEO","Not publicly disclosed"
"408","Auditor 1","Tridhya Tech Limited","tridhyatech.com","Yes","No","No","1.5 out of 10","53","30","![WAVE Tool Screenshot](https://github.com/VEER-TANMAY-SACHIN/projects/blob/main/orchavate_gtm_workflow/outputs/v1.1_nse_tracker_enriched_clearbit_20260806_193605_attempt1_succesful_reviewnotdone_orchavatecore_digital/Tridhya_Tech_Limited/screenshots/Tridhya_Tech_Limited_Homepage_WAVE_Overlay.png)","N/A","Company Secretary & Compliance Officer","Not publicly disclosed","N/A","Managing Director / CEO","Not publicly disclosed"
"409","Auditor 1","Global Pet Industries Limited","Not Found","No","No","No","1.5 out of 10","53","30","![WAVE Tool Screenshot](https://github.com/VEER-TANMAY-SACHIN/projects/blob/main/orchavate_gtm_workflow/outputs/v1.1_nse_tracker_enriched_clearbit_20260806_193605_attempt1_succesful_reviewnotdone_orchavatecore_digital/Global_Pet_Industries_Limited/screenshots/Global_Pet_Industries_Limited_Homepage_WAVE_Overlay.png)","N/A","Company Secretary & Compliance Officer","Not publicly disclosed","N/A","Managing Director / CEO","Not publicly disclosed"
"410","Auditor 1","Pentagon Rubber Limited","pentagonrubber.com","Yes","No","No","3.9 out of 10","38","30","![WAVE Tool Screenshot](https://github.com/VEER-TANMAY-SACHIN/projects/blob/main/orchavate_gtm_workflow/outputs/v1.1_nse_tracker_enriched_clearbit_20260806_193605_attempt1_succesful_reviewnotdone_orchavatecore_digital/Pentagon_Rubber_Limited/screenshots/Pentagon_Rubber_Limited_Homepage_WAVE_Overlay.png)","N/A","Company Secretary & Compliance Officer","Not publicly disclosed","N/A","Managing Director / CEO","Not publicly disclosed"
"411","Auditor 1","Greenchef Appliances Limited","Not Found","No","No","No","6.5 out of 10","22","30","![WAVE Tool Screenshot](https://github.com/VEER-TANMAY-SACHIN/projects/blob/main/orchavate_gtm_workflow/outputs/v1.1_nse_tracker_enriched_clearbit_20260806_193605_attempt1_succesful_reviewnotdone_orchavatecore_digital/Greenchef_Appliances_Limited/screenshots/Greenchef_Appliances_Limited_Homepage_WAVE_Overlay.png)","N/A","Company Secretary & Compliance Officer","Not publicly disclosed","N/A","Managing Director / CEO","Not publicly disclosed"
"412","Auditor 1","Magson Retail And Distribution Limited","Not Found","No","No","No","3.4 out of 10","41","30","![WAVE Tool Screenshot](https://github.com/VEER-TANMAY-SACHIN/projects/blob/main/orchavate_gtm_workflow/outputs/v1.1_nse_tracker_enriched_clearbit_20260806_193605_attempt1_succesful_reviewnotdone_orchavatecore_digital/Magson_Retail_And_Distribution_Limited/screenshots/Magson_Retail_And_Distribution_Limited_Homepage_WAVE_Overlay.png)","N/A","Company Secretary & Compliance Officer","Not publicly disclosed","N/A","Managing Director / CEO","Not publicly disclosed"
"413","Auditor 1","Essen Speciality Films Limited","essenspeciality.com","Yes","No","No","2.6 out of 10","46","30","![WAVE Tool Screenshot](https://github.com/VEER-TANMAY-SACHIN/projects/blob/main/orchavate_gtm_workflow/outputs/v1.1_nse_tracker_enriched_clearbit_20260806_193605_attempt1_succesful_reviewnotdone_orchavatecore_digital/Essen_Speciality_Films_Limited/screenshots/Essen_Speciality_Films_Limited_Homepage_WAVE_Overlay.png)","N/A","Company Secretary & Compliance Officer","Not publicly disclosed","N/A","Managing Director / CEO","Not publicly disclosed"
"414","Auditor 1","Vilin Bio Med Limited","Not Found","No","No","No","2.6 out of 10","46","30","![WAVE Tool Screenshot](https://github.com/VEER-TANMAY-SACHIN/projects/blob/main/orchavate_gtm_workflow/outputs/v1.1_nse_tracker_enriched_clearbit_20260806_193605_attempt1_succesful_reviewnotdone_orchavatecore_digital/Vilin_Bio_Med_Limited/screenshots/Vilin_Bio_Med_Limited_Homepage_WAVE_Overlay.png)","N/A","Company Secretary & Compliance Officer","Not publicly disclosed","N/A","Managing Director / CEO","Not publicly disclosed"
"415","Auditor 1","Aatmaj Healthcare Limited","Not Found","No","No","No","6.2 out of 10","24","30","![WAVE Tool Screenshot](https://github.com/VEER-TANMAY-SACHIN/projects/blob/main/orchavate_gtm_workflow/outputs/v1.1_nse_tracker_enriched_clearbit_20260806_193605_attempt1_succesful_reviewnotdone_orchavatecore_digital/Aatmaj_Healthcare_Limited/screenshots/Aatmaj_Healthcare_Limited_Homepage_WAVE_Overlay.png)","N/A","Company Secretary & Compliance Officer","Not publicly disclosed","N/A","Managing Director / CEO","Not publicly disclosed"
"416","Auditor 1","Cell Point (India) Limited","cellpointdigital.com","Yes","No","No","3.8 out of 10","39","30","![WAVE Tool Screenshot](https://github.com/VEER-TANMAY-SACHIN/projects/blob/main/orchavate_gtm_workflow/outputs/v1.1_nse_tracker_enriched_clearbit_20260806_193605_attempt1_succesful_reviewnotdone_orchavatecore_digital/Cell_Point__India__Limited/screenshots/Cell_Point__India__Limited_Homepage_WAVE_Overlay.png)","N/A","Company Secretary & Compliance Officer","Not publicly disclosed","N/A","Managing Director / CEO","Not publicly disclosed"
"417","Auditor 1","Spectrum Talent Management Limited","stmpl.co.in","Yes","No","No","1 out of 10","60","30","![WAVE Tool Screenshot](https://github.com/VEER-TANMAY-SACHIN/projects/blob/main/orchavate_gtm_workflow/outputs/v1.1_nse_tracker_enriched_clearbit_20260806_193605_attempt1_succesful_reviewnotdone_orchavatecore_digital/Spectrum_Talent_Management_Limited/screenshots/Spectrum_Talent_Management_Limited_Homepage_WAVE_Overlay.png)","N/A","Company Secretary & Compliance Officer","Not publicly disclosed","N/A","Managing Director / CEO","Not publicly disclosed"
"418","Auditor 1","Urban Enviro Waste Management Limited","Not Found","No","No","No","4.9 out of 10","32","30","![WAVE Tool Screenshot](https://github.com/VEER-TANMAY-SACHIN/projects/blob/main/orchavate_gtm_workflow/outputs/v1.1_nse_tracker_enriched_clearbit_20260806_193605_attempt1_succesful_reviewnotdone_orchavatecore_digital/Urban_Enviro_Waste_Management_Limited/screenshots/Urban_Enviro_Waste_Management_Limited_Homepage_WAVE_Overlay.png)","N/A","Company Secretary & Compliance Officer","Not publicly disclosed","N/A","Managing Director / CEO","Not publicly disclosed"
"419","Auditor 1","Kore Digital Limited","koredigitalhealth.com","Yes","No","No","6.3 out of 10","23","30","![WAVE Tool Screenshot](https://github.com/VEER-TANMAY-SACHIN/projects/blob/main/orchavate_gtm_workflow/outputs/v1.1_nse_tracker_enriched_clearbit_20260806_193605_attempt1_succesful_reviewnotdone_orchavatecore_digital/Kore_Digital_Limited/screenshots/Kore_Digital_Limited_Homepage_WAVE_Overlay.png)","N/A","Company Secretary & Compliance Officer","Not publicly disclosed","N/A","Managing Director / CEO","Not publicly disclosed"
"420","Auditor 1","Sahana System Limited","sahanasystem.com","Yes","No","No","1 out of 10","58","30","![WAVE Tool Screenshot](https://github.com/VEER-TANMAY-SACHIN/projects/blob/main/orchavate_gtm_workflow/outputs/v1.1_nse_tracker_enriched_clearbit_20260806_193605_attempt1_succesful_reviewnotdone_orchavatecore_digital/Sahana_System_Limited/screenshots/Sahana_System_Limited_Homepage_WAVE_Overlay.png)","N/A","Company Secretary & Compliance Officer","Not publicly disclosed","N/A","Managing Director / CEO","Not publicly disclosed"
"421","Auditor 1","Infollion Research Services Limited","Not Found","No","No","No","6.2 out of 10","24","30","![WAVE Tool Screenshot](https://github.com/VEER-TANMAY-SACHIN/projects/blob/main/orchavate_gtm_workflow/outputs/v1.1_nse_tracker_enriched_clearbit_20260806_193605_attempt1_succesful_reviewnotdone_orchavatecore_digital/Infollion_Research_Services_Limited/screenshots/Infollion_Research_Services_Limited_Homepage_WAVE_Overlay.png)","N/A","Company Secretary & Compliance Officer","Not publicly disclosed","N/A","Managing Director / CEO","Not publicly disclosed"
"422","Auditor 1","Proventus Agrocom Limited","proventusagro.com","Yes","No","No","3.8 out of 10","39","30","![WAVE Tool Screenshot](https://github.com/VEER-TANMAY-SACHIN/projects/blob/main/orchavate_gtm_workflow/outputs/v1.1_nse_tracker_enriched_clearbit_20260806_193605_attempt1_succesful_reviewnotdone_orchavatecore_digital/Proventus_Agrocom_Limited/screenshots/Proventus_Agrocom_Limited_Homepage_WAVE_Overlay.png)","N/A","Company Secretary & Compliance Officer","Not publicly disclosed","N/A","Managing Director / CEO","Not publicly disclosed"
"423","Auditor 1","Crayons Advertising Limited","Not Found","No","No","No","7.3 out of 10","17","30","![WAVE Tool Screenshot](https://github.com/VEER-TANMAY-SACHIN/projects/blob/main/orchavate_gtm_workflow/outputs/v1.1_nse_tracker_enriched_clearbit_20260806_193605_attempt1_succesful_reviewnotdone_orchavatecore_digital/Crayons_Advertising_Limited/screenshots/Crayons_Advertising_Limited_Homepage_WAVE_Overlay.png)","N/A","Company Secretary & Compliance Officer","Not publicly disclosed","N/A","Managing Director / CEO","Not publicly disclosed"
"424","Auditor 1","Vasa Denticity Limited","Not Found","No","No","No","2.6 out of 10","46","30","![WAVE Tool Screenshot](https://github.com/VEER-TANMAY-SACHIN/projects/blob/main/orchavate_gtm_workflow/outputs/v1.1_nse_tracker_enriched_clearbit_20260806_193605_attempt1_succesful_reviewnotdone_orchavatecore_digital/Vasa_Denticity_Limited/screenshots/Vasa_Denticity_Limited_Homepage_WAVE_Overlay.png)","N/A","Company Secretary & Compliance Officer","Not publicly disclosed","N/A","Managing Director / CEO","Not publicly disclosed"
"425","Auditor 1","Remus Pharmaceuticals Limited","Not Found","No","No","No","4.9 out of 10","32","30","![WAVE Tool Screenshot](https://github.com/VEER-TANMAY-SACHIN/projects/blob/main/orchavate_gtm_workflow/outputs/v1.1_nse_tracker_enriched_clearbit_20260806_193605_attempt1_succesful_reviewnotdone_orchavatecore_digital/Remus_Pharmaceuticals_Limited/screenshots/Remus_Pharmaceuticals_Limited_Homepage_WAVE_Overlay.png)","N/A","Company Secretary & Compliance Officer","Not publicly disclosed","N/A","Managing Director / CEO","Not publicly disclosed"
"426","Auditor 1","Krishca Strapping Solutions Limited","Not Found","No","No","No","5.4 out of 10","29","30","![WAVE Tool Screenshot](https://github.com/VEER-TANMAY-SACHIN/projects/blob/main/orchavate_gtm_workflow/outputs/v1.1_nse_tracker_enriched_clearbit_20260806_193605_attempt1_succesful_reviewnotdone_orchavatecore_digital/Krishca_Strapping_Solutions_Limited/screenshots/Krishca_Strapping_Solutions_Limited_Homepage_WAVE_Overlay.png)","N/A","Company Secretary & Compliance Officer","Not publicly disclosed","N/A","Managing Director / CEO","Not publicly disclosed"
"427","Auditor 1","Auro Impex  & Chemicals Limited","auroimpex.com","Yes","No","No","6.6 out of 10","21","30","![WAVE Tool Screenshot](https://github.com/VEER-TANMAY-SACHIN/projects/blob/main/orchavate_gtm_workflow/outputs/v1.1_nse_tracker_enriched_clearbit_20260806_193605_attempt1_succesful_reviewnotdone_orchavatecore_digital/Auro_Impex____Chemicals_Limited/screenshots/Auro_Impex____Chemicals_Limited_Homepage_WAVE_Overlay.png)","N/A","Company Secretary & Compliance Officer","Not publicly disclosed","N/A","Managing Director / CEO","Not publicly disclosed"
"428","Auditor 1","De Neers Tools Limited","deneerstools.com","Yes","No","No","3 out of 10","44","30","![WAVE Tool Screenshot](https://github.com/VEER-TANMAY-SACHIN/projects/blob/main/orchavate_gtm_workflow/outputs/v1.1_nse_tracker_enriched_clearbit_20260806_193605_attempt1_succesful_reviewnotdone_orchavatecore_digital/De_Neers_Tools_Limited/screenshots/De_Neers_Tools_Limited_Homepage_WAVE_Overlay.png)","N/A","Company Secretary & Compliance Officer","Not publicly disclosed","N/A","Managing Director / CEO","Not publicly disclosed"
"429","Auditor 1","Quicktouch Technologies Limited","quicktouchtech.com","Yes","No","No","5.5 out of 10","28","30","![WAVE Tool Screenshot](https://github.com/VEER-TANMAY-SACHIN/projects/blob/main/orchavate_gtm_workflow/outputs/v1.1_nse_tracker_enriched_clearbit_20260806_193605_attempt1_succesful_reviewnotdone_orchavatecore_digital/Quicktouch_Technologies_Limited/screenshots/Quicktouch_Technologies_Limited_Homepage_WAVE_Overlay.png)","N/A","Company Secretary & Compliance Officer","Not publicly disclosed","N/A","Managing Director / CEO","Not publicly disclosed"
"430","Auditor 1","A G Universal Limited","aguniversalusa.com","Yes","No","No","1.8 out of 10","51","30","![WAVE Tool Screenshot](https://github.com/VEER-TANMAY-SACHIN/projects/blob/main/orchavate_gtm_workflow/outputs/v1.1_nse_tracker_enriched_clearbit_20260806_193605_attempt1_succesful_reviewnotdone_orchavatecore_digital/A_G_Universal_Limited/screenshots/A_G_Universal_Limited_Homepage_WAVE_Overlay.png)","N/A","Company Secretary & Compliance Officer","Not publicly disclosed","N/A","Managing Director / CEO","Not publicly disclosed"
"431","Auditor 1","Pattech Fitwell Tube Components Limited","Not Found","No","No","No","4.2 out of 10","36","30","![WAVE Tool Screenshot](https://github.com/VEER-TANMAY-SACHIN/projects/blob/main/orchavate_gtm_workflow/outputs/v1.1_nse_tracker_enriched_clearbit_20260806_193605_attempt1_succesful_reviewnotdone_orchavatecore_digital/Pattech_Fitwell_Tube_Components_Limited/screenshots/Pattech_Fitwell_Tube_Components_Limited_Homepage_WAVE_Overlay.png)","N/A","Company Secretary & Compliance Officer","Not publicly disclosed","N/A","Managing Director / CEO","Not publicly disclosed"
"432","Auditor 1","Mos Utility Limited","Not Found","No","No","No","6.2 out of 10","24","30","![WAVE Tool Screenshot](https://github.com/VEER-TANMAY-SACHIN/projects/blob/main/orchavate_gtm_workflow/outputs/v1.1_nse_tracker_enriched_clearbit_20260806_193605_attempt1_succesful_reviewnotdone_orchavatecore_digital/Mos_Utility_Limited/screenshots/Mos_Utility_Limited_Homepage_WAVE_Overlay.png)","N/A","Company Secretary & Compliance Officer","Not publicly disclosed","N/A","Managing Director / CEO","Not publicly disclosed"
"433","Auditor 1","Infinium Pharmachem Limited","infiniumpharmachem.com","Yes","No","No","4.4 out of 10","35","30","![WAVE Tool Screenshot](https://github.com/VEER-TANMAY-SACHIN/projects/blob/main/orchavate_gtm_workflow/outputs/v1.1_nse_tracker_enriched_clearbit_20260806_193605_attempt1_succesful_reviewnotdone_orchavatecore_digital/Infinium_Pharmachem_Limited/screenshots/Infinium_Pharmachem_Limited_Homepage_WAVE_Overlay.png)","N/A","Company Secretary & Compliance Officer","Not publicly disclosed","N/A","Managing Director / CEO","Not publicly disclosed"
"434","Auditor 1","Sotac Pharmaceuticals Limited","Not Found","No","No","No","2.2 out of 10","49","30","![WAVE Tool Screenshot](https://github.com/VEER-TANMAY-SACHIN/projects/blob/main/orchavate_gtm_workflow/outputs/v1.1_nse_tracker_enriched_clearbit_20260806_193605_attempt1_succesful_reviewnotdone_orchavatecore_digital/Sotac_Pharmaceuticals_Limited/screenshots/Sotac_Pharmaceuticals_Limited_Homepage_WAVE_Overlay.png)","N/A","Company Secretary & Compliance Officer","Not publicly disclosed","N/A","Managing Director / CEO","Not publicly disclosed"
"435","Auditor 1","Nirman Agri Genetics Limited","Not Found","No","No","No","3.6 out of 10","40","30","![WAVE Tool Screenshot](https://github.com/VEER-TANMAY-SACHIN/projects/blob/main/orchavate_gtm_workflow/outputs/v1.1_nse_tracker_enriched_clearbit_20260806_193605_attempt1_succesful_reviewnotdone_orchavatecore_digital/Nirman_Agri_Genetics_Limited/screenshots/Nirman_Agri_Genetics_Limited_Homepage_WAVE_Overlay.png)","N/A","Company Secretary & Compliance Officer","Not publicly disclosed","N/A","Managing Director / CEO","Not publicly disclosed"
"436","Auditor 1","Quality Foils (India) Limited","Not Found","No","No","No","7.3 out of 10","17","30","![WAVE Tool Screenshot](https://github.com/VEER-TANMAY-SACHIN/projects/blob/main/orchavate_gtm_workflow/outputs/v1.1_nse_tracker_enriched_clearbit_20260806_193605_attempt1_succesful_reviewnotdone_orchavatecore_digital/Quality_Foils__India__Limited/screenshots/Quality_Foils__India__Limited_Homepage_WAVE_Overlay.png)","N/A","Company Secretary & Compliance Officer","Not publicly disclosed","N/A","Managing Director / CEO","Not publicly disclosed"
"437","Auditor 1","Vels Film International Limited","Not Found","No","No","No","3.3 out of 10","42","30","![WAVE Tool Screenshot](https://github.com/VEER-TANMAY-SACHIN/projects/blob/main/orchavate_gtm_workflow/outputs/v1.1_nse_tracker_enriched_clearbit_20260806_193605_attempt1_succesful_reviewnotdone_orchavatecore_digital/Vels_Film_International_Limited/screenshots/Vels_Film_International_Limited_Homepage_WAVE_Overlay.png)","N/A","Company Secretary & Compliance Officer","Not publicly disclosed","N/A","Managing Director / CEO","Not publicly disclosed"
"438","Auditor 1","Mcon Rasayan India Limited","mconrasayan.com","Yes","No","No","1 out of 10","63","30","![WAVE Tool Screenshot](https://github.com/VEER-TANMAY-SACHIN/projects/blob/main/orchavate_gtm_workflow/outputs/v1.1_nse_tracker_enriched_clearbit_20260806_193605_attempt1_succesful_reviewnotdone_orchavatecore_digital/Mcon_Rasayan_India_Limited/screenshots/Mcon_Rasayan_India_Limited_Homepage_WAVE_Overlay.png)","N/A","Company Secretary & Compliance Officer","Not publicly disclosed","N/A","Managing Director / CEO","Not publicly disclosed"
"439","Auditor 1","Vertexplus Technologies Limited","vertexplus.com","Yes","No","No","4.1 out of 10","37","30","![WAVE Tool Screenshot](https://github.com/VEER-TANMAY-SACHIN/projects/blob/main/orchavate_gtm_workflow/outputs/v1.1_nse_tracker_enriched_clearbit_20260806_193605_attempt1_succesful_reviewnotdone_orchavatecore_digital/Vertexplus_Technologies_Limited/screenshots/Vertexplus_Technologies_Limited_Homepage_WAVE_Overlay.png)","N/A","Company Secretary & Compliance Officer","Not publicly disclosed","N/A","Managing Director / CEO","Not publicly disclosed"
"440","Auditor 1","Systango Technologies Limited","systango.com","Yes","No","No","3.9 out of 10","38","30","![WAVE Tool Screenshot](https://github.com/VEER-TANMAY-SACHIN/projects/blob/main/orchavate_gtm_workflow/outputs/v1.1_nse_tracker_enriched_clearbit_20260806_193605_attempt1_succesful_reviewnotdone_orchavatecore_digital/Systango_Technologies_Limited/screenshots/Systango_Technologies_Limited_Homepage_WAVE_Overlay.png)","N/A","Company Secretary & Compliance Officer","Not publicly disclosed","N/A","Managing Director / CEO","Not publicly disclosed"
"441","Auditor 1","Srivasavi Adhesive Tapes Limited","vasavitapes.com","Yes","No","No","7.3 out of 10","17","30","![WAVE Tool Screenshot](https://github.com/VEER-TANMAY-SACHIN/projects/blob/main/orchavate_gtm_workflow/outputs/v1.1_nse_tracker_enriched_clearbit_20260806_193605_attempt1_succesful_reviewnotdone_orchavatecore_digital/Srivasavi_Adhesive_Tapes_Limited/screenshots/Srivasavi_Adhesive_Tapes_Limited_Homepage_WAVE_Overlay.png)","N/A","Company Secretary & Compliance Officer","Not publicly disclosed","N/A","Managing Director / CEO","Not publicly disclosed"
"442","Auditor 1","Viaz Tyres Limited","viaztyres.com","Yes","No","No","2.8 out of 10","45","30","![WAVE Tool Screenshot](https://github.com/VEER-TANMAY-SACHIN/projects/blob/main/orchavate_gtm_workflow/outputs/v1.1_nse_tracker_enriched_clearbit_20260806_193605_attempt1_succesful_reviewnotdone_orchavatecore_digital/Viaz_Tyres_Limited/screenshots/Viaz_Tyres_Limited_Homepage_WAVE_Overlay.png)","N/A","Company Secretary & Compliance Officer","Not publicly disclosed","N/A","Managing Director / CEO","Not publicly disclosed"
"443","Auditor 1","Agarwal Float Glass India Limited","Not Found","No","No","No","3.6 out of 10","40","30","![WAVE Tool Screenshot](https://github.com/VEER-TANMAY-SACHIN/projects/blob/main/orchavate_gtm_workflow/outputs/v1.1_nse_tracker_enriched_clearbit_20260806_193605_attempt1_succesful_reviewnotdone_orchavatecore_digital/Agarwal_Float_Glass_India_Limited/screenshots/Agarwal_Float_Glass_India_Limited_Homepage_WAVE_Overlay.png)","N/A","Company Secretary & Compliance Officer","Not publicly disclosed","N/A","Managing Director / CEO","Not publicly disclosed"
"444","Auditor 1","Lead Reclaim And Rubber Products Limited","Not Found","No","No","No","4.7 out of 10","33","30","![WAVE Tool Screenshot](https://github.com/VEER-TANMAY-SACHIN/projects/blob/main/orchavate_gtm_workflow/outputs/v1.1_nse_tracker_enriched_clearbit_20260806_193605_attempt1_succesful_reviewnotdone_orchavatecore_digital/Lead_Reclaim_And_Rubber_Products_Limited/screenshots/Lead_Reclaim_And_Rubber_Products_Limited_Homepage_WAVE_Overlay.png)","N/A","Company Secretary & Compliance Officer","Not publicly disclosed","N/A","Managing Director / CEO","Not publicly disclosed"
"445","Auditor 1","Shera Energy Limited","sheraenergy.com","Yes","No","No","3.3 out of 10","42","30","![WAVE Tool Screenshot](https://github.com/VEER-TANMAY-SACHIN/projects/blob/main/orchavate_gtm_workflow/outputs/v1.1_nse_tracker_enriched_clearbit_20260806_193605_attempt1_succesful_reviewnotdone_orchavatecore_digital/Shera_Energy_Limited/screenshots/Shera_Energy_Limited_Homepage_WAVE_Overlay.png)","N/A","Company Secretary & Compliance Officer","Not publicly disclosed","N/A","Managing Director / CEO","Not publicly disclosed"
"446","Auditor 1","Gayatri Rubbers And Chemicals Limited","Not Found","No","No","No","6.8 out of 10","20","30","![WAVE Tool Screenshot](https://github.com/VEER-TANMAY-SACHIN/projects/blob/main/orchavate_gtm_workflow/outputs/v1.1_nse_tracker_enriched_clearbit_20260806_193605_attempt1_succesful_reviewnotdone_orchavatecore_digital/Gayatri_Rubbers_And_Chemicals_Limited/screenshots/Gayatri_Rubbers_And_Chemicals_Limited_Homepage_WAVE_Overlay.png)","N/A","Company Secretary & Compliance Officer","Not publicly disclosed","N/A","Managing Director / CEO","Not publicly disclosed"
"447","Auditor 1","Aristo Bio-Tech And Lifescience Limited","Not Found","No","No","No","1 out of 10","64","30","![WAVE Tool Screenshot](https://github.com/VEER-TANMAY-SACHIN/projects/blob/main/orchavate_gtm_workflow/outputs/v1.1_nse_tracker_enriched_clearbit_20260806_193605_attempt1_succesful_reviewnotdone_orchavatecore_digital/Aristo_Bio_Tech_And_Lifescience_Limited/screenshots/Aristo_Bio_Tech_And_Lifescience_Limited_Homepage_WAVE_Overlay.png)","N/A","Company Secretary & Compliance Officer","Not publicly disclosed","N/A","Managing Director / CEO","Not publicly disclosed"
"448","Auditor 1","Ducol Organics And Colours Limited","Not Found","No","No","No","5.7 out of 10","27","30","![WAVE Tool Screenshot](https://github.com/VEER-TANMAY-SACHIN/projects/blob/main/orchavate_gtm_workflow/outputs/v1.1_nse_tracker_enriched_clearbit_20260806_193605_attempt1_succesful_reviewnotdone_orchavatecore_digital/Ducol_Organics_And_Colours_Limited/screenshots/Ducol_Organics_And_Colours_Limited_Homepage_WAVE_Overlay.png)","N/A","Company Secretary & Compliance Officer","Not publicly disclosed","N/A","Managing Director / CEO","Not publicly disclosed"
"449","Auditor 1","Chaman Metallics Limited","Not Found","No","No","No","5.2 out of 10","30","30","![WAVE Tool Screenshot](https://github.com/VEER-TANMAY-SACHIN/projects/blob/main/orchavate_gtm_workflow/outputs/v1.1_nse_tracker_enriched_clearbit_20260806_193605_attempt1_succesful_reviewnotdone_orchavatecore_digital/Chaman_Metallics_Limited/screenshots/Chaman_Metallics_Limited_Homepage_WAVE_Overlay.png)","N/A","Company Secretary & Compliance Officer","Not publicly disclosed","N/A","Managing Director / CEO","Not publicly disclosed"
"450","Auditor 1","Anlon Technology Solutions Limited","Not Found","No","No","No","1.4 out of 10","54","30","![WAVE Tool Screenshot](https://github.com/VEER-TANMAY-SACHIN/projects/blob/main/orchavate_gtm_workflow/outputs/v1.1_nse_tracker_enriched_clearbit_20260806_193605_attempt1_succesful_reviewnotdone_orchavatecore_digital/Anlon_Technology_Solutions_Limited/screenshots/Anlon_Technology_Solutions_Limited_Homepage_WAVE_Overlay.png)","N/A","Company Secretary & Compliance Officer","Not publicly disclosed","N/A","Managing Director / CEO","Not publicly disclosed"
"451","Auditor 1","Rbm Infracon Limited","rbminfracon.com","Yes","No","No","6 out of 10","25","30","![WAVE Tool Screenshot](https://github.com/VEER-TANMAY-SACHIN/projects/blob/main/orchavate_gtm_workflow/outputs/v1.1_nse_tracker_enriched_clearbit_20260806_193605_attempt1_succesful_reviewnotdone_orchavatecore_digital/Rbm_Infracon_Limited/screenshots/Rbm_Infracon_Limited_Homepage_WAVE_Overlay.png)","N/A","Company Secretary & Compliance Officer","Not publicly disclosed","N/A","Managing Director / CEO","Not publicly disclosed"
"452","Auditor 1","Homesfy Realty Limited","Not Found","No","No","No","1.8 out of 10","51","30","![WAVE Tool Screenshot](https://github.com/VEER-TANMAY-SACHIN/projects/blob/main/orchavate_gtm_workflow/outputs/v1.1_nse_tracker_enriched_clearbit_20260806_193605_attempt1_succesful_reviewnotdone_orchavatecore_digital/Homesfy_Realty_Limited/screenshots/Homesfy_Realty_Limited_Homepage_WAVE_Overlay.png)","N/A","Company Secretary & Compliance Officer","Not publicly disclosed","N/A","Managing Director / CEO","Not publicly disclosed"
"453","Auditor 1","Moxsh Overseas Educon Limited","Not Found","No","No","No","6.8 out of 10","20","30","![WAVE Tool Screenshot](https://github.com/VEER-TANMAY-SACHIN/projects/blob/main/orchavate_gtm_workflow/outputs/v1.1_nse_tracker_enriched_clearbit_20260806_193605_attempt1_succesful_reviewnotdone_orchavatecore_digital/Moxsh_Overseas_Educon_Limited/screenshots/Moxsh_Overseas_Educon_Limited_Homepage_WAVE_Overlay.png)","N/A","Company Secretary & Compliance Officer","Not publicly disclosed","N/A","Managing Director / CEO","Not publicly disclosed"
"454","Auditor 1","Uma Converter Limited","umaconverter.com","Yes","No","No","1 out of 10","63","30","![WAVE Tool Screenshot](https://github.com/VEER-TANMAY-SACHIN/projects/blob/main/orchavate_gtm_workflow/outputs/v1.1_nse_tracker_enriched_clearbit_20260806_193605_attempt1_succesful_reviewnotdone_orchavatecore_digital/Uma_Converter_Limited/screenshots/Uma_Converter_Limited_Homepage_WAVE_Overlay.png)","N/A","Company Secretary & Compliance Officer","Not publicly disclosed","N/A","Managing Director / CEO","Not publicly disclosed"
"455","Auditor 1","Arihant Academy Limited","arihantacademy.com","Yes","No","No","6.3 out of 10","23","30","![WAVE Tool Screenshot](https://github.com/VEER-TANMAY-SACHIN/projects/blob/main/orchavate_gtm_workflow/outputs/v1.1_nse_tracker_enriched_clearbit_20260806_193605_attempt1_succesful_reviewnotdone_orchavatecore_digital/Arihant_Academy_Limited/screenshots/Arihant_Academy_Limited_Homepage_WAVE_Overlay.png)","N/A","Company Secretary & Compliance Officer","Not publicly disclosed","N/A","Managing Director / CEO","Not publicly disclosed"
"456","Auditor 1","Dollex Agrotech Limited","Not Found","No","No","No","6.2 out of 10","24","30","![WAVE Tool Screenshot](https://github.com/VEER-TANMAY-SACHIN/projects/blob/main/orchavate_gtm_workflow/outputs/v1.1_nse_tracker_enriched_clearbit_20260806_193605_attempt1_succesful_reviewnotdone_orchavatecore_digital/Dollex_Agrotech_Limited/screenshots/Dollex_Agrotech_Limited_Homepage_WAVE_Overlay.png)","N/A","Company Secretary & Compliance Officer","Not publicly disclosed","N/A","Managing Director / CEO","Not publicly disclosed"
"457","Auditor 1","All E Technologies Limited","allegiantair.com","Yes","No","No","1 out of 10","59","30","![WAVE Tool Screenshot](https://github.com/VEER-TANMAY-SACHIN/projects/blob/main/orchavate_gtm_workflow/outputs/v1.1_nse_tracker_enriched_clearbit_20260806_193605_attempt1_succesful_reviewnotdone_orchavatecore_digital/All_E_Technologies_Limited/screenshots/All_E_Technologies_Limited_Homepage_WAVE_Overlay.png)","N/A","Company Secretary & Compliance Officer","Not publicly disclosed","N/A","Managing Director / CEO","Not publicly disclosed"
"458","Auditor 1","Arham Technologies Limited","arhamtechnologies.co.in","Yes","No","No","5.8 out of 10","26","30","![WAVE Tool Screenshot](https://github.com/VEER-TANMAY-SACHIN/projects/blob/main/orchavate_gtm_workflow/outputs/v1.1_nse_tracker_enriched_clearbit_20260806_193605_attempt1_succesful_reviewnotdone_orchavatecore_digital/Arham_Technologies_Limited/screenshots/Arham_Technologies_Limited_Homepage_WAVE_Overlay.png)","N/A","Company Secretary & Compliance Officer","Not publicly disclosed","N/A","Managing Director / CEO","Not publicly disclosed"
"459","Auditor 1","Baheti Recycling Industries Limited","bahetiindustries.com","Yes","No","No","6 out of 10","25","30","![WAVE Tool Screenshot](https://github.com/VEER-TANMAY-SACHIN/projects/blob/main/orchavate_gtm_workflow/outputs/v1.1_nse_tracker_enriched_clearbit_20260806_193605_attempt1_succesful_reviewnotdone_orchavatecore_digital/Baheti_Recycling_Industries_Limited/screenshots/Baheti_Recycling_Industries_Limited_Homepage_WAVE_Overlay.png)","N/A","Company Secretary & Compliance Officer","Not publicly disclosed","N/A","Managing Director / CEO","Not publicly disclosed"
"460","Auditor 1","Pritika Engineering Components Limited","Not Found","No","No","No","7.8 out of 10","14","30","![WAVE Tool Screenshot](https://github.com/VEER-TANMAY-SACHIN/projects/blob/main/orchavate_gtm_workflow/outputs/v1.1_nse_tracker_enriched_clearbit_20260806_193605_attempt1_succesful_reviewnotdone_orchavatecore_digital/Pritika_Engineering_Components_Limited/screenshots/Pritika_Engineering_Components_Limited_Homepage_WAVE_Overlay.png)","N/A","Company Secretary & Compliance Officer","Not publicly disclosed","N/A","Managing Director / CEO","Not publicly disclosed"
"461","Auditor 1","Amiable Logistics (India) Limited","Not Found","No","No","No","7.4 out of 10","16","30","![WAVE Tool Screenshot](https://github.com/VEER-TANMAY-SACHIN/projects/blob/main/orchavate_gtm_workflow/outputs/v1.1_nse_tracker_enriched_clearbit_20260806_193605_attempt1_succesful_reviewnotdone_orchavatecore_digital/Amiable_Logistics__India__Limited/screenshots/Amiable_Logistics__India__Limited_Homepage_WAVE_Overlay.png)","N/A","Company Secretary & Compliance Officer","Not publicly disclosed","N/A","Managing Director / CEO","Not publicly disclosed"
"462","Auditor 1","Integrated Personnel Services Limited","integratedpersonnelservices.com","Yes","No","No","5.4 out of 10","29","30","![WAVE Tool Screenshot](https://github.com/VEER-TANMAY-SACHIN/projects/blob/main/orchavate_gtm_workflow/outputs/v1.1_nse_tracker_enriched_clearbit_20260806_193605_attempt1_succesful_reviewnotdone_orchavatecore_digital/Integrated_Personnel_Services_Limited/screenshots/Integrated_Personnel_Services_Limited_Homepage_WAVE_Overlay.png)","N/A","Company Secretary & Compliance Officer","Not publicly disclosed","N/A","Managing Director / CEO","Not publicly disclosed"
"463","Auditor 1","Rite Zone Chemcon India Limited","Not Found","No","No","No","2.6 out of 10","46","30","![WAVE Tool Screenshot](https://github.com/VEER-TANMAY-SACHIN/projects/blob/main/orchavate_gtm_workflow/outputs/v1.1_nse_tracker_enriched_clearbit_20260806_193605_attempt1_succesful_reviewnotdone_orchavatecore_digital/Rite_Zone_Chemcon_India_Limited/screenshots/Rite_Zone_Chemcon_India_Limited_Homepage_WAVE_Overlay.png)","N/A","Company Secretary & Compliance Officer","Not publicly disclosed","N/A","Managing Director / CEO","Not publicly disclosed"
"464","Auditor 1","Phantom Digital Effects Limited","Not Found","No","No","No","1 out of 10","65","30","![WAVE Tool Screenshot](https://github.com/VEER-TANMAY-SACHIN/projects/blob/main/orchavate_gtm_workflow/outputs/v1.1_nse_tracker_enriched_clearbit_20260806_193605_attempt1_succesful_reviewnotdone_orchavatecore_digital/Phantom_Digital_Effects_Limited/screenshots/Phantom_Digital_Effects_Limited_Homepage_WAVE_Overlay.png)","N/A","Company Secretary & Compliance Officer","Not publicly disclosed","N/A","Managing Director / CEO","Not publicly disclosed"
"465","Auditor 1","Frog Innovations Limited","Not Found","No","No","No","5.4 out of 10","29","30","![WAVE Tool Screenshot](https://github.com/VEER-TANMAY-SACHIN/projects/blob/main/orchavate_gtm_workflow/outputs/v1.1_nse_tracker_enriched_clearbit_20260806_193605_attempt1_succesful_reviewnotdone_orchavatecore_digital/Frog_Innovations_Limited/screenshots/Frog_Innovations_Limited_Homepage_WAVE_Overlay.png)","N/A","Company Secretary & Compliance Officer","Not publicly disclosed","N/A","Managing Director / CEO","Not publicly disclosed"
"466","Auditor 1","Swastik Pipe Limited","swastikpipes.com","Yes","No","No","6.8 out of 10","20","30","![WAVE Tool Screenshot](https://github.com/VEER-TANMAY-SACHIN/projects/blob/main/orchavate_gtm_workflow/outputs/v1.1_nse_tracker_enriched_clearbit_20260806_193605_attempt1_succesful_reviewnotdone_orchavatecore_digital/Swastik_Pipe_Limited/screenshots/Swastik_Pipe_Limited_Homepage_WAVE_Overlay.png)","N/A","Company Secretary & Compliance Officer","Not publicly disclosed","N/A","Managing Director / CEO","Not publicly disclosed"
"467","Auditor 1","Lloyds Luxuries Limited","lloydsluxuries.in","Yes","No","No","1 out of 10","61","30","![WAVE Tool Screenshot](https://github.com/VEER-TANMAY-SACHIN/projects/blob/main/orchavate_gtm_workflow/outputs/v1.1_nse_tracker_enriched_clearbit_20260806_193605_attempt1_succesful_reviewnotdone_orchavatecore_digital/Lloyds_Luxuries_Limited/screenshots/Lloyds_Luxuries_Limited_Homepage_WAVE_Overlay.png)","N/A","Company Secretary & Compliance Officer","Not publicly disclosed","N/A","Managing Director / CEO","Not publicly disclosed"
"468","Auditor 1","Cyber Media Research & Services Limited","Not Found","No","No","No","7 out of 10","19","30","![WAVE Tool Screenshot](https://github.com/VEER-TANMAY-SACHIN/projects/blob/main/orchavate_gtm_workflow/outputs/v1.1_nse_tracker_enriched_clearbit_20260806_193605_attempt1_succesful_reviewnotdone_orchavatecore_digital/Cyber_Media_Research___Services_Limited/screenshots/Cyber_Media_Research___Services_Limited_Homepage_WAVE_Overlay.png)","N/A","Company Secretary & Compliance Officer","Not publicly disclosed","N/A","Managing Director / CEO","Not publicly disclosed"
"469","Auditor 1","Kandarp Digi Smart BPO Limited","kandarp.net","Yes","No","No","2.2 out of 10","49","30","![WAVE Tool Screenshot](https://github.com/VEER-TANMAY-SACHIN/projects/blob/main/orchavate_gtm_workflow/outputs/v1.1_nse_tracker_enriched_clearbit_20260806_193605_attempt1_succesful_reviewnotdone_orchavatecore_digital/Kandarp_Digi_Smart_BPO_Limited/screenshots/Kandarp_Digi_Smart_BPO_Limited_Homepage_WAVE_Overlay.png)","N/A","Company Secretary & Compliance Officer","Not publicly disclosed","N/A","Managing Director / CEO","Not publicly disclosed"
"470","Auditor 1","Maks Energy Solutions India Limited","Not Found","No","No","No","3 out of 10","44","30","![WAVE Tool Screenshot](https://github.com/VEER-TANMAY-SACHIN/projects/blob/main/orchavate_gtm_workflow/outputs/v1.1_nse_tracker_enriched_clearbit_20260806_193605_attempt1_succesful_reviewnotdone_orchavatecore_digital/Maks_Energy_Solutions_India_Limited/screenshots/Maks_Energy_Solutions_India_Limited_Homepage_WAVE_Overlay.png)","N/A","Company Secretary & Compliance Officer","Not publicly disclosed","N/A","Managing Director / CEO","Not publicly disclosed"
"471","Auditor 1","Annapurna Swadisht Limited","annapurnasnacks.in","Yes","No","No","2.6 out of 10","46","30","![WAVE Tool Screenshot](https://github.com/VEER-TANMAY-SACHIN/projects/blob/main/orchavate_gtm_workflow/outputs/v1.1_nse_tracker_enriched_clearbit_20260806_193605_attempt1_succesful_reviewnotdone_orchavatecore_digital/Annapurna_Swadisht_Limited/screenshots/Annapurna_Swadisht_Limited_Homepage_WAVE_Overlay.png)","N/A","Company Secretary & Compliance Officer","Not publicly disclosed","N/A","Managing Director / CEO","Not publicly disclosed"
"472","Auditor 1","Tapi Fruit Processing Limited","Not Found","No","No","No","1 out of 10","60","30","![WAVE Tool Screenshot](https://github.com/VEER-TANMAY-SACHIN/projects/blob/main/orchavate_gtm_workflow/outputs/v1.1_nse_tracker_enriched_clearbit_20260806_193605_attempt1_succesful_reviewnotdone_orchavatecore_digital/Tapi_Fruit_Processing_Limited/screenshots/Tapi_Fruit_Processing_Limited_Homepage_WAVE_Overlay.png)","N/A","Company Secretary & Compliance Officer","Not publicly disclosed","N/A","Managing Director / CEO","Not publicly disclosed"
"473","Auditor 1","Ishan International Limited","rotogravure.in","Yes","No","No","4.1 out of 10","37","30","![WAVE Tool Screenshot](https://github.com/VEER-TANMAY-SACHIN/projects/blob/main/orchavate_gtm_workflow/outputs/v1.1_nse_tracker_enriched_clearbit_20260806_193605_attempt1_succesful_reviewnotdone_orchavatecore_digital/Ishan_International_Limited/screenshots/Ishan_International_Limited_Homepage_WAVE_Overlay.png)","N/A","Company Secretary & Compliance Officer","Not publicly disclosed","N/A","Managing Director / CEO","Not publicly disclosed"
"474","Auditor 1","Sabar Flex India Limited","Not Found","No","No","No","6 out of 10","25","30","![WAVE Tool Screenshot](https://github.com/VEER-TANMAY-SACHIN/projects/blob/main/orchavate_gtm_workflow/outputs/v1.1_nse_tracker_enriched_clearbit_20260806_193605_attempt1_succesful_reviewnotdone_orchavatecore_digital/Sabar_Flex_India_Limited/screenshots/Sabar_Flex_India_Limited_Homepage_WAVE_Overlay.png)","N/A","Company Secretary & Compliance Officer","Not publicly disclosed","N/A","Managing Director / CEO","Not publicly disclosed"
"475","Auditor 1","Mega Flex Plastics Limited","megaflex.in","Yes","No","No","2.2 out of 10","49","30","![WAVE Tool Screenshot](https://github.com/VEER-TANMAY-SACHIN/projects/blob/main/orchavate_gtm_workflow/outputs/v1.1_nse_tracker_enriched_clearbit_20260806_193605_attempt1_succesful_reviewnotdone_orchavatecore_digital/Mega_Flex_Plastics_Limited/screenshots/Mega_Flex_Plastics_Limited_Homepage_WAVE_Overlay.png)","N/A","Company Secretary & Compliance Officer","Not publicly disclosed","N/A","Managing Director / CEO","Not publicly disclosed"
"476","Auditor 1","Jfl Life Sciences Limited","Not Found","No","No","No","1 out of 10","68","30","![WAVE Tool Screenshot](https://github.com/VEER-TANMAY-SACHIN/projects/blob/main/orchavate_gtm_workflow/outputs/v1.1_nse_tracker_enriched_clearbit_20260806_193605_attempt1_succesful_reviewnotdone_orchavatecore_digital/Jfl_Life_Sciences_Limited/screenshots/Jfl_Life_Sciences_Limited_Homepage_WAVE_Overlay.png)","N/A","Company Secretary & Compliance Officer","Not publicly disclosed","N/A","Managing Director / CEO","Not publicly disclosed"
"477","Auditor 1","Jay Jalaram Technologies Limited","jayjalaramext.com","Yes","No","No","1 out of 10","62","30","![WAVE Tool Screenshot](https://github.com/VEER-TANMAY-SACHIN/projects/blob/main/orchavate_gtm_workflow/outputs/v1.1_nse_tracker_enriched_clearbit_20260806_193605_attempt1_succesful_reviewnotdone_orchavatecore_digital/Jay_Jalaram_Technologies_Limited/screenshots/Jay_Jalaram_Technologies_Limited_Homepage_WAVE_Overlay.png)","N/A","Company Secretary & Compliance Officer","Not publicly disclosed","N/A","Managing Director / CEO","Not publicly disclosed"
"478","Auditor 1","Ameya Precision Engineers Limited","Not Found","No","No","No","2.3 out of 10","48","30","![WAVE Tool Screenshot](https://github.com/VEER-TANMAY-SACHIN/projects/blob/main/orchavate_gtm_workflow/outputs/v1.1_nse_tracker_enriched_clearbit_20260806_193605_attempt1_succesful_reviewnotdone_orchavatecore_digital/Ameya_Precision_Engineers_Limited/screenshots/Ameya_Precision_Engineers_Limited_Homepage_WAVE_Overlay.png)","N/A","Company Secretary & Compliance Officer","Not publicly disclosed","N/A","Managing Director / CEO","Not publicly disclosed"
"479","Auditor 1","Veekayem Fashion and Apparels Limited","Not Found","No","No","No","5.2 out of 10","30","30","![WAVE Tool Screenshot](https://github.com/VEER-TANMAY-SACHIN/projects/blob/main/orchavate_gtm_workflow/outputs/v1.1_nse_tracker_enriched_clearbit_20260806_193605_attempt1_succesful_reviewnotdone_orchavatecore_digital/Veekayem_Fashion_and_Apparels_Limited/screenshots/Veekayem_Fashion_and_Apparels_Limited_Homepage_WAVE_Overlay.png)","N/A","Company Secretary & Compliance Officer","Not publicly disclosed","N/A","Managing Director / CEO","Not publicly disclosed"
"480","Auditor 1","Upsurge Seeds Of Agriculture Limited","Not Found","No","No","No","1 out of 10","61","30","![WAVE Tool Screenshot](https://github.com/VEER-TANMAY-SACHIN/projects/blob/main/orchavate_gtm_workflow/outputs/v1.1_nse_tracker_enriched_clearbit_20260806_193605_attempt1_succesful_reviewnotdone_orchavatecore_digital/Upsurge_Seeds_Of_Agriculture_Limited/screenshots/Upsurge_Seeds_Of_Agriculture_Limited_Homepage_WAVE_Overlay.png)","N/A","Company Secretary & Compliance Officer","Not publicly disclosed","N/A","Managing Director / CEO","Not publicly disclosed"
"481","Auditor 1","Agni Green Power Limited","agnipower.com","Yes","No","No","1 out of 10","67","30","![WAVE Tool Screenshot](https://github.com/VEER-TANMAY-SACHIN/projects/blob/main/orchavate_gtm_workflow/outputs/v1.1_nse_tracker_enriched_clearbit_20260806_193605_attempt1_succesful_reviewnotdone_orchavatecore_digital/Agni_Green_Power_Limited/screenshots/Agni_Green_Power_Limited_Homepage_WAVE_Overlay.png)","N/A","Company Secretary & Compliance Officer","Not publicly disclosed","N/A","Managing Director / CEO","Not publicly disclosed"
"482","Auditor 1","SKP Bearing Industries Limited","skpbearings.com","Yes","No","No","4.9 out of 10","32","30","![WAVE Tool Screenshot](https://github.com/VEER-TANMAY-SACHIN/projects/blob/main/orchavate_gtm_workflow/outputs/v1.1_nse_tracker_enriched_clearbit_20260806_193605_attempt1_succesful_reviewnotdone_orchavatecore_digital/SKP_Bearing_Industries_Limited/screenshots/SKP_Bearing_Industries_Limited_Homepage_WAVE_Overlay.png)","N/A","Company Secretary & Compliance Officer","Not publicly disclosed","N/A","Managing Director / CEO","Not publicly disclosed"
"483","Auditor 1","Kck Industries Limited","kckind.com","Yes","No","No","4.9 out of 10","32","30","![WAVE Tool Screenshot](https://github.com/VEER-TANMAY-SACHIN/projects/blob/main/orchavate_gtm_workflow/outputs/v1.1_nse_tracker_enriched_clearbit_20260806_193605_attempt1_succesful_reviewnotdone_orchavatecore_digital/Kck_Industries_Limited/screenshots/Kck_Industries_Limited_Homepage_WAVE_Overlay.png)","N/A","Company Secretary & Compliance Officer","Not publicly disclosed","N/A","Managing Director / CEO","Not publicly disclosed"
"484","Auditor 1","Rachana Infrastructure Limited","rachanainfra.com","Yes","No","No","2.6 out of 10","46","30","![WAVE Tool Screenshot](https://github.com/VEER-TANMAY-SACHIN/projects/blob/main/orchavate_gtm_workflow/outputs/v1.1_nse_tracker_enriched_clearbit_20260806_193605_attempt1_succesful_reviewnotdone_orchavatecore_digital/Rachana_Infrastructure_Limited/screenshots/Rachana_Infrastructure_Limited_Homepage_WAVE_Overlay.png)","N/A","Company Secretary & Compliance Officer","Not publicly disclosed","N/A","Managing Director / CEO","Not publicly disclosed"
"485","Auditor 1","Fidel Softech Limited","fideljobs.site","Yes","No","No","3.6 out of 10","40","30","![WAVE Tool Screenshot](https://github.com/VEER-TANMAY-SACHIN/projects/blob/main/orchavate_gtm_workflow/outputs/v1.1_nse_tracker_enriched_clearbit_20260806_193605_attempt1_succesful_reviewnotdone_orchavatecore_digital/Fidel_Softech_Limited/screenshots/Fidel_Softech_Limited_Homepage_WAVE_Overlay.png)","N/A","Company Secretary & Compliance Officer","Not publicly disclosed","N/A","Managing Director / CEO","Not publicly disclosed"
"486","Auditor 1","Globesecure Technologies Limited","globesecure.co.in","Yes","No","No","3.1 out of 10","43","30","![WAVE Tool Screenshot](https://github.com/VEER-TANMAY-SACHIN/projects/blob/main/orchavate_gtm_workflow/outputs/v1.1_nse_tracker_enriched_clearbit_20260806_193605_attempt1_succesful_reviewnotdone_orchavatecore_digital/Globesecure_Technologies_Limited/screenshots/Globesecure_Technologies_Limited_Homepage_WAVE_Overlay.png)","N/A","Company Secretary & Compliance Officer","Not publicly disclosed","N/A","Managing Director / CEO","Not publicly disclosed"
"487","Auditor 1","Sonu Infratech Limited","Not Found","No","No","No","1 out of 10","57","30","![WAVE Tool Screenshot](https://github.com/VEER-TANMAY-SACHIN/projects/blob/main/orchavate_gtm_workflow/outputs/v1.1_nse_tracker_enriched_clearbit_20260806_193605_attempt1_succesful_reviewnotdone_orchavatecore_digital/Sonu_Infratech_Limited/screenshots/Sonu_Infratech_Limited_Homepage_WAVE_Overlay.png)","N/A","Company Secretary & Compliance Officer","Not publicly disclosed","N/A","Managing Director / CEO","Not publicly disclosed"
"488","Auditor 1","P. E. Analytics Limited","p2eanalytics.com","Yes","No","No","2.2 out of 10","49","30","![WAVE Tool Screenshot](https://github.com/VEER-TANMAY-SACHIN/projects/blob/main/orchavate_gtm_workflow/outputs/v1.1_nse_tracker_enriched_clearbit_20260806_193605_attempt1_succesful_reviewnotdone_orchavatecore_digital/P__E__Analytics_Limited/screenshots/P__E__Analytics_Limited_Homepage_WAVE_Overlay.png)","N/A","Company Secretary & Compliance Officer","Not publicly disclosed","N/A","Managing Director / CEO","Not publicly disclosed"
"489","Auditor 1","Swaraj Suiting Limited","swarajsuiting.com","Yes","No","No","1 out of 10","65","30","![WAVE Tool Screenshot](https://github.com/VEER-TANMAY-SACHIN/projects/blob/main/orchavate_gtm_workflow/outputs/v1.1_nse_tracker_enriched_clearbit_20260806_193605_attempt1_succesful_reviewnotdone_orchavatecore_digital/Swaraj_Suiting_Limited/screenshots/Swaraj_Suiting_Limited_Homepage_WAVE_Overlay.png)","N/A","Company Secretary & Compliance Officer","Not publicly disclosed","N/A","Managing Director / CEO","Not publicly disclosed"
"490","Auditor 1","Cool Caps Industries Limited","coolcapsindustries.in","Yes","No","No","2.6 out of 10","46","30","![WAVE Tool Screenshot](https://github.com/VEER-TANMAY-SACHIN/projects/blob/main/orchavate_gtm_workflow/outputs/v1.1_nse_tracker_enriched_clearbit_20260806_193605_attempt1_succesful_reviewnotdone_orchavatecore_digital/Cool_Caps_Industries_Limited/screenshots/Cool_Caps_Industries_Limited_Homepage_WAVE_Overlay.png)","N/A","Company Secretary & Compliance Officer","Not publicly disclosed","N/A","Managing Director / CEO","Not publicly disclosed"
"491","Auditor 1","Sp Refractories Limited","Not Found","No","No","No","7.3 out of 10","17","30","![WAVE Tool Screenshot](https://github.com/VEER-TANMAY-SACHIN/projects/blob/main/orchavate_gtm_workflow/outputs/v1.1_nse_tracker_enriched_clearbit_20260806_193605_attempt1_succesful_reviewnotdone_orchavatecore_digital/Sp_Refractories_Limited/screenshots/Sp_Refractories_Limited_Homepage_WAVE_Overlay.png)","N/A","Company Secretary & Compliance Officer","Not publicly disclosed","N/A","Managing Director / CEO","Not publicly disclosed"
"492","Auditor 1","Shigan Quantum Technologies Limited","shigan.net","Yes","No","No","1 out of 10","58","30","![WAVE Tool Screenshot](https://github.com/VEER-TANMAY-SACHIN/projects/blob/main/orchavate_gtm_workflow/outputs/v1.1_nse_tracker_enriched_clearbit_20260806_193605_attempt1_succesful_reviewnotdone_orchavatecore_digital/Shigan_Quantum_Technologies_Limited/screenshots/Shigan_Quantum_Technologies_Limited_Homepage_WAVE_Overlay.png)","N/A","Company Secretary & Compliance Officer","Not publicly disclosed","N/A","Managing Director / CEO","Not publicly disclosed"
"493","Auditor 1","Vaidya Sane Ayurved Laboratories Limited","Not Found","No","No","No","6.5 out of 10","22","30","![WAVE Tool Screenshot](https://github.com/VEER-TANMAY-SACHIN/projects/blob/main/orchavate_gtm_workflow/outputs/v1.1_nse_tracker_enriched_clearbit_20260806_193605_attempt1_succesful_reviewnotdone_orchavatecore_digital/Vaidya_Sane_Ayurved_Laboratories_Limited/screenshots/Vaidya_Sane_Ayurved_Laboratories_Limited_Homepage_WAVE_Overlay.png)","N/A","Company Secretary & Compliance Officer","Not publicly disclosed","N/A","Managing Director / CEO","Not publicly disclosed"
"494","Auditor 1","Richa Info Systems Limited","richainfosys.com","Yes","No","No","2 out of 10","50","30","![WAVE Tool Screenshot](https://github.com/VEER-TANMAY-SACHIN/projects/blob/main/orchavate_gtm_workflow/outputs/v1.1_nse_tracker_enriched_clearbit_20260806_193605_attempt1_succesful_reviewnotdone_orchavatecore_digital/Richa_Info_Systems_Limited/screenshots/Richa_Info_Systems_Limited_Homepage_WAVE_Overlay.png)","N/A","Company Secretary & Compliance Officer","Not publicly disclosed","N/A","Managing Director / CEO","Not publicly disclosed"
"495","Auditor 1","Precision Metaliks Limited","precision-metaliks.com","Yes","No","No","1.8 out of 10","51","30","![WAVE Tool Screenshot](https://github.com/VEER-TANMAY-SACHIN/projects/blob/main/orchavate_gtm_workflow/outputs/v1.1_nse_tracker_enriched_clearbit_20260806_193605_attempt1_succesful_reviewnotdone_orchavatecore_digital/Precision_Metaliks_Limited/screenshots/Precision_Metaliks_Limited_Homepage_WAVE_Overlay.png)","N/A","Company Secretary & Compliance Officer","Not publicly disclosed","N/A","Managing Director / CEO","Not publicly disclosed"
"496","Auditor 1","Timescan Logistics (India) Limited","timescanlogistics.com","Yes","No","No","2.3 out of 10","48","30","![WAVE Tool Screenshot](https://github.com/VEER-TANMAY-SACHIN/projects/blob/main/orchavate_gtm_workflow/outputs/v1.1_nse_tracker_enriched_clearbit_20260806_193605_attempt1_succesful_reviewnotdone_orchavatecore_digital/Timescan_Logistics__India__Limited/screenshots/Timescan_Logistics__India__Limited_Homepage_WAVE_Overlay.png)","N/A","Company Secretary & Compliance Officer","Not publicly disclosed","N/A","Managing Director / CEO","Not publicly disclosed"
"497","Auditor 1","Vivo Collaboration Solutions Limited","vivo.ooo","Yes","No","No","7.4 out of 10","16","30","![WAVE Tool Screenshot](https://github.com/VEER-TANMAY-SACHIN/projects/blob/main/orchavate_gtm_workflow/outputs/v1.1_nse_tracker_enriched_clearbit_20260806_193605_attempt1_succesful_reviewnotdone_orchavatecore_digital/Vivo_Collaboration_Solutions_Limited/screenshots/Vivo_Collaboration_Solutions_Limited_Homepage_WAVE_Overlay.png)","N/A","Company Secretary & Compliance Officer","Not publicly disclosed","N/A","Managing Director / CEO","Not publicly disclosed"
"498","Auditor 1","Foce India Limited","focelda.com","Yes","No","No","7.4 out of 10","16","30","![WAVE Tool Screenshot](https://github.com/VEER-TANMAY-SACHIN/projects/blob/main/orchavate_gtm_workflow/outputs/v1.1_nse_tracker_enriched_clearbit_20260806_193605_attempt1_succesful_reviewnotdone_orchavatecore_digital/Foce_India_Limited/screenshots/Foce_India_Limited_Homepage_WAVE_Overlay.png)","N/A","Company Secretary & Compliance Officer","Not publicly disclosed","N/A","Managing Director / CEO","Not publicly disclosed"
"499","Auditor 1","Nidan Laboratories and Healthcare Limited","Not Found","No","No","No","2 out of 10","50","30","![WAVE Tool Screenshot](https://github.com/VEER-TANMAY-SACHIN/projects/blob/main/orchavate_gtm_workflow/outputs/v1.1_nse_tracker_enriched_clearbit_20260806_193605_attempt1_succesful_reviewnotdone_orchavatecore_digital/Nidan_Laboratories_and_Healthcare_Limited/screenshots/Nidan_Laboratories_and_Healthcare_Limited_Homepage_WAVE_Overlay.png)","N/A","Company Secretary & Compliance Officer","Not publicly disclosed","N/A","Managing Director / CEO","Not publicly disclosed"
"500","Auditor 1","D.K. Enterprises Global Limited","dkglobal.net","Yes","No","No","1 out of 10","67","30","![WAVE Tool Screenshot](https://github.com/VEER-TANMAY-SACHIN/projects/blob/main/orchavate_gtm_workflow/outputs/v1.1_nse_tracker_enriched_clearbit_20260806_193605_attempt1_succesful_reviewnotdone_orchavatecore_digital/D_K__Enterprises_Global_Limited/screenshots/D_K__Enterprises_Global_Limited_Homepage_WAVE_Overlay.png)","N/A","Company Secretary & Compliance Officer","Not publicly disclosed","N/A","Managing Director / CEO","Not publicly disclosed"
"501","Auditor 1","Destiny Logistics & Infra Limited","destinylogisticsatx.com","Yes","No","No","1.4 out of 10","54","30","![WAVE Tool Screenshot](https://github.com/VEER-TANMAY-SACHIN/projects/blob/main/orchavate_gtm_workflow/outputs/v1.1_nse_tracker_enriched_clearbit_20260806_193605_attempt1_succesful_reviewnotdone_orchavatecore_digital/Destiny_Logistics___Infra_Limited/screenshots/Destiny_Logistics___Infra_Limited_Homepage_WAVE_Overlay.png)","N/A","Company Secretary & Compliance Officer","Not publicly disclosed","N/A","Managing Director / CEO","Not publicly disclosed"
"502","Auditor 1","Dynamic Services & Security Limited","dynamicserv.co.za","Yes","No","No","1 out of 10","58","30","![WAVE Tool Screenshot](https://github.com/VEER-TANMAY-SACHIN/projects/blob/main/orchavate_gtm_workflow/outputs/v1.1_nse_tracker_enriched_clearbit_20260806_193605_attempt1_succesful_reviewnotdone_orchavatecore_digital/Dynamic_Services___Security_Limited/screenshots/Dynamic_Services___Security_Limited_Homepage_WAVE_Overlay.png)","N/A","Company Secretary & Compliance Officer","Not publicly disclosed","N/A","Managing Director / CEO","Not publicly disclosed"
"503","Auditor 1","Bombay Metrics Supply Chain Limited","Not Found","No","No","No","3.8 out of 10","39","30","![WAVE Tool Screenshot](https://github.com/VEER-TANMAY-SACHIN/projects/blob/main/orchavate_gtm_workflow/outputs/v1.1_nse_tracker_enriched_clearbit_20260806_193605_attempt1_succesful_reviewnotdone_orchavatecore_digital/Bombay_Metrics_Supply_Chain_Limited/screenshots/Bombay_Metrics_Supply_Chain_Limited_Homepage_WAVE_Overlay.png)","N/A","Company Secretary & Compliance Officer","Not publicly disclosed","N/A","Managing Director / CEO","Not publicly disclosed"
"504","Auditor 1","Jainam Ferro Alloys (I) Limited","Not Found","No","No","No","3.1 out of 10","43","30","![WAVE Tool Screenshot](https://github.com/VEER-TANMAY-SACHIN/projects/blob/main/orchavate_gtm_workflow/outputs/v1.1_nse_tracker_enriched_clearbit_20260806_193605_attempt1_succesful_reviewnotdone_orchavatecore_digital/Jainam_Ferro_Alloys__I__Limited/screenshots/Jainam_Ferro_Alloys__I__Limited_Homepage_WAVE_Overlay.png)","N/A","Company Secretary & Compliance Officer","Not publicly disclosed","N/A","Managing Director / CEO","Not publicly disclosed"
"505","Auditor 1","Quadpro Ites Limited","quadpro.co.in","Yes","No","No","6.5 out of 10","22","30","![WAVE Tool Screenshot](https://github.com/VEER-TANMAY-SACHIN/projects/blob/main/orchavate_gtm_workflow/outputs/v1.1_nse_tracker_enriched_clearbit_20260806_193605_attempt1_succesful_reviewnotdone_orchavatecore_digital/Quadpro_Ites_Limited/screenshots/Quadpro_Ites_Limited_Homepage_WAVE_Overlay.png)","N/A","Company Secretary & Compliance Officer","Not publicly disclosed","N/A","Managing Director / CEO","Not publicly disclosed"
"506","Auditor 1","BEW Engineering Limited","bewltd.com","Yes","No","No","3.9 out of 10","38","30","![WAVE Tool Screenshot](https://github.com/VEER-TANMAY-SACHIN/projects/blob/main/orchavate_gtm_workflow/outputs/v1.1_nse_tracker_enriched_clearbit_20260806_193605_attempt1_succesful_reviewnotdone_orchavatecore_digital/BEW_Engineering_Limited/screenshots/BEW_Engineering_Limited_Homepage_WAVE_Overlay.png)","N/A","Company Secretary & Compliance Officer","Not publicly disclosed","N/A","Managing Director / CEO","Not publicly disclosed"
"507","Auditor 1","DUDIGITAL GLOBAL LIMITED","dudigitalglobal.com","Yes","No","No","1 out of 10","64","30","![WAVE Tool Screenshot](https://github.com/VEER-TANMAY-SACHIN/projects/blob/main/orchavate_gtm_workflow/outputs/v1.1_nse_tracker_enriched_clearbit_20260806_193605_attempt1_succesful_reviewnotdone_orchavatecore_digital/DUDIGITAL_GLOBAL_LIMITED/screenshots/DUDIGITAL_GLOBAL_LIMITED_Homepage_WAVE_Overlay.png)","N/A","Company Secretary & Compliance Officer","Not publicly disclosed","N/A","Managing Director / CEO","Not publicly disclosed"
"508","Auditor 1","Rex Pipes And Cables Industries Limited","Not Found","No","No","No","7.8 out of 10","14","30","![WAVE Tool Screenshot](https://github.com/VEER-TANMAY-SACHIN/projects/blob/main/orchavate_gtm_workflow/outputs/v1.1_nse_tracker_enriched_clearbit_20260806_193605_attempt1_succesful_reviewnotdone_orchavatecore_digital/Rex_Pipes_And_Cables_Industries_Limited/screenshots/Rex_Pipes_And_Cables_Industries_Limited_Homepage_WAVE_Overlay.png)","N/A","Company Secretary & Compliance Officer","Not publicly disclosed","N/A","Managing Director / CEO","Not publicly disclosed"
"509","Auditor 1","Walpar Nutritions Limited","walparnutritions.com","Yes","No","No","1 out of 10","62","30","![WAVE Tool Screenshot](https://github.com/VEER-TANMAY-SACHIN/projects/blob/main/orchavate_gtm_workflow/outputs/v1.1_nse_tracker_enriched_clearbit_20260806_193605_attempt1_succesful_reviewnotdone_orchavatecore_digital/Walpar_Nutritions_Limited/screenshots/Walpar_Nutritions_Limited_Homepage_WAVE_Overlay.png)","N/A","Company Secretary & Compliance Officer","Not publicly disclosed","N/A","Managing Director / CEO","Not publicly disclosed"
"510","Auditor 1","Abhishek Integrations Limited","Not Found","No","No","No","5.2 out of 10","30","30","![WAVE Tool Screenshot](https://github.com/VEER-TANMAY-SACHIN/projects/blob/main/orchavate_gtm_workflow/outputs/v1.1_nse_tracker_enriched_clearbit_20260806_193605_attempt1_succesful_reviewnotdone_orchavatecore_digital/Abhishek_Integrations_Limited/screenshots/Abhishek_Integrations_Limited_Homepage_WAVE_Overlay.png)","N/A","Company Secretary & Compliance Officer","Not publicly disclosed","N/A","Managing Director / CEO","Not publicly disclosed"
"511","Auditor 1","V Marc India Limited","vmarchese.com","Yes","No","No","6.8 out of 10","20","30","![WAVE Tool Screenshot](https://github.com/VEER-TANMAY-SACHIN/projects/blob/main/orchavate_gtm_workflow/outputs/v1.1_nse_tracker_enriched_clearbit_20260806_193605_attempt1_succesful_reviewnotdone_orchavatecore_digital/V_Marc_India_Limited/screenshots/V_Marc_India_Limited_Homepage_WAVE_Overlay.png)","N/A","Company Secretary & Compliance Officer","Not publicly disclosed","N/A","Managing Director / CEO","Not publicly disclosed"
"512","Auditor 1","Siddhika Coatings Limited","siddhika.com","Yes","No","No","7.6 out of 10","15","30","![WAVE Tool Screenshot](https://github.com/VEER-TANMAY-SACHIN/projects/blob/main/orchavate_gtm_workflow/outputs/v1.1_nse_tracker_enriched_clearbit_20260806_193605_attempt1_succesful_reviewnotdone_orchavatecore_digital/Siddhika_Coatings_Limited/screenshots/Siddhika_Coatings_Limited_Homepage_WAVE_Overlay.png)","N/A","Company Secretary & Compliance Officer","Not publicly disclosed","N/A","Managing Director / CEO","Not publicly disclosed"
"513","Auditor 1","Party Cruisers Limited","partycruisersindia.com","Yes","No","No","1 out of 10","56","30","![WAVE Tool Screenshot](https://github.com/VEER-TANMAY-SACHIN/projects/blob/main/orchavate_gtm_workflow/outputs/v1.1_nse_tracker_enriched_clearbit_20260806_193605_attempt1_succesful_reviewnotdone_orchavatecore_digital/Party_Cruisers_Limited/screenshots/Party_Cruisers_Limited_Homepage_WAVE_Overlay.png)","N/A","Company Secretary & Compliance Officer","Not publicly disclosed","N/A","Managing Director / CEO","Not publicly disclosed"
"514","Auditor 1","Ascom Leasing & Investments Limited","Not Found","No","No","No","5.7 out of 10","27","30","![WAVE Tool Screenshot](https://github.com/VEER-TANMAY-SACHIN/projects/blob/main/orchavate_gtm_workflow/outputs/v1.1_nse_tracker_enriched_clearbit_20260806_193605_attempt1_succesful_reviewnotdone_orchavatecore_digital/Ascom_Leasing___Investments_Limited/screenshots/Ascom_Leasing___Investments_Limited_Homepage_WAVE_Overlay.png)","N/A","Company Secretary & Compliance Officer","Not publicly disclosed","N/A","Managing Director / CEO","Not publicly disclosed"
"515","Auditor 1","Goldkart Jewels Limited","Not Found","No","No","No","4.1 out of 10","37","30","![WAVE Tool Screenshot](https://github.com/VEER-TANMAY-SACHIN/projects/blob/main/orchavate_gtm_workflow/outputs/v1.1_nse_tracker_enriched_clearbit_20260806_193605_attempt1_succesful_reviewnotdone_orchavatecore_digital/Goldkart_Jewels_Limited/screenshots/Goldkart_Jewels_Limited_Homepage_WAVE_Overlay.png)","N/A","Company Secretary & Compliance Officer","Not publicly disclosed","N/A","Managing Director / CEO","Not publicly disclosed"
"516","Auditor 1","Salasar Exteriors and Contour Limited","Not Found","No","No","No","3.1 out of 10","43","30","![WAVE Tool Screenshot](https://github.com/VEER-TANMAY-SACHIN/projects/blob/main/orchavate_gtm_workflow/outputs/v1.1_nse_tracker_enriched_clearbit_20260806_193605_attempt1_succesful_reviewnotdone_orchavatecore_digital/Salasar_Exteriors_and_Contour_Limited/screenshots/Salasar_Exteriors_and_Contour_Limited_Homepage_WAVE_Overlay.png)","N/A","Company Secretary & Compliance Officer","Not publicly disclosed","N/A","Managing Director / CEO","Not publicly disclosed"
"517","Auditor 1","Khfm Hospitality And Facility Management Services Limited","Not Found","No","No","No","3 out of 10","44","30","![WAVE Tool Screenshot](https://github.com/VEER-TANMAY-SACHIN/projects/blob/main/orchavate_gtm_workflow/outputs/v1.1_nse_tracker_enriched_clearbit_20260806_193605_attempt1_succesful_reviewnotdone_orchavatecore_digital/Khfm_Hospitality_And_Facility_Management_Services_Limited/screenshots/Khfm_Hospitality_And_Facility_Management_Services_Limited_Homepage_WAVE_Overlay.png)","N/A","Company Secretary & Compliance Officer","Not publicly disclosed","N/A","Managing Director / CEO","Not publicly disclosed"
"518","Auditor 1","Mindpool Technologies Limited","mindpooltech.com","Yes","No","No","1 out of 10","66","30","![WAVE Tool Screenshot](https://github.com/VEER-TANMAY-SACHIN/projects/blob/main/orchavate_gtm_workflow/outputs/v1.1_nse_tracker_enriched_clearbit_20260806_193605_attempt1_succesful_reviewnotdone_orchavatecore_digital/Mindpool_Technologies_Limited/screenshots/Mindpool_Technologies_Limited_Homepage_WAVE_Overlay.png)","N/A","Company Secretary & Compliance Officer","Not publicly disclosed","N/A","Managing Director / CEO","Not publicly disclosed"
"519","Auditor 1","Surani Steel Tubes Limited","Not Found","No","No","No","3.3 out of 10","42","30","![WAVE Tool Screenshot](https://github.com/VEER-TANMAY-SACHIN/projects/blob/main/orchavate_gtm_workflow/outputs/v1.1_nse_tracker_enriched_clearbit_20260806_193605_attempt1_succesful_reviewnotdone_orchavatecore_digital/Surani_Steel_Tubes_Limited/screenshots/Surani_Steel_Tubes_Limited_Homepage_WAVE_Overlay.png)","N/A","Company Secretary & Compliance Officer","Not publicly disclosed","N/A","Managing Director / CEO","Not publicly disclosed"
"520","Auditor 1","DRS Dilip Roadlines Limited","Not Found","No","No","No","1 out of 10","62","30","![WAVE Tool Screenshot](https://github.com/VEER-TANMAY-SACHIN/projects/blob/main/orchavate_gtm_workflow/outputs/v1.1_nse_tracker_enriched_clearbit_20260806_193605_attempt1_succesful_reviewnotdone_orchavatecore_digital/DRS_Dilip_Roadlines_Limited/screenshots/DRS_Dilip_Roadlines_Limited_Homepage_WAVE_Overlay.png)","N/A","Company Secretary & Compliance Officer","Not publicly disclosed","N/A","Managing Director / CEO","Not publicly disclosed"
"521","Auditor 1","Shubhlaxmi Jewel Art Limited","Not Found","No","No","No","2.8 out of 10","45","30","![WAVE Tool Screenshot](https://github.com/VEER-TANMAY-SACHIN/projects/blob/main/orchavate_gtm_workflow/outputs/v1.1_nse_tracker_enriched_clearbit_20260806_193605_attempt1_succesful_reviewnotdone_orchavatecore_digital/Shubhlaxmi_Jewel_Art_Limited/screenshots/Shubhlaxmi_Jewel_Art_Limited_Homepage_WAVE_Overlay.png)","N/A","Company Secretary & Compliance Officer","Not publicly disclosed","N/A","Managing Director / CEO","Not publicly disclosed"
"522","Auditor 1","Ultra Wiring Connectivity System Limited","ultrawiring.com","Yes","No","No","1.7 out of 10","52","30","![WAVE Tool Screenshot](https://github.com/VEER-TANMAY-SACHIN/projects/blob/main/orchavate_gtm_workflow/outputs/v1.1_nse_tracker_enriched_clearbit_20260806_193605_attempt1_succesful_reviewnotdone_orchavatecore_digital/Ultra_Wiring_Connectivity_System_Limited/screenshots/Ultra_Wiring_Connectivity_System_Limited_Homepage_WAVE_Overlay.png)","N/A","Company Secretary & Compliance Officer","Not publicly disclosed","N/A","Managing Director / CEO","Not publicly disclosed"
"523","Auditor 1","Parin Enterprises Limited","parinc.com","Yes","No","No","1.5 out of 10","53","30","![WAVE Tool Screenshot](https://github.com/VEER-TANMAY-SACHIN/projects/blob/main/orchavate_gtm_workflow/outputs/v1.1_nse_tracker_enriched_clearbit_20260806_193605_attempt1_succesful_reviewnotdone_orchavatecore_digital/Parin_Enterprises_Limited/screenshots/Parin_Enterprises_Limited_Homepage_WAVE_Overlay.png)","N/A","Company Secretary & Compliance Officer","Not publicly disclosed","N/A","Managing Director / CEO","Not publicly disclosed"
"524","Auditor 1","Ushanti Colour Chem Limited","ushanti.com","Yes","No","No","2.3 out of 10","48","30","![WAVE Tool Screenshot](https://github.com/VEER-TANMAY-SACHIN/projects/blob/main/orchavate_gtm_workflow/outputs/v1.1_nse_tracker_enriched_clearbit_20260806_193605_attempt1_succesful_reviewnotdone_orchavatecore_digital/Ushanti_Colour_Chem_Limited/screenshots/Ushanti_Colour_Chem_Limited_Homepage_WAVE_Overlay.png)","N/A","Company Secretary & Compliance Officer","Not publicly disclosed","N/A","Managing Director / CEO","Not publicly disclosed"
"525","Auditor 1","AMBANI ORGOCHEM LIMITED","Not Found","No","No","No","1 out of 10","58","30","![WAVE Tool Screenshot](https://github.com/VEER-TANMAY-SACHIN/projects/blob/main/orchavate_gtm_workflow/outputs/v1.1_nse_tracker_enriched_clearbit_20260806_193605_attempt1_succesful_reviewnotdone_orchavatecore_digital/AMBANI_ORGOCHEM_LIMITED/screenshots/AMBANI_ORGOCHEM_LIMITED_Homepage_WAVE_Overlay.png)","N/A","Company Secretary & Compliance Officer","Not publicly disclosed","N/A","Managing Director / CEO","Not publicly disclosed"
"526","Auditor 1","JAKHARIA FABRIC LIMITED","Not Found","No","No","No","3.3 out of 10","42","30","![WAVE Tool Screenshot](https://github.com/VEER-TANMAY-SACHIN/projects/blob/main/orchavate_gtm_workflow/outputs/v1.1_nse_tracker_enriched_clearbit_20260806_193605_attempt1_succesful_reviewnotdone_orchavatecore_digital/JAKHARIA_FABRIC_LIMITED/screenshots/JAKHARIA_FABRIC_LIMITED_Homepage_WAVE_Overlay.png)","N/A","Company Secretary & Compliance Officer","Not publicly disclosed","N/A","Managing Director / CEO","Not publicly disclosed"
"527","Auditor 1","Mahickra Chemicals Limited","Not Found","No","No","No","7.6 out of 10","15","30","![WAVE Tool Screenshot](https://github.com/VEER-TANMAY-SACHIN/projects/blob/main/orchavate_gtm_workflow/outputs/v1.1_nse_tracker_enriched_clearbit_20260806_193605_attempt1_succesful_reviewnotdone_orchavatecore_digital/Mahickra_Chemicals_Limited/screenshots/Mahickra_Chemicals_Limited_Homepage_WAVE_Overlay.png)","N/A","Company Secretary & Compliance Officer","Not publicly disclosed","N/A","Managing Director / CEO","Not publicly disclosed"
"528","Auditor 1","Vera Synthetic Limited","Not Found","No","No","No","3.9 out of 10","38","30","![WAVE Tool Screenshot](https://github.com/VEER-TANMAY-SACHIN/projects/blob/main/orchavate_gtm_workflow/outputs/v1.1_nse_tracker_enriched_clearbit_20260806_193605_attempt1_succesful_reviewnotdone_orchavatecore_digital/Vera_Synthetic_Limited/screenshots/Vera_Synthetic_Limited_Homepage_WAVE_Overlay.png)","N/A","Company Secretary & Compliance Officer","Not publicly disclosed","N/A","Managing Director / CEO","Not publicly disclosed"
"529","Auditor 1","Continental Seeds and Chemicals Limited","Not Found","No","No","No","5.7 out of 10","27","30","![WAVE Tool Screenshot](https://github.com/VEER-TANMAY-SACHIN/projects/blob/main/orchavate_gtm_workflow/outputs/v1.1_nse_tracker_enriched_clearbit_20260806_193605_attempt1_succesful_reviewnotdone_orchavatecore_digital/Continental_Seeds_and_Chemicals_Limited/screenshots/Continental_Seeds_and_Chemicals_Limited_Homepage_WAVE_Overlay.png)","N/A","Company Secretary & Compliance Officer","Not publicly disclosed","N/A","Managing Director / CEO","Not publicly disclosed"
"530","Auditor 1","Giriraj Civil Developers Limited","Not Found","No","No","No","1 out of 10","66","30","![WAVE Tool Screenshot](https://github.com/VEER-TANMAY-SACHIN/projects/blob/main/orchavate_gtm_workflow/outputs/v1.1_nse_tracker_enriched_clearbit_20260806_193605_attempt1_succesful_reviewnotdone_orchavatecore_digital/Giriraj_Civil_Developers_Limited/screenshots/Giriraj_Civil_Developers_Limited_Homepage_WAVE_Overlay.png)","N/A","Company Secretary & Compliance Officer","Not publicly disclosed","N/A","Managing Director / CEO","Not publicly disclosed"
"531","Auditor 1","Marvel Decor Limited","marveldecor.com","Yes","No","No","6.3 out of 10","23","30","![WAVE Tool Screenshot](https://github.com/VEER-TANMAY-SACHIN/projects/blob/main/orchavate_gtm_workflow/outputs/v1.1_nse_tracker_enriched_clearbit_20260806_193605_attempt1_succesful_reviewnotdone_orchavatecore_digital/Marvel_Decor_Limited/screenshots/Marvel_Decor_Limited_Homepage_WAVE_Overlay.png)","N/A","Company Secretary & Compliance Officer","Not publicly disclosed","N/A","Managing Director / CEO","Not publicly disclosed"
"532","Auditor 1","Mohini Health & Hygiene Limited","mohinihealthandhygiene.com","Yes","No","No","1 out of 10","65","30","![WAVE Tool Screenshot](https://github.com/VEER-TANMAY-SACHIN/projects/blob/main/orchavate_gtm_workflow/outputs/v1.1_nse_tracker_enriched_clearbit_20260806_193605_attempt1_succesful_reviewnotdone_orchavatecore_digital/Mohini_Health___Hygiene_Limited/screenshots/Mohini_Health___Hygiene_Limited_Homepage_WAVE_Overlay.png)","N/A","Company Secretary & Compliance Officer","Not publicly disclosed","N/A","Managing Director / CEO","Not publicly disclosed"
"533","Auditor 1","PARAMPARA DAIRY DELIGHTS LIMITED","Not Found","No","No","No","4.6 out of 10","34","30","![WAVE Tool Screenshot](https://github.com/VEER-TANMAY-SACHIN/projects/blob/main/orchavate_gtm_workflow/outputs/v1.1_nse_tracker_enriched_clearbit_20260806_193605_attempt1_succesful_reviewnotdone_orchavatecore_digital/PARAMPARA_DAIRY_DELIGHTS_LIMITED/screenshots/PARAMPARA_DAIRY_DELIGHTS_LIMITED_Homepage_WAVE_Overlay.png)","N/A","Company Secretary & Compliance Officer","Not publicly disclosed","N/A","Managing Director / CEO","Not publicly disclosed"
"534","Auditor 1","Vasa Retail and Overseas Ltd","Not Found","No","No","No","7.6 out of 10","15","30","![WAVE Tool Screenshot](https://github.com/VEER-TANMAY-SACHIN/projects/blob/main/orchavate_gtm_workflow/outputs/v1.1_nse_tracker_enriched_clearbit_20260806_193605_attempt1_succesful_reviewnotdone_orchavatecore_digital/Vasa_Retail_and_Overseas_Ltd/screenshots/Vasa_Retail_and_Overseas_Ltd_Homepage_WAVE_Overlay.png)","N/A","Company Secretary & Compliance Officer","Not publicly disclosed","N/A","Managing Director / CEO","Not publicly disclosed"
"535","Auditor 1","SMVD Poly Pack Limited","Not Found","No","No","No","5.4 out of 10","29","30","![WAVE Tool Screenshot](https://github.com/VEER-TANMAY-SACHIN/projects/blob/main/orchavate_gtm_workflow/outputs/v1.1_nse_tracker_enriched_clearbit_20260806_193605_attempt1_succesful_reviewnotdone_orchavatecore_digital/SMVD_Poly_Pack_Limited/screenshots/SMVD_Poly_Pack_Limited_Homepage_WAVE_Overlay.png)","N/A","Company Secretary & Compliance Officer","Not publicly disclosed","N/A","Managing Director / CEO","Not publicly disclosed"
"536","Auditor 1","Felix Industries Limited","felixindustries.co","Yes","No","No","4.4 out of 10","35","30","![WAVE Tool Screenshot](https://github.com/VEER-TANMAY-SACHIN/projects/blob/main/orchavate_gtm_workflow/outputs/v1.1_nse_tracker_enriched_clearbit_20260806_193605_attempt1_succesful_reviewnotdone_orchavatecore_digital/Felix_Industries_Limited/screenshots/Felix_Industries_Limited_Homepage_WAVE_Overlay.png)","N/A","Company Secretary & Compliance Officer","Not publicly disclosed","N/A","Managing Director / CEO","Not publicly disclosed"
"537","Auditor 1","Pulz Electronics Limited","pulz.co.in","Yes","No","No","1.4 out of 10","54","30","![WAVE Tool Screenshot](https://github.com/VEER-TANMAY-SACHIN/projects/blob/main/orchavate_gtm_workflow/outputs/v1.1_nse_tracker_enriched_clearbit_20260806_193605_attempt1_succesful_reviewnotdone_orchavatecore_digital/Pulz_Electronics_Limited/screenshots/Pulz_Electronics_Limited_Homepage_WAVE_Overlay.png)","N/A","Company Secretary & Compliance Officer","Not publicly disclosed","N/A","Managing Director / CEO","Not publicly disclosed"
"538","Auditor 1","ANI Integrated Services Limited","aniintegratedservices.com","Yes","No","No","3.6 out of 10","40","30","![WAVE Tool Screenshot](https://github.com/VEER-TANMAY-SACHIN/projects/blob/main/orchavate_gtm_workflow/outputs/v1.1_nse_tracker_enriched_clearbit_20260806_193605_attempt1_succesful_reviewnotdone_orchavatecore_digital/ANI_Integrated_Services_Limited/screenshots/ANI_Integrated_Services_Limited_Homepage_WAVE_Overlay.png)","N/A","Company Secretary & Compliance Officer","Not publicly disclosed","N/A","Managing Director / CEO","Not publicly disclosed"
"539","Auditor 1","Milton Industries Limited","miltonindustries.in","Yes","No","No","1.5 out of 10","53","30","![WAVE Tool Screenshot](https://github.com/VEER-TANMAY-SACHIN/projects/blob/main/orchavate_gtm_workflow/outputs/v1.1_nse_tracker_enriched_clearbit_20260806_193605_attempt1_succesful_reviewnotdone_orchavatecore_digital/Milton_Industries_Limited/screenshots/Milton_Industries_Limited_Homepage_WAVE_Overlay.png)","N/A","Company Secretary & Compliance Officer","Not publicly disclosed","N/A","Managing Director / CEO","Not publicly disclosed"
"540","Auditor 1","Omfurn India Limited","omfurniture.co.uk","Yes","No","No","1 out of 10","56","30","![WAVE Tool Screenshot](https://github.com/VEER-TANMAY-SACHIN/projects/blob/main/orchavate_gtm_workflow/outputs/v1.1_nse_tracker_enriched_clearbit_20260806_193605_attempt1_succesful_reviewnotdone_orchavatecore_digital/Omfurn_India_Limited/screenshots/Omfurn_India_Limited_Homepage_WAVE_Overlay.png)","N/A","Company Secretary & Compliance Officer","Not publicly disclosed","N/A","Managing Director / CEO","Not publicly disclosed"
"541","Auditor 1","Goldstar Power Limited","goldstarpower.com","Yes","No","No","1 out of 10","67","30","![WAVE Tool Screenshot](https://github.com/VEER-TANMAY-SACHIN/projects/blob/main/orchavate_gtm_workflow/outputs/v1.1_nse_tracker_enriched_clearbit_20260806_193605_attempt1_succesful_reviewnotdone_orchavatecore_digital/Goldstar_Power_Limited/screenshots/Goldstar_Power_Limited_Homepage_WAVE_Overlay.png)","N/A","Company Secretary & Compliance Officer","Not publicly disclosed","N/A","Managing Director / CEO","Not publicly disclosed"
"542","Auditor 1","Shree Tirupati Balajee FIBC Limited","tirupatibalajee.com","Yes","No","No","3 out of 10","44","30","![WAVE Tool Screenshot](https://github.com/VEER-TANMAY-SACHIN/projects/blob/main/orchavate_gtm_workflow/outputs/v1.1_nse_tracker_enriched_clearbit_20260806_193605_attempt1_succesful_reviewnotdone_orchavatecore_digital/Shree_Tirupati_Balajee_FIBC_Limited/screenshots/Shree_Tirupati_Balajee_FIBC_Limited_Homepage_WAVE_Overlay.png)","N/A","Company Secretary & Compliance Officer","Not publicly disclosed","N/A","Managing Director / CEO","Not publicly disclosed"
"543","Auditor 1","Cadsys (India) Limited","cad-spanke.de","Yes","No","No","6.6 out of 10","21","30","![WAVE Tool Screenshot](https://github.com/VEER-TANMAY-SACHIN/projects/blob/main/orchavate_gtm_workflow/outputs/v1.1_nse_tracker_enriched_clearbit_20260806_193605_attempt1_succesful_reviewnotdone_orchavatecore_digital/Cadsys__India__Limited/screenshots/Cadsys__India__Limited_Homepage_WAVE_Overlay.png)","N/A","Company Secretary & Compliance Officer","Not publicly disclosed","N/A","Managing Director / CEO","Not publicly disclosed"
"544","Auditor 1","Madhya Pradesh Today Media Limited","Not Found","No","No","No","1.4 out of 10","54","30","![WAVE Tool Screenshot](https://github.com/VEER-TANMAY-SACHIN/projects/blob/main/orchavate_gtm_workflow/outputs/v1.1_nse_tracker_enriched_clearbit_20260806_193605_attempt1_succesful_reviewnotdone_orchavatecore_digital/Madhya_Pradesh_Today_Media_Limited/screenshots/Madhya_Pradesh_Today_Media_Limited_Homepage_WAVE_Overlay.png)","N/A","Company Secretary & Compliance Officer","Not publicly disclosed","N/A","Managing Director / CEO","Not publicly disclosed"
"545","Auditor 1","Manav Infra Projects Limited","manavinfra.com","Yes","No","No","7.8 out of 10","14","30","![WAVE Tool Screenshot](https://github.com/VEER-TANMAY-SACHIN/projects/blob/main/orchavate_gtm_workflow/outputs/v1.1_nse_tracker_enriched_clearbit_20260806_193605_attempt1_succesful_reviewnotdone_orchavatecore_digital/Manav_Infra_Projects_Limited/screenshots/Manav_Infra_Projects_Limited_Homepage_WAVE_Overlay.png)","N/A","Company Secretary & Compliance Officer","Not publicly disclosed","N/A","Managing Director / CEO","Not publicly disclosed"
"546","Auditor 1","Transwind Infrastructures Limited","Not Found","No","No","No","3 out of 10","44","30","![WAVE Tool Screenshot](https://github.com/VEER-TANMAY-SACHIN/projects/blob/main/orchavate_gtm_workflow/outputs/v1.1_nse_tracker_enriched_clearbit_20260806_193605_attempt1_succesful_reviewnotdone_orchavatecore_digital/Transwind_Infrastructures_Limited/screenshots/Transwind_Infrastructures_Limited_Homepage_WAVE_Overlay.png)","N/A","Company Secretary & Compliance Officer","Not publicly disclosed","N/A","Managing Director / CEO","Not publicly disclosed"
"547","Auditor 1","Accord Synergy Limited","Not Found","No","No","No","6.6 out of 10","21","30","![WAVE Tool Screenshot](https://github.com/VEER-TANMAY-SACHIN/projects/blob/main/orchavate_gtm_workflow/outputs/v1.1_nse_tracker_enriched_clearbit_20260806_193605_attempt1_succesful_reviewnotdone_orchavatecore_digital/Accord_Synergy_Limited/screenshots/Accord_Synergy_Limited_Homepage_WAVE_Overlay.png)","N/A","Company Secretary & Compliance Officer","Not publicly disclosed","N/A","Managing Director / CEO","Not publicly disclosed"
"548","Auditor 1","Vadivarhe Speciality Chemicals Limited","Not Found","No","No","No","1 out of 10","61","30","![WAVE Tool Screenshot](https://github.com/VEER-TANMAY-SACHIN/projects/blob/main/orchavate_gtm_workflow/outputs/v1.1_nse_tracker_enriched_clearbit_20260806_193605_attempt1_succesful_reviewnotdone_orchavatecore_digital/Vadivarhe_Speciality_Chemicals_Limited/screenshots/Vadivarhe_Speciality_Chemicals_Limited_Homepage_WAVE_Overlay.png)","N/A","Company Secretary & Compliance Officer","Not publicly disclosed","N/A","Managing Director / CEO","Not publicly disclosed"
"549","Auditor 1","Jalan Transolutions (India) Limited","jalantransolutions.com","Yes","No","No","7.3 out of 10","17","30","![WAVE Tool Screenshot](https://github.com/VEER-TANMAY-SACHIN/projects/blob/main/orchavate_gtm_workflow/outputs/v1.1_nse_tracker_enriched_clearbit_20260806_193605_attempt1_succesful_reviewnotdone_orchavatecore_digital/Jalan_Transolutions__India__Limited/screenshots/Jalan_Transolutions__India__Limited_Homepage_WAVE_Overlay.png)","N/A","Company Secretary & Compliance Officer","Not publicly disclosed","N/A","Managing Director / CEO","Not publicly disclosed"
"550","Auditor 1","AVATAR Industries Limited","Not Found","No","No","No","3.9 out of 10","38","30","![WAVE Tool Screenshot](https://github.com/VEER-TANMAY-SACHIN/projects/blob/main/orchavate_gtm_workflow/outputs/v1.1_nse_tracker_enriched_clearbit_20260806_193605_attempt1_succesful_reviewnotdone_orchavatecore_digital/AVATAR_Industries_Limited/screenshots/AVATAR_Industries_Limited_Homepage_WAVE_Overlay.png)","N/A","Company Secretary & Compliance Officer","Not publicly disclosed","N/A","Managing Director / CEO","Not publicly disclosed"
"551","Auditor 1","Prolife Industries Limited","prolifeindustries.in","Yes","No","No","1 out of 10","62","30","![WAVE Tool Screenshot](https://github.com/VEER-TANMAY-SACHIN/projects/blob/main/orchavate_gtm_workflow/outputs/v1.1_nse_tracker_enriched_clearbit_20260806_193605_attempt1_succesful_reviewnotdone_orchavatecore_digital/Prolife_Industries_Limited/screenshots/Prolife_Industries_Limited_Homepage_WAVE_Overlay.png)","N/A","Company Secretary & Compliance Officer","Not publicly disclosed","N/A","Managing Director / CEO","Not publicly disclosed"
"552","Auditor 1","Dhanuka Infra Realty Limited","Not Found","No","No","No","2.3 out of 10","48","30","![WAVE Tool Screenshot](https://github.com/VEER-TANMAY-SACHIN/projects/blob/main/orchavate_gtm_workflow/outputs/v1.1_nse_tracker_enriched_clearbit_20260806_193605_attempt1_succesful_reviewnotdone_orchavatecore_digital/Dhanuka_Infra_Realty_Limited/screenshots/Dhanuka_Infra_Realty_Limited_Homepage_WAVE_Overlay.png)","N/A","Company Secretary & Compliance Officer","Not publicly disclosed","N/A","Managing Director / CEO","Not publicly disclosed"
"553","Auditor 1","Alcokraft Distilleries Limited","Not Found","No","No","No","3.6 out of 10","40","30","![WAVE Tool Screenshot](https://github.com/VEER-TANMAY-SACHIN/projects/blob/main/orchavate_gtm_workflow/outputs/v1.1_nse_tracker_enriched_clearbit_20260806_193605_attempt1_succesful_reviewnotdone_orchavatecore_digital/Alcokraft_Distilleries_Limited/screenshots/Alcokraft_Distilleries_Limited_Homepage_WAVE_Overlay.png)","N/A","Company Secretary & Compliance Officer","Not publicly disclosed","N/A","Managing Director / CEO","Not publicly disclosed"
"554","Auditor 1","Gretex Industries Limited","gretexindustries.com","Yes","No","No","5.4 out of 10","29","30","![WAVE Tool Screenshot](https://github.com/VEER-TANMAY-SACHIN/projects/blob/main/orchavate_gtm_workflow/outputs/v1.1_nse_tracker_enriched_clearbit_20260806_193605_attempt1_succesful_reviewnotdone_orchavatecore_digital/Gretex_Industries_Limited/screenshots/Gretex_Industries_Limited_Homepage_WAVE_Overlay.png)","N/A","Company Secretary & Compliance Officer","Not publicly disclosed","N/A","Managing Director / CEO","Not publicly disclosed"
"555","Auditor 1","Jet Knitwears Limited","Not Found","No","No","No","1 out of 10","58","30","![WAVE Tool Screenshot](https://github.com/VEER-TANMAY-SACHIN/projects/blob/main/orchavate_gtm_workflow/outputs/v1.1_nse_tracker_enriched_clearbit_20260806_193605_attempt1_succesful_reviewnotdone_orchavatecore_digital/Jet_Knitwears_Limited/screenshots/Jet_Knitwears_Limited_Homepage_WAVE_Overlay.png)","N/A","Company Secretary & Compliance Officer","Not publicly disclosed","N/A","Managing Director / CEO","Not publicly disclosed"
"556","Auditor 1","AVSL Industries Limited","Not Found","No","No","No","1 out of 10","66","30","![WAVE Tool Screenshot](https://github.com/VEER-TANMAY-SACHIN/projects/blob/main/orchavate_gtm_workflow/outputs/v1.1_nse_tracker_enriched_clearbit_20260806_193605_attempt1_succesful_reviewnotdone_orchavatecore_digital/AVSL_Industries_Limited/screenshots/AVSL_Industries_Limited_Homepage_WAVE_Overlay.png)","N/A","Company Secretary & Compliance Officer","Not publicly disclosed","N/A","Managing Director / CEO","Not publicly disclosed"
"557","Auditor 1","KKV Agro Powers Limited","kkvagropowers.com","Yes","No","No","3.4 out of 10","41","30","![WAVE Tool Screenshot](https://github.com/VEER-TANMAY-SACHIN/projects/blob/main/orchavate_gtm_workflow/outputs/v1.1_nse_tracker_enriched_clearbit_20260806_193605_attempt1_succesful_reviewnotdone_orchavatecore_digital/KKV_Agro_Powers_Limited/screenshots/KKV_Agro_Powers_Limited_Homepage_WAVE_Overlay.png)","N/A","Company Secretary & Compliance Officer","Not publicly disclosed","N/A","Managing Director / CEO","Not publicly disclosed"
"558","Auditor 1","Perfect Infraengineers Limited","Not Found","No","No","No","3.8 out of 10","39","30","![WAVE Tool Screenshot](https://github.com/VEER-TANMAY-SACHIN/projects/blob/main/orchavate_gtm_workflow/outputs/v1.1_nse_tracker_enriched_clearbit_20260806_193605_attempt1_succesful_reviewnotdone_orchavatecore_digital/Perfect_Infraengineers_Limited/screenshots/Perfect_Infraengineers_Limited_Homepage_WAVE_Overlay.png)","N/A","Company Secretary & Compliance Officer","Not publicly disclosed","N/A","Managing Director / CEO","Not publicly disclosed"
"559","Auditor 1","Ahimsa Industries Limited","ahimsaind.com","Yes","No","No","3.4 out of 10","41","30","![WAVE Tool Screenshot](https://github.com/VEER-TANMAY-SACHIN/projects/blob/main/orchavate_gtm_workflow/outputs/v1.1_nse_tracker_enriched_clearbit_20260806_193605_attempt1_succesful_reviewnotdone_orchavatecore_digital/Ahimsa_Industries_Limited/screenshots/Ahimsa_Industries_Limited_Homepage_WAVE_Overlay.png)","N/A","Company Secretary & Compliance Officer","Not publicly disclosed","N/A","Managing Director / CEO","Not publicly disclosed"
"560","Auditor 1","Shaival Reality Limited","Not Found","No","No","No","6.5 out of 10","22","30","![WAVE Tool Screenshot](https://github.com/VEER-TANMAY-SACHIN/projects/blob/main/orchavate_gtm_workflow/outputs/v1.1_nse_tracker_enriched_clearbit_20260806_193605_attempt1_succesful_reviewnotdone_orchavatecore_digital/Shaival_Reality_Limited/screenshots/Shaival_Reality_Limited_Homepage_WAVE_Overlay.png)","N/A","Company Secretary & Compliance Officer","Not publicly disclosed","N/A","Managing Director / CEO","Not publicly disclosed"
"561","Auditor 1","Emkay Taps and Cutting Tools Limited","Not Found","No","No","No","4.1 out of 10","37","30","![WAVE Tool Screenshot](https://github.com/VEER-TANMAY-SACHIN/projects/blob/main/orchavate_gtm_workflow/outputs/v1.1_nse_tracker_enriched_clearbit_20260806_193605_attempt1_succesful_reviewnotdone_orchavatecore_digital/Emkay_Taps_and_Cutting_Tools_Limited/screenshots/Emkay_Taps_and_Cutting_Tools_Limited_Homepage_WAVE_Overlay.png)","N/A","Company Secretary & Compliance Officer","Not publicly disclosed","N/A","Managing Director / CEO","Not publicly disclosed"