[2026-08-10T13:17:16.874Z] COMPANY: "20 Microns Limited" | QUERIES: ["20 Microns Limited" official website] | CANDIDATES: [] | SELECTED: "" | CONFIDENCE: FAILED | TIME: 1ms | REASON: Resolved via readymade-fallback
[2026-08-10T13:17:16.877Z] COMPANY: "21st Century Management Services Limited" | QUERIES: ["21st Century Management Services Limited" official website] | CANDIDATES: [] | SELECTED: "" | CONFIDENCE: FAILED | TIME: 0ms | REASON: Resolved via readymade-fallback
[2026-08-10T13:17:16.878Z] COMPANY: "360 ONE WAM LIMITED" | QUERIES: ["360 ONE WAM LIMITED" official website] | CANDIDATES: [] | SELECTED: "" | CONFIDENCE: FAILED | TIME: 0ms | REASON: Resolved via readymade-fallback
[2026-08-10T13:17:16.882Z] COMPANY: "3B Blackbio Dx Limited" | QUERIES: ["3B Blackbio Dx Limited" official website] | CANDIDATES: [] | SELECTED: "" | CONFIDENCE: FAILED | TIME: 0ms | REASON: Resolved via readymade-fallback
[2026-08-10T13:17:16.883Z] COMPANY: "3i Infotech Limited" | QUERIES: ["3i Infotech Limited" official website] | CANDIDATES: [] | SELECTED: "" | CONFIDENCE: FAILED | TIME: 0ms | REASON: Resolved via readymade-fallback
[2026-08-10T13:17:16.886Z] COMPANY: "3M India Limited" | QUERIES: ["3M India Limited" official website] | CANDIDATES: [] | SELECTED: "" | CONFIDENCE: FAILED | TIME: 2ms | REASON: Resolved via readymade-fallback
[2026-08-10T13:17:16.887Z] COMPANY: "3P Land Holdings Limited" | QUERIES: ["3P Land Holdings Limited" official website] | CANDIDATES: [] | SELECTED: "" | CONFIDENCE: FAILED | TIME: 0ms | REASON: Resolved via readymade-fallback
[2026-08-10T13:17:16.888Z] COMPANY: "5Paisa Capital Limited" | QUERIES: ["5Paisa Capital Limited" official website] | CANDIDATES: [] | SELECTED: "" | CONFIDENCE: FAILED | TIME: 0ms | REASON: Resolved via readymade-fallback
[2026-08-10T13:17:16.893Z] COMPANY: "63 moons technologies limited" | QUERIES: ["63 moons technologies limited" official website] | CANDIDATES: [] | SELECTED: "" | CONFIDENCE: FAILED | TIME: 0ms | REASON: Resolved via readymade-fallback
[2026-08-10T13:17:16.895Z] COMPANY: "A2Z Infra Engineering Limited" | QUERIES: ["A2Z Infra Engineering Limited" official website] | CANDIDATES: [] | SELECTED: "" | CONFIDENCE: FAILED | TIME: 0ms | REASON: Resolved via readymade-fallback
[2026-08-10T13:17:16.896Z] COMPANY: "AAA Technologies Limited" | QUERIES: ["AAA Technologies Limited" official website] | CANDIDATES: [] | SELECTED: "" | CONFIDENCE: FAILED | TIME: 0ms | REASON: Resolved via readymade-fallback
[2026-08-10T13:17:16.899Z] COMPANY: "Aadhar Housing Finance Limited" | QUERIES: ["Aadhar Housing Finance Limited" official website] | CANDIDATES: [] | SELECTED: "" | CONFIDENCE: FAILED | TIME: 0ms | REASON: Resolved via readymade-fallback
[2026-08-10T13:17:16.903Z] COMPANY: "Aakash Exploration Services Limited" | QUERIES: ["Aakash Exploration Services Limited" official website] | CANDIDATES: [] | SELECTED: "" | CONFIDENCE: FAILED | TIME: 0ms | REASON: Resolved via readymade-fallback
[2026-08-10T13:17:16.904Z] COMPANY: "Aarey Drugs & Pharmaceuticals Limited" | QUERIES: ["Aarey Drugs & Pharmaceuticals Limited" official website] | CANDIDATES: [] | SELECTED: "" | CONFIDENCE: FAILED | TIME: 0ms | REASON: Resolved via readymade-fallback
[2026-08-10T13:17:16.905Z] COMPANY: "Aarnav Fashions Limited" | QUERIES: ["Aarnav Fashions Limited" official website] | CANDIDATES: [] | SELECTED: "" | CONFIDENCE: FAILED | TIME: 0ms | REASON: Resolved via readymade-fallback
[2026-08-10T13:17:16.906Z] COMPANY: "Aaron Industries Limited" | QUERIES: ["Aaron Industries Limited" official website] | CANDIDATES: [] | SELECTED: "" | CONFIDENCE: FAILED | TIME: 0ms | REASON: Resolved via readymade-fallback
[2026-08-10T13:17:16.908Z] COMPANY: "Aartech Solonics Limited" | QUERIES: ["Aartech Solonics Limited" official website] | CANDIDATES: [] | SELECTED: "" | CONFIDENCE: FAILED | TIME: 0ms | REASON: Resolved via readymade-fallback
[2026-08-10T13:17:16.910Z] COMPANY: "Aarti Drugs Limited" | QUERIES: ["Aarti Drugs Limited" official website] | CANDIDATES: [] | SELECTED: "" | CONFIDENCE: FAILED | TIME: 0ms | REASON: Resolved via readymade-fallback
[2026-08-10T13:17:16.911Z] COMPANY: "Aarti Industries Limited" | QUERIES: ["Aarti Industries Limited" official website] | CANDIDATES: [] | SELECTED: "" | CONFIDENCE: FAILED | TIME: 0ms | REASON: Resolved via readymade-fallback
[2026-08-10T13:17:16.914Z] COMPANY: "Aarti Pharmalabs Limited" | QUERIES: ["Aarti Pharmalabs Limited" official website] | CANDIDATES: [] | SELECTED: "" | CONFIDENCE: FAILED | TIME: 0ms | REASON: Resolved via readymade-fallback
[2026-08-10T13:17:16.914Z] COMPANY: "Aarti Surfactants Limited" | QUERIES: ["Aarti Surfactants Limited" official website] | CANDIDATES: [] | SELECTED: "" | CONFIDENCE: FAILED | TIME: 0ms | REASON: Resolved via readymade-fallback
[2026-08-10T13:17:16.917Z] COMPANY: "Aarvi Encon Limited" | QUERIES: ["Aarvi Encon Limited" official website] | CANDIDATES: [] | SELECTED: "" | CONFIDENCE: FAILED | TIME: 0ms | REASON: Resolved via readymade-fallback
[2026-08-10T13:17:16.918Z] COMPANY: "Aastha Spintex Limited" | QUERIES: ["Aastha Spintex Limited" official website] | CANDIDATES: [] | SELECTED: "" | CONFIDENCE: FAILED | TIME: 0ms | REASON: Resolved via readymade-fallback
[2026-08-10T13:17:16.921Z] COMPANY: "Aavas Financiers Limited" | QUERIES: ["Aavas Financiers Limited" official website] | CANDIDATES: [] | SELECTED: "" | CONFIDENCE: FAILED | TIME: 0ms | REASON: Resolved via readymade-fallback
[2026-08-10T13:17:16.921Z] COMPANY: "Aban Offshore Limited" | QUERIES: ["Aban Offshore Limited" official website] | CANDIDATES: [] | SELECTED: "" | CONFIDENCE: FAILED | TIME: 0ms | REASON: Resolved via readymade-fallback
[2026-08-10T13:17:16.922Z] COMPANY: "Abans Enterprises Limited" | QUERIES: ["Abans Enterprises Limited" official website] | CANDIDATES: [] | SELECTED: "" | CONFIDENCE: FAILED | TIME: 0ms | REASON: Resolved via readymade-fallback
[2026-08-10T13:17:16.923Z] COMPANY: "ABB India Limited" | QUERIES: ["ABB India Limited" official website] | CANDIDATES: [] | SELECTED: "" | CONFIDENCE: FAILED | TIME: 0ms | REASON: Resolved via readymade-fallback
[2026-08-10T13:17:16.926Z] COMPANY: "Abbott India Limited" | QUERIES: ["Abbott India Limited" official website] | CANDIDATES: [] | SELECTED: "" | CONFIDENCE: FAILED | TIME: 0ms | REASON: Resolved via readymade-fallback
[2026-08-10T13:17:16.928Z] COMPANY: "Aditya Birla Capital Limited" | QUERIES: ["Aditya Birla Capital Limited" official website] | CANDIDATES: [] | SELECTED: "" | CONFIDENCE: FAILED | TIME: 0ms | REASON: Resolved via readymade-fallback
[2026-08-10T13:17:16.929Z] COMPANY: "A B Cotspin India Limited" | QUERIES: ["A B Cotspin India Limited" official website] | CANDIDATES: [] | SELECTED: "" | CONFIDENCE: FAILED | TIME: 0ms | REASON: Resolved via readymade-fallback
[2026-08-10T13:17:16.931Z] COMPANY: "Allied Blenders and Distillers Limited" | QUERIES: ["Allied Blenders and Distillers Limited" official website] | CANDIDATES: [] | SELECTED: "" | CONFIDENCE: FAILED | TIME: 0ms | REASON: Resolved via readymade-fallback
[2026-08-10T13:17:16.931Z] COMPANY: "Aditya Birla Fashion and Retail Limited" | QUERIES: ["Aditya Birla Fashion and Retail Limited" official website] | CANDIDATES: [] | SELECTED: "" | CONFIDENCE: FAILED | TIME: 0ms | REASON: Resolved via readymade-fallback
[2026-08-10T13:17:16.934Z] COMPANY: "A B Infrabuild Limited" | QUERIES: ["A B Infrabuild Limited" official website] | CANDIDATES: [] | SELECTED: "" | CONFIDENCE: FAILED | TIME: 0ms | REASON: Resolved via readymade-fallback
[2026-08-10T13:17:16.935Z] COMPANY: "Aditya Birla Lifestyle Brands Limited" | QUERIES: ["Aditya Birla Lifestyle Brands Limited" official website] | CANDIDATES: [] | SELECTED: "" | CONFIDENCE: FAILED | TIME: 0ms | REASON: Resolved via readymade-fallback
[2026-08-10T13:17:16.938Z] COMPANY: "ABM International Limited" | QUERIES: ["ABM International Limited" official website] | CANDIDATES: [] | SELECTED: "" | CONFIDENCE: FAILED | TIME: 0ms | REASON: Resolved via readymade-fallback
[2026-08-10T13:17:16.938Z] COMPANY: "ABM Knowledgeware Limited" | QUERIES: ["ABM Knowledgeware Limited" official website] | CANDIDATES: [] | SELECTED: "" | CONFIDENCE: FAILED | TIME: 0ms | REASON: Resolved via readymade-fallback
[2026-08-10T13:17:16.942Z] COMPANY: "Aditya Birla Real Estate Limited" | QUERIES: ["Aditya Birla Real Estate Limited" official website] | CANDIDATES: [] | SELECTED: "" | CONFIDENCE: FAILED | TIME: 0ms | REASON: Resolved via readymade-fallback
[2026-08-10T13:17:16.942Z] COMPANY: "Aditya Birla Sun Life AMC Limited" | QUERIES: ["Aditya Birla Sun Life AMC Limited" official website] | CANDIDATES: [] | SELECTED: "" | CONFIDENCE: FAILED | TIME: 0ms | REASON: Resolved via readymade-fallback
[2026-08-10T13:17:16.944Z] COMPANY: "ACC Limited" | QUERIES: ["ACC Limited" official website] | CANDIDATES: [] | SELECTED: "" | CONFIDENCE: FAILED | TIME: 0ms | REASON: Resolved via readymade-fallback
[2026-08-10T13:17:16.947Z] COMPANY: "Accelya Solutions India Limited" | QUERIES: ["Accelya Solutions India Limited" official website] | CANDIDATES: [] | SELECTED: "" | CONFIDENCE: FAILED | TIME: 0ms | REASON: Resolved via readymade-fallback
[2026-08-10T13:17:16.948Z] COMPANY: "Accuracy Shipping Limited" | QUERIES: ["Accuracy Shipping Limited" official website] | CANDIDATES: [] | SELECTED: "" | CONFIDENCE: FAILED | TIME: 0ms | REASON: Resolved via readymade-fallback
[2026-08-10T13:17:16.951Z] COMPANY: "Action Construction Equipment Limited" | QUERIES: ["Action Construction Equipment Limited" official website] | CANDIDATES: [] | SELECTED: "" | CONFIDENCE: FAILED | TIME: 0ms | REASON: Resolved via readymade-fallback
[2026-08-10T13:17:16.952Z] COMPANY: "Ace Integrated Solutions Limited" | QUERIES: ["Ace Integrated Solutions Limited" official website] | CANDIDATES: [] | SELECTED: "" | CONFIDENCE: FAILED | TIME: 0ms | REASON: Resolved via readymade-fallback
[2026-08-10T13:17:16.955Z] COMPANY: "Archean Chemical Industries Limited" | QUERIES: ["Archean Chemical Industries Limited" official website] | CANDIDATES: [] | SELECTED: "" | CONFIDENCE: FAILED | TIME: 0ms | REASON: Resolved via readymade-fallback
[2026-08-10T13:17:16.956Z] COMPANY: "Andhra Cements Limited" | QUERIES: ["Andhra Cements Limited" official website] | CANDIDATES: [] | SELECTED: "" | CONFIDENCE: FAILED | TIME: 0ms | REASON: Resolved via readymade-fallback
[2026-08-10T13:17:16.957Z] COMPANY: "Acme Solar Holdings Limited" | QUERIES: ["Acme Solar Holdings Limited" official website] | CANDIDATES: [] | SELECTED: "" | CONFIDENCE: FAILED | TIME: 0ms | REASON: Resolved via readymade-fallback
[2026-08-10T13:17:16.960Z] COMPANY: "ACS Technologies Limited" | QUERIES: ["ACS Technologies Limited" official website] | CANDIDATES: [] | SELECTED: "" | CONFIDENCE: FAILED | TIME: 0ms | REASON: Resolved via readymade-fallback
[2026-08-10T13:17:16.960Z] COMPANY: "Acutaas Chemicals Limited" | QUERIES: ["Acutaas Chemicals Limited" official website] | CANDIDATES: [] | SELECTED: "" | CONFIDENCE: FAILED | TIME: 0ms | REASON: Resolved via readymade-fallback
[2026-08-10T13:17:16.963Z] COMPANY: "Adani Energy Solutions Limited" | QUERIES: ["Adani Energy Solutions Limited" official website] | CANDIDATES: [] | SELECTED: "" | CONFIDENCE: FAILED | TIME: 0ms | REASON: Resolved via readymade-fallback
[2026-08-10T13:17:16.965Z] COMPANY: "Adani Enterprises Limited" | QUERIES: ["Adani Enterprises Limited" official website] | CANDIDATES: [] | SELECTED: "" | CONFIDENCE: FAILED | TIME: 0ms | REASON: Resolved via readymade-fallback
[2026-08-10T13:17:16.965Z] COMPANY: "Adani Green Energy Limited" | QUERIES: ["Adani Green Energy Limited" official website] | CANDIDATES: [] | SELECTED: "" | CONFIDENCE: FAILED | TIME: 0ms | REASON: Resolved via readymade-fallback
[2026-08-10T13:17:16.968Z] COMPANY: "Adani Ports and Special Economic Zone Limited" | QUERIES: ["Adani Ports and Special Economic Zone Limited" official website] | CANDIDATES: [] | SELECTED: "" | CONFIDENCE: FAILED | TIME: 0ms | REASON: Resolved via readymade-fallback
[2026-08-10T13:17:16.969Z] COMPANY: "Adani Power Limited" | QUERIES: ["Adani Power Limited" official website] | CANDIDATES: [] | SELECTED: "" | CONFIDENCE: FAILED | TIME: 0ms | REASON: Resolved via readymade-fallback
[2026-08-10T13:17:16.970Z] COMPANY: "ADF Foods Limited" | QUERIES: ["ADF Foods Limited" official website] | CANDIDATES: [] | SELECTED: "" | CONFIDENCE: FAILED | TIME: 0ms | REASON: Resolved via readymade-fallback
[2026-08-10T13:17:16.974Z] COMPANY: "Archidply Decor Limited" | QUERIES: ["Archidply Decor Limited" official website] | CANDIDATES: [] | SELECTED: "" | CONFIDENCE: FAILED | TIME: 0ms | REASON: Resolved via readymade-fallback
[2026-08-10T13:17:16.975Z] COMPANY: "Ador Welding Limited" | QUERIES: ["Ador Welding Limited" official website] | CANDIDATES: [] | SELECTED: "" | CONFIDENCE: FAILED | TIME: 0ms | REASON: Resolved via readymade-fallback
[2026-08-10T13:17:16.976Z] COMPANY: "Adroit Infotech Limited" | QUERIES: ["Adroit Infotech Limited" official website] | CANDIDATES: [] | SELECTED: "" | CONFIDENCE: FAILED | TIME: 0ms | REASON: Resolved via readymade-fallback
[2026-08-10T13:17:16.980Z] COMPANY: "Allied Digital Services Limited" | QUERIES: ["Allied Digital Services Limited" official website] | CANDIDATES: [] | SELECTED: "" | CONFIDENCE: FAILED | TIME: 0ms | REASON: Resolved via readymade-fallback
[2026-08-10T13:17:16.981Z] COMPANY: "Advait Energy Transitions Limited" | QUERIES: ["Advait Energy Transitions Limited" official website] | CANDIDATES: [] | SELECTED: "" | CONFIDENCE: FAILED | TIME: 0ms | REASON: Resolved via readymade-fallback
[2026-08-10T13:17:16.983Z] COMPANY: "Advance Agrolife Limited" | QUERIES: ["Advance Agrolife Limited" official website] | CANDIDATES: [] | SELECTED: "" | CONFIDENCE: FAILED | TIME: 0ms | REASON: Resolved via readymade-fallback
[2026-08-10T13:17:16.986Z] COMPANY: "Advani Hotels & Resorts (India) Limited" | QUERIES: ["Advani Hotels & Resorts (India) Limited" official website] | CANDIDATES: [] | SELECTED: "" | CONFIDENCE: FAILED | TIME: 0ms | REASON: Resolved via readymade-fallback
[2026-08-10T13:17:16.987Z] COMPANY: "Advent Hotels International Limited" | QUERIES: ["Advent Hotels International Limited" official website] | CANDIDATES: [] | SELECTED: "" | CONFIDENCE: FAILED | TIME: 0ms | REASON: Resolved via readymade-fallback
[2026-08-10T13:17:16.988Z] COMPANY: "Advanced Enzyme Technologies Limited" | QUERIES: ["Advanced Enzyme Technologies Limited" official website] | CANDIDATES: [] | SELECTED: "" | CONFIDENCE: FAILED | TIME: 0ms | REASON: Resolved via readymade-fallback
[2026-08-10T13:17:16.989Z] COMPANY: "Aegis Logistics Limited" | QUERIES: ["Aegis Logistics Limited" official website] | CANDIDATES: [] | SELECTED: "" | CONFIDENCE: FAILED | TIME: 0ms | REASON: Resolved via readymade-fallback
[2026-08-10T13:17:16.991Z] COMPANY: "Aegis Vopak Terminals Limited" | QUERIES: ["Aegis Vopak Terminals Limited" official website] | CANDIDATES: [] | SELECTED: "" | CONFIDENCE: FAILED | TIME: 0ms | REASON: Resolved via readymade-fallback
[2026-08-10T13:17:16.994Z] COMPANY: "Artemis Electricals and Projects Limited" | QUERIES: ["Artemis Electricals and Projects Limited" official website] | CANDIDATES: [] | SELECTED: "" | CONFIDENCE: FAILED | TIME: 0ms | REASON: Resolved via readymade-fallback
[2026-08-10T13:17:16.997Z] COMPANY: "Aequs Limited" | QUERIES: ["Aequs Limited" official website] | CANDIDATES: [] | SELECTED: "" | CONFIDENCE: FAILED | TIME: 1ms | REASON: Resolved via readymade-fallback
[2026-08-10T13:17:16.997Z] COMPANY: "Aeroflex Enterprises Limited" | QUERIES: ["Aeroflex Enterprises Limited" official website] | CANDIDATES: [] | SELECTED: "" | CONFIDENCE: FAILED | TIME: 0ms | REASON: Resolved via readymade-fallback
[2026-08-10T13:17:16.999Z] COMPANY: "Aeroflex Industries Limited" | QUERIES: ["Aeroflex Industries Limited" official website] | CANDIDATES: [] | SELECTED: "" | CONFIDENCE: FAILED | TIME: 0ms | REASON: Resolved via readymade-fallback
[2026-08-10T13:17:17.002Z] COMPANY: "Aeroflex Neu Limited" | QUERIES: ["Aeroflex Neu Limited" official website] | CANDIDATES: [] | SELECTED: "" | CONFIDENCE: FAILED | TIME: 0ms | REASON: Resolved via readymade-fallback
[2026-08-10T13:17:17.007Z] COMPANY: "Amir Chand Jagdish Kumar (Exports) Limited" | QUERIES: ["Amir Chand Jagdish Kumar (Exports) Limited" official website] | CANDIDATES: [] | SELECTED: "" | CONFIDENCE: FAILED | TIME: 2ms | REASON: Resolved via readymade-fallback
[2026-08-10T13:17:17.010Z] COMPANY: "Aether Industries Limited" | QUERIES: ["Aether Industries Limited" official website] | CANDIDATES: [] | SELECTED: "" | CONFIDENCE: FAILED | TIME: 0ms | REASON: Resolved via readymade-fallback
[2026-08-10T13:17:17.012Z] COMPANY: "Afcons Infrastructure Limited" | QUERIES: ["Afcons Infrastructure Limited" official website] | CANDIDATES: [] | SELECTED: "" | CONFIDENCE: FAILED | TIME: 0ms | REASON: Resolved via readymade-fallback
[2026-08-10T13:17:17.015Z] COMPANY: "Affle 3i Limited" | QUERIES: ["Affle 3i Limited" official website] | CANDIDATES: [] | SELECTED: "" | CONFIDENCE: FAILED | TIME: 0ms | REASON: Resolved via readymade-fallback
[2026-08-10T13:17:17.018Z] COMPANY: "Affordable Robotic & Automation Limited" | QUERIES: ["Affordable Robotic & Automation Limited" official website] | CANDIDATES: [] | SELECTED: "" | CONFIDENCE: FAILED | TIME: 0ms | REASON: Resolved via readymade-fallback
[2026-08-10T13:17:17.020Z] COMPANY: "Akme Fintrade (India) Limited" | QUERIES: ["Akme Fintrade (India) Limited" official website] | CANDIDATES: [] | SELECTED: "" | CONFIDENCE: FAILED | TIME: 1ms | REASON: Resolved via readymade-fallback
[2026-08-10T13:17:17.023Z] COMPANY: "Abans Financial Services Limited" | QUERIES: ["Abans Financial Services Limited" official website] | CANDIDATES: [] | SELECTED: "" | CONFIDENCE: FAILED | TIME: 2ms | REASON: Resolved via readymade-fallback
[2026-08-10T13:17:17.024Z] COMPANY: "Agarwal Industrial Corporation Limited" | QUERIES: ["Agarwal Industrial Corporation Limited" official website] | CANDIDATES: [] | SELECTED: "" | CONFIDENCE: FAILED | TIME: 0ms | REASON: Resolved via readymade-fallback
[2026-08-10T13:17:17.025Z] COMPANY: "Dr. Agarwal's Health Care Limited" | QUERIES: ["Dr. Agarwal's Health Care Limited" official website] | CANDIDATES: [] | SELECTED: "" | CONFIDENCE: FAILED | TIME: 0ms | REASON: Resolved via readymade-fallback
[2026-08-10T13:17:17.028Z] COMPANY: "AGI Greenpac Limited" | QUERIES: ["AGI Greenpac Limited" official website] | CANDIDATES: [] | SELECTED: "" | CONFIDENCE: FAILED | TIME: 0ms | REASON: Resolved via readymade-fallback
[2026-08-10T13:17:17.030Z] COMPANY: "Agi Infra Limited" | QUERIES: ["Agi Infra Limited" official website] | CANDIDATES: [] | SELECTED: "" | CONFIDENCE: FAILED | TIME: 0ms | REASON: Resolved via readymade-fallback
[2026-08-10T13:17:17.033Z] COMPANY: "Allcargo Global Limited" | QUERIES: ["Allcargo Global Limited" official website] | CANDIDATES: [] | SELECTED: "" | CONFIDENCE: FAILED | TIME: 3ms | REASON: Resolved via readymade-fallback
[2026-08-10T13:17:17.034Z] COMPANY: "Agri-Tech (India) Limited" | QUERIES: ["Agri-Tech (India) Limited" official website] | CANDIDATES: [] | SELECTED: "" | CONFIDENCE: FAILED | TIME: 0ms | REASON: Resolved via readymade-fallback
[2026-08-10T13:17:17.035Z] COMPANY: "Agro Phos India Limited" | QUERIES: ["Agro Phos India Limited" official website] | CANDIDATES: [] | SELECTED: "" | CONFIDENCE: FAILED | TIME: 0ms | REASON: Resolved via readymade-fallback
[2026-08-10T13:17:17.036Z] COMPANY: "Anlon Healthcare Limited" | QUERIES: ["Anlon Healthcare Limited" official website] | CANDIDATES: [] | SELECTED: "" | CONFIDENCE: FAILED | TIME: 0ms | REASON: Resolved via readymade-fallback
[2026-08-10T13:17:17.039Z] COMPANY: "Ahlada Engineers Limited" | QUERIES: ["Ahlada Engineers Limited" official website] | CANDIDATES: [] | SELECTED: "" | CONFIDENCE: FAILED | TIME: 0ms | REASON: Resolved via readymade-fallback
[2026-08-10T13:17:17.040Z] COMPANY: "Asian Hotels (East) Limited" | QUERIES: ["Asian Hotels (East) Limited" official website] | CANDIDATES: [] | SELECTED: "" | CONFIDENCE: FAILED | TIME: 0ms | REASON: Resolved via readymade-fallback
[2026-08-10T13:17:17.046Z] COMPANY: "Ahluwalia Contracts (India) Limited" | QUERIES: ["Ahluwalia Contracts (India) Limited" official website] | CANDIDATES: [] | SELECTED: "" | CONFIDENCE: FAILED | TIME: 0ms | REASON: Resolved via readymade-fallback
[2026-08-10T13:17:17.051Z] COMPANY: "Asian Hotels (West) Limited" | QUERIES: ["Asian Hotels (West) Limited" official website] | CANDIDATES: [] | SELECTED: "" | CONFIDENCE: FAILED | TIME: 0ms | REASON: Resolved via readymade-fallback
[2026-08-10T13:17:17.052Z] COMPANY: "AIA Engineering Limited" | QUERIES: ["AIA Engineering Limited" official website] | CANDIDATES: [] | SELECTED: "" | CONFIDENCE: FAILED | TIME: 0ms | REASON: Resolved via readymade-fallback
[2026-08-10T13:17:17.053Z] COMPANY: "Authum Investment & Infrastructure Limited" | QUERIES: ["Authum Investment & Infrastructure Limited" official website] | CANDIDATES: [] | SELECTED: "" | CONFIDENCE: FAILED | TIME: 0ms | REASON: Resolved via readymade-fallback
[2026-08-10T13:17:17.055Z] COMPANY: "Airan Limited" | QUERIES: ["Airan Limited" official website] | CANDIDATES: [] | SELECTED: "" | CONFIDENCE: FAILED | TIME: 0ms | REASON: Resolved via readymade-fallback
[2026-08-10T13:17:17.056Z] COMPANY: "Airo Lam limited" | QUERIES: ["Airo Lam limited" official website] | CANDIDATES: [] | SELECTED: "" | CONFIDENCE: FAILED | TIME: 0ms | REASON: Resolved via readymade-fallback
[2026-08-10T13:17:17.058Z] COMPANY: "Ajanta Pharma Limited" | QUERIES: ["Ajanta Pharma Limited" official website] | CANDIDATES: [] | SELECTED: "" | CONFIDENCE: FAILED | TIME: 1ms | REASON: Resolved via readymade-fallback
[2026-08-10T13:17:17.059Z] COMPANY: "Ajax Engineering Limited" | QUERIES: ["Ajax Engineering Limited" official website] | CANDIDATES: [] | SELECTED: "" | CONFIDENCE: FAILED | TIME: 0ms | REASON: Resolved via readymade-fallback
[2026-08-10T13:17:17.060Z] COMPANY: "Ajmera Realty & Infra India Limited" | QUERIES: ["Ajmera Realty & Infra India Limited" official website] | CANDIDATES: [] | SELECTED: "" | CONFIDENCE: FAILED | TIME: 0ms | REASON: Resolved via readymade-fallback
[2026-08-10T13:17:17.061Z] COMPANY: "Ajooni Biotech Limited" | QUERIES: ["Ajooni Biotech Limited" official website] | CANDIDATES: [] | SELECTED: "" | CONFIDENCE: FAILED | TIME: 0ms | REASON: Resolved via readymade-fallback
[2026-08-10T13:17:17.062Z] COMPANY: "Akash Infra-Projects Limited" | QUERIES: ["Akash Infra-Projects Limited" official website] | CANDIDATES: [] | SELECTED: "" | CONFIDENCE: FAILED | TIME: 0ms | REASON: Resolved via readymade-fallback
[2026-08-10T13:17:17.064Z] COMPANY: "AK Capital Services Limited" | QUERIES: ["AK Capital Services Limited" official website] | CANDIDATES: [] | SELECTED: "" | CONFIDENCE: FAILED | TIME: 0ms | REASON: Resolved via readymade-fallback
[2026-08-10T13:17:17.066Z] COMPANY: "Akg Exim Limited" | QUERIES: ["Akg Exim Limited" official website] | CANDIDATES: [] | SELECTED: "" | CONFIDENCE: FAILED | TIME: 0ms | REASON: Resolved via readymade-fallback
[2026-08-10T13:17:17.067Z] COMPANY: "AKI India Limited" | QUERIES: ["AKI India Limited" official website] | CANDIDATES: [] | SELECTED: "" | CONFIDENCE: FAILED | TIME: 0ms | REASON: Resolved via readymade-fallback
[2026-08-10T13:17:17.070Z] COMPANY: "Akshar Spintex Limited" | QUERIES: ["Akshar Spintex Limited" official website] | CANDIDATES: [] | SELECTED: "" | CONFIDENCE: FAILED | TIME: 0ms | REASON: Resolved via readymade-fallback
[2026-08-10T13:17:17.071Z] COMPANY: "AksharChem India Limited" | QUERIES: ["AksharChem India Limited" official website] | CANDIDATES: [] | SELECTED: "" | CONFIDENCE: FAILED | TIME: 0ms | REASON: Resolved via readymade-fallback
[2026-08-10T13:17:17.074Z] COMPANY: "Aksh Optifibre Limited" | QUERIES: ["Aksh Optifibre Limited" official website] | CANDIDATES: [] | SELECTED: "" | CONFIDENCE: FAILED | TIME: 0ms | REASON: Resolved via readymade-fallback
[2026-08-10T13:17:17.075Z] COMPANY: "Akums Drugs and Pharmaceuticals Limited" | QUERIES: ["Akums Drugs and Pharmaceuticals Limited" official website] | CANDIDATES: [] | SELECTED: "" | CONFIDENCE: FAILED | TIME: 0ms | REASON: Resolved via readymade-fallback
[2026-08-10T13:17:17.078Z] COMPANY: "Alankit Limited" | QUERIES: ["Alankit Limited" official website] | CANDIDATES: [] | SELECTED: "" | CONFIDENCE: FAILED | TIME: 0ms | REASON: Resolved via readymade-fallback
[2026-08-10T13:17:17.079Z] COMPANY: "Albert David Limited" | QUERIES: ["Albert David Limited" official website] | CANDIDATES: [] | SELECTED: "" | CONFIDENCE: FAILED | TIME: 0ms | REASON: Resolved via readymade-fallback
[2026-08-10T13:17:17.082Z] COMPANY: "Alembic Limited" | QUERIES: ["Alembic Limited" official website] | CANDIDATES: [] | SELECTED: "" | CONFIDENCE: FAILED | TIME: 0ms | REASON: Resolved via readymade-fallback
[2026-08-10T13:17:17.083Z] COMPANY: "Algoquant Fintech Limited" | QUERIES: ["Algoquant Fintech Limited" official website] | CANDIDATES: [] | SELECTED: "" | CONFIDENCE: FAILED | TIME: 0ms | REASON: Resolved via readymade-fallback
[2026-08-10T13:17:17.086Z] COMPANY: "Alicon Castalloy Limited" | QUERIES: ["Alicon Castalloy Limited" official website] | CANDIDATES: [] | SELECTED: "" | CONFIDENCE: FAILED | TIME: 0ms | REASON: Resolved via readymade-fallback
[2026-08-10T13:17:17.086Z] COMPANY: "Alivus Life Sciences Limited" | QUERIES: ["Alivus Life Sciences Limited" official website] | CANDIDATES: [] | SELECTED: "" | CONFIDENCE: FAILED | TIME: 0ms | REASON: Resolved via readymade-fallback
[2026-08-10T13:17:17.087Z] COMPANY: "Alkali Metals Limited" | QUERIES: ["Alkali Metals Limited" official website] | CANDIDATES: [] | SELECTED: "" | CONFIDENCE: FAILED | TIME: 0ms | REASON: Resolved via readymade-fallback
[2026-08-10T13:17:17.088Z] COMPANY: "Alkem Laboratories Limited" | QUERIES: ["Alkem Laboratories Limited" official website] | CANDIDATES: [] | SELECTED: "" | CONFIDENCE: FAILED | TIME: 0ms | REASON: Resolved via readymade-fallback
[2026-08-10T13:17:17.089Z] COMPANY: "Alkyl Amines Chemicals Limited" | QUERIES: ["Alkyl Amines Chemicals Limited" official website] | CANDIDATES: [] | SELECTED: "" | CONFIDENCE: FAILED | TIME: 0ms | REASON: Resolved via readymade-fallback
[2026-08-10T13:17:17.090Z] COMPANY: "Allcargo Logistics Limited" | QUERIES: ["Allcargo Logistics Limited" official website] | CANDIDATES: [] | SELECTED: "" | CONFIDENCE: FAILED | TIME: 0ms | REASON: Resolved via readymade-fallback
[2026-08-10T13:17:17.092Z] COMPANY: "Alldigi Tech Limited" | QUERIES: ["Alldigi Tech Limited" official website] | CANDIDATES: [] | SELECTED: "" | CONFIDENCE: FAILED | TIME: 0ms | REASON: Resolved via readymade-fallback
[2026-08-10T13:17:17.093Z] COMPANY: "All Time Plastics Limited" | QUERIES: ["All Time Plastics Limited" official website] | CANDIDATES: [] | SELECTED: "" | CONFIDENCE: FAILED | TIME: 0ms | REASON: Resolved via readymade-fallback
[2026-08-10T13:17:17.094Z] COMPANY: "Almondz Global Securities Limited" | QUERIES: ["Almondz Global Securities Limited" official website] | CANDIDATES: [] | SELECTED: "" | CONFIDENCE: FAILED | TIME: 0ms | REASON: Resolved via readymade-fallback
[2026-08-10T13:17:17.094Z] COMPANY: "Alok Industries Limited" | QUERIES: ["Alok Industries Limited" official website] | CANDIDATES: [] | SELECTED: "" | CONFIDENCE: FAILED | TIME: 0ms | REASON: Resolved via readymade-fallback
[2026-08-10T13:17:17.095Z] COMPANY: "Alpa Laboratories Limited" | QUERIES: ["Alpa Laboratories Limited" official website] | CANDIDATES: [] | SELECTED: "" | CONFIDENCE: FAILED | TIME: 0ms | REASON: Resolved via readymade-fallback
[2026-08-10T13:17:17.096Z] COMPANY: "Alphageo (India) Limited" | QUERIES: ["Alphageo (India) Limited" official website] | CANDIDATES: [] | SELECTED: "" | CONFIDENCE: FAILED | TIME: 0ms | REASON: Resolved via readymade-fallback
[2026-08-10T13:17:17.099Z] COMPANY: "Alpine Texworld Limited" | QUERIES: ["Alpine Texworld Limited" official website] | CANDIDATES: [] | SELECTED: "" | CONFIDENCE: FAILED | TIME: 0ms | REASON: Resolved via readymade-fallback
[2026-08-10T13:17:17.100Z] COMPANY: "Amagi Media Labs Limited" | QUERIES: ["Amagi Media Labs Limited" official website] | CANDIDATES: [] | SELECTED: "" | CONFIDENCE: FAILED | TIME: 0ms | REASON: Resolved via readymade-fallback
[2026-08-10T13:17:17.101Z] COMPANY: "Amanta Healthcare Limited" | QUERIES: ["Amanta Healthcare Limited" official website] | CANDIDATES: [] | SELECTED: "" | CONFIDENCE: FAILED | TIME: 0ms | REASON: Resolved via readymade-fallback
[2026-08-10T13:17:17.104Z] COMPANY: "Ambalal Sarabhai Enterprises Limited" | QUERIES: ["Ambalal Sarabhai Enterprises Limited" official website] | CANDIDATES: [] | SELECTED: "" | CONFIDENCE: FAILED | TIME: 0ms | REASON: Resolved via readymade-fallback
[2026-08-10T13:17:17.104Z] COMPANY: "Amber Enterprises India Limited" | QUERIES: ["Amber Enterprises India Limited" official website] | CANDIDATES: [] | SELECTED: "" | CONFIDENCE: FAILED | TIME: 0ms | REASON: Resolved via readymade-fallback
[2026-08-10T13:17:17.107Z] COMPANY: "Ambica Agarbathies & Aroma industries Limited" | QUERIES: ["Ambica Agarbathies & Aroma industries Limited" official website] | CANDIDATES: [] | SELECTED: "" | CONFIDENCE: FAILED | TIME: 0ms | REASON: Resolved via readymade-fallback
[2026-08-10T13:17:17.110Z] COMPANY: "Ambika Cotton Mills Limited" | QUERIES: ["Ambika Cotton Mills Limited" official website] | CANDIDATES: [] | SELECTED: "" | CONFIDENCE: FAILED | TIME: 0ms | REASON: Resolved via readymade-fallback
[2026-08-10T13:17:17.111Z] COMPANY: "Ambuja Cements Limited" | QUERIES: ["Ambuja Cements Limited" official website] | CANDIDATES: [] | SELECTED: "" | CONFIDENCE: FAILED | TIME: 0ms | REASON: Resolved via readymade-fallback
[2026-08-10T13:17:17.113Z] COMPANY: "AMD Industries Limited" | QUERIES: ["AMD Industries Limited" official website] | CANDIDATES: [] | SELECTED: "" | CONFIDENCE: FAILED | TIME: 0ms | REASON: Resolved via readymade-fallback
[2026-08-10T13:17:17.115Z] COMPANY: "Amj Land Holdings Limited" | QUERIES: ["Amj Land Holdings Limited" official website] | CANDIDATES: [] | SELECTED: "" | CONFIDENCE: FAILED | TIME: 0ms | REASON: Resolved via readymade-fallback
[2026-08-10T13:17:17.116Z] COMPANY: "Amines & Plasticizers Limited" | QUERIES: ["Amines & Plasticizers Limited" official website] | CANDIDATES: [] | SELECTED: "" | CONFIDENCE: FAILED | TIME: 0ms | REASON: Resolved via readymade-fallback
[2026-08-10T13:17:17.118Z] COMPANY: "Amrutanjan Health Care Limited" | QUERIES: ["Amrutanjan Health Care Limited" official website] | CANDIDATES: [] | SELECTED: "" | CONFIDENCE: FAILED | TIME: 0ms | REASON: Resolved via readymade-fallback
[2026-08-10T13:17:17.120Z] COMPANY: "Anand Rathi Wealth Limited" | QUERIES: ["Anand Rathi Wealth Limited" official website] | CANDIDATES: [] | SELECTED: "" | CONFIDENCE: FAILED | TIME: 0ms | REASON: Resolved via readymade-fallback
[2026-08-10T13:17:17.123Z] COMPANY: "Anant Raj Limited" | QUERIES: ["Anant Raj Limited" official website] | CANDIDATES: [] | SELECTED: "" | CONFIDENCE: FAILED | TIME: 0ms | REASON: Resolved via readymade-fallback
[2026-08-10T13:17:17.126Z] COMPANY: "ANDHRA PAPER LIMITED" | QUERIES: ["ANDHRA PAPER LIMITED" official website] | CANDIDATES: [] | SELECTED: "" | CONFIDENCE: FAILED | TIME: 0ms | REASON: Resolved via readymade-fallback
[2026-08-10T13:17:17.128Z] COMPANY: "The Andhra Sugars Limited" | QUERIES: ["The Andhra Sugars Limited" official website] | CANDIDATES: [] | SELECTED: "" | CONFIDENCE: FAILED | TIME: 0ms | REASON: Resolved via readymade-fallback
[2026-08-10T13:17:17.131Z] COMPANY: "Angel One Limited" | QUERIES: ["Angel One Limited" official website] | CANDIDATES: [] | SELECTED: "" | CONFIDENCE: FAILED | TIME: 0ms | REASON: Resolved via readymade-fallback
[2026-08-10T13:17:17.133Z] COMPANY: "Anik Industries Limited" | QUERIES: ["Anik Industries Limited" official website] | CANDIDATES: [] | SELECTED: "" | CONFIDENCE: FAILED | TIME: 0ms | REASON: Resolved via readymade-fallback
[2026-08-10T13:17:17.134Z] COMPANY: "Ankit Metal & Power Limited" | QUERIES: ["Ankit Metal & Power Limited" official website] | CANDIDATES: [] | SELECTED: "" | CONFIDENCE: FAILED | TIME: 0ms | REASON: Resolved via readymade-fallback
[2026-08-10T13:17:17.137Z] COMPANY: "Anmol India Limited" | QUERIES: ["Anmol India Limited" official website] | CANDIDATES: [] | SELECTED: "" | CONFIDENCE: FAILED | TIME: 0ms | REASON: Resolved via readymade-fallback
[2026-08-10T13:17:17.139Z] COMPANY: "Ansal Properties & Infrastructure Limited" | QUERIES: ["Ansal Properties & Infrastructure Limited" official website] | CANDIDATES: [] | SELECTED: "" | CONFIDENCE: FAILED | TIME: 0ms | REASON: Resolved via readymade-fallback
[2026-08-10T13:17:17.141Z] COMPANY: "Antelopus Selan Energy Limited" | QUERIES: ["Antelopus Selan Energy Limited" official website] | CANDIDATES: [] | SELECTED: "" | CONFIDENCE: FAILED | TIME: 0ms | REASON: Resolved via readymade-fallback
[2026-08-10T13:17:17.142Z] COMPANY: "Antarctica Limited" | QUERIES: ["Antarctica Limited" official website] | CANDIDATES: [] | SELECTED: "" | CONFIDENCE: FAILED | TIME: 0ms | REASON: Resolved via readymade-fallback
[2026-08-10T13:17:17.145Z] COMPANY: "Anthem Biosciences Limited" | QUERIES: ["Anthem Biosciences Limited" official website] | CANDIDATES: [] | SELECTED: "" | CONFIDENCE: FAILED | TIME: 0ms | REASON: Resolved via readymade-fallback
[2026-08-10T13:17:17.146Z] COMPANY: "Anuh Pharma Limited" | QUERIES: ["Anuh Pharma Limited" official website] | CANDIDATES: [] | SELECTED: "" | CONFIDENCE: FAILED | TIME: 0ms | REASON: Resolved via readymade-fallback
[2026-08-10T13:17:17.148Z] COMPANY: "The Anup Engineering Limited" | QUERIES: ["The Anup Engineering Limited" official website] | CANDIDATES: [] | SELECTED: "" | CONFIDENCE: FAILED | TIME: 0ms | REASON: Resolved via readymade-fallback
[2026-08-10T13:17:17.151Z] COMPANY: "Anupam Rasayan India Limited" | QUERIES: ["Anupam Rasayan India Limited" official website] | CANDIDATES: [] | SELECTED: "" | CONFIDENCE: FAILED | TIME: 2ms | REASON: Resolved via readymade-fallback
[2026-08-10T13:17:17.152Z] COMPANY: "Apar Industries Limited" | QUERIES: ["Apar Industries Limited" official website] | CANDIDATES: [] | SELECTED: "" | CONFIDENCE: FAILED | TIME: 0ms | REASON: Resolved via readymade-fallback
[2026-08-10T13:17:17.153Z] COMPANY: "Anjani Portland Cement Limited" | QUERIES: ["Anjani Portland Cement Limited" official website] | CANDIDATES: [] | SELECTED: "" | CONFIDENCE: FAILED | TIME: 0ms | REASON: Resolved via readymade-fallback
[2026-08-10T13:17:17.156Z] COMPANY: "Apcotex Industries Limited" | QUERIES: ["Apcotex Industries Limited" official website] | CANDIDATES: [] | SELECTED: "" | CONFIDENCE: FAILED | TIME: 0ms | REASON: Resolved via readymade-fallback
[2026-08-10T13:17:17.156Z] COMPANY: "Apex Frozen Foods Limited" | QUERIES: ["Apex Frozen Foods Limited" official website] | CANDIDATES: [] | SELECTED: "" | CONFIDENCE: FAILED | TIME: 0ms | REASON: Resolved via readymade-fallback
[2026-08-10T13:17:17.157Z] COMPANY: "APL Apollo Tubes Limited" | QUERIES: ["APL Apollo Tubes Limited" official website] | CANDIDATES: [] | SELECTED: "" | CONFIDENCE: FAILED | TIME: 0ms | REASON: Resolved via readymade-fallback
[2026-08-10T13:17:17.159Z] COMPANY: "Alembic Pharmaceuticals Limited" | QUERIES: ["Alembic Pharmaceuticals Limited" official website] | CANDIDATES: [] | SELECTED: "" | CONFIDENCE: FAILED | TIME: 0ms | REASON: Resolved via readymade-fallback
[2026-08-10T13:17:17.163Z] COMPANY: "Apollo Micro Systems Limited" | QUERIES: ["Apollo Micro Systems Limited" official website] | CANDIDATES: [] | SELECTED: "" | CONFIDENCE: FAILED | TIME: 0ms | REASON: Resolved via readymade-fallback
[2026-08-10T13:17:17.164Z] COMPANY: "Apollo Hospitals Enterprise Limited" | QUERIES: ["Apollo Hospitals Enterprise Limited" official website] | CANDIDATES: [] | SELECTED: "" | CONFIDENCE: FAILED | TIME: 0ms | REASON: Resolved via readymade-fallback
[2026-08-10T13:17:17.165Z] COMPANY: "Apollo Pipes Limited" | QUERIES: ["Apollo Pipes Limited" official website] | CANDIDATES: [] | SELECTED: "" | CONFIDENCE: FAILED | TIME: 0ms | REASON: Resolved via readymade-fallback
[2026-08-10T13:17:17.166Z] COMPANY: "Apollo Tyres Limited" | QUERIES: ["Apollo Tyres Limited" official website] | CANDIDATES: [] | SELECTED: "" | CONFIDENCE: FAILED | TIME: 0ms | REASON: Resolved via readymade-fallback
[2026-08-10T13:17:17.167Z] COMPANY: "Apollo Sindoori Hotels Limited" | QUERIES: ["Apollo Sindoori Hotels Limited" official website] | CANDIDATES: [] | SELECTED: "" | CONFIDENCE: FAILED | TIME: 0ms | REASON: Resolved via readymade-fallback
[2026-08-10T13:17:17.168Z] COMPANY: "Aptech Limited" | QUERIES: ["Aptech Limited" official website] | CANDIDATES: [] | SELECTED: "" | CONFIDENCE: FAILED | TIME: 0ms | REASON: Resolved via readymade-fallback
[2026-08-10T13:17:17.169Z] COMPANY: "Aptus Value Housing Finance India Limited" | QUERIES: ["Aptus Value Housing Finance India Limited" official website] | CANDIDATES: [] | SELECTED: "" | CONFIDENCE: FAILED | TIME: 0ms | REASON: Resolved via readymade-fallback
[2026-08-10T13:17:17.170Z] COMPANY: "Aqylon Nexus Limited" | QUERIES: ["Aqylon Nexus Limited" official website] | CANDIDATES: [] | SELECTED: "" | CONFIDENCE: FAILED | TIME: 1ms | REASON: Resolved via readymade-fallback
[2026-08-10T13:17:17.171Z] COMPANY: "Archidply Industries Limited" | QUERIES: ["Archidply Industries Limited" official website] | CANDIDATES: [] | SELECTED: "" | CONFIDENCE: FAILED | TIME: 0ms | REASON: Resolved via readymade-fallback
[2026-08-10T13:17:17.172Z] COMPANY: "Archies Limited" | QUERIES: ["Archies Limited" official website] | CANDIDATES: [] | SELECTED: "" | CONFIDENCE: FAILED | TIME: 0ms | REASON: Resolved via readymade-fallback
[2026-08-10T13:17:17.173Z] COMPANY: "Amara Raja Energy & Mobility Limited" | QUERIES: ["Amara Raja Energy & Mobility Limited" official website] | CANDIDATES: [] | SELECTED: "" | CONFIDENCE: FAILED | TIME: 0ms | REASON: Resolved via readymade-fallback
[2026-08-10T13:17:17.174Z] COMPANY: "Rajdarshan Industries Limited" | QUERIES: ["Rajdarshan Industries Limited" official website] | CANDIDATES: [] | SELECTED: "" | CONFIDENCE: FAILED | TIME: 0ms | REASON: Resolved via readymade-fallback
[2026-08-10T13:17:17.175Z] COMPANY: "Arfin India Limited" | QUERIES: ["Arfin India Limited" official website] | CANDIDATES: [] | SELECTED: "" | CONFIDENCE: FAILED | TIME: 0ms | REASON: Resolved via readymade-fallback
[2026-08-10T13:17:17.176Z] COMPANY: "Aries Agro Limited" | QUERIES: ["Aries Agro Limited" official website] | CANDIDATES: [] | SELECTED: "" | CONFIDENCE: FAILED | TIME: 0ms | REASON: Resolved via readymade-fallback
[2026-08-10T13:17:17.176Z] COMPANY: "Arihant Foundations & Housing Limited" | QUERIES: ["Arihant Foundations & Housing Limited" official website] | CANDIDATES: [] | SELECTED: "" | CONFIDENCE: FAILED | TIME: 0ms | REASON: Resolved via readymade-fallback
[2026-08-10T13:17:17.177Z] COMPANY: "Arihant Capital Markets Limited" | QUERIES: ["Arihant Capital Markets Limited" official website] | CANDIDATES: [] | SELECTED: "" | CONFIDENCE: FAILED | TIME: 0ms | REASON: Resolved via readymade-fallback
[2026-08-10T13:17:17.178Z] COMPANY: "Arihant Superstructures Limited" | QUERIES: ["Arihant Superstructures Limited" official website] | CANDIDATES: [] | SELECTED: "" | CONFIDENCE: FAILED | TIME: 0ms | REASON: Resolved via readymade-fallback
[2026-08-10T13:17:17.179Z] COMPANY: "Arisinfra Solutions Limited" | QUERIES: ["Arisinfra Solutions Limited" official website] | CANDIDATES: [] | SELECTED: "" | CONFIDENCE: FAILED | TIME: 0ms | REASON: Resolved via readymade-fallback
[2026-08-10T13:17:17.180Z] COMPANY: "Arkade Developers Limited" | QUERIES: ["Arkade Developers Limited" official website] | CANDIDATES: [] | SELECTED: "" | CONFIDENCE: FAILED | TIME: 0ms | REASON: Resolved via readymade-fallback
[2026-08-10T13:17:17.181Z] COMPANY: "Arman Financial Services Limited" | QUERIES: ["Arman Financial Services Limited" official website] | CANDIDATES: [] | SELECTED: "" | CONFIDENCE: FAILED | TIME: 0ms | REASON: Resolved via readymade-fallback
[2026-08-10T13:17:17.182Z] COMPANY: "Aro Granite Industries Limited" | QUERIES: ["Aro Granite Industries Limited" official website] | CANDIDATES: [] | SELECTED: "" | CONFIDENCE: FAILED | TIME: 0ms | REASON: Resolved via readymade-fallback
[2026-08-10T13:17:17.183Z] COMPANY: "Arrow Greentech Limited" | QUERIES: ["Arrow Greentech Limited" official website] | CANDIDATES: [] | SELECTED: "" | CONFIDENCE: FAILED | TIME: 0ms | REASON: Resolved via readymade-fallback
[2026-08-10T13:17:17.184Z] COMPANY: "Arshiya Limited" | QUERIES: ["Arshiya Limited" official website] | CANDIDATES: [] | SELECTED: "" | CONFIDENCE: FAILED | TIME: 0ms | REASON: Resolved via readymade-fallback
[2026-08-10T13:17:17.185Z] COMPANY: "Anand Rathi Share and Stock Brokers Limited" | QUERIES: ["Anand Rathi Share and Stock Brokers Limited" official website] | CANDIDATES: [] | SELECTED: "" | CONFIDENCE: FAILED | TIME: 0ms | REASON: Resolved via readymade-fallback
[2026-08-10T13:17:17.186Z] COMPANY: "Artemis Medicare Services Limited" | QUERIES: ["Artemis Medicare Services Limited" official website] | CANDIDATES: [] | SELECTED: "" | CONFIDENCE: FAILED | TIME: 0ms | REASON: Resolved via readymade-fallback
[2026-08-10T13:17:17.188Z] COMPANY: "Art Nirman Limited" | QUERIES: ["Art Nirman Limited" official website] | CANDIDATES: [] | SELECTED: "" | CONFIDENCE: FAILED | TIME: 1ms | REASON: Resolved via readymade-fallback
[2026-08-10T13:17:17.189Z] COMPANY: "Arvee Laboratories (India) Limited" | QUERIES: ["Arvee Laboratories (India) Limited" official website] | CANDIDATES: [] | SELECTED: "" | CONFIDENCE: FAILED | TIME: 0ms | REASON: Resolved via readymade-fallback
[2026-08-10T13:17:17.189Z] COMPANY: "Arvind Limited" | QUERIES: ["Arvind Limited" official website] | CANDIDATES: [] | SELECTED: "" | CONFIDENCE: FAILED | TIME: 0ms | REASON: Resolved via readymade-fallback
[2026-08-10T13:17:17.190Z] COMPANY: "Arvind Fashions Limited" | QUERIES: ["Arvind Fashions Limited" official website] | CANDIDATES: [] | SELECTED: "" | CONFIDENCE: FAILED | TIME: 0ms | REASON: Resolved via readymade-fallback
[2026-08-10T13:17:17.193Z] COMPANY: "Arvind SmartSpaces Limited" | QUERIES: ["Arvind SmartSpaces Limited" official website] | CANDIDATES: [] | SELECTED: "" | CONFIDENCE: FAILED | TIME: 0ms | REASON: Resolved via readymade-fallback
[2026-08-10T13:17:17.195Z] COMPANY: "Asahi India Glass Limited" | QUERIES: ["Asahi India Glass Limited" official website] | CANDIDATES: [] | SELECTED: "" | CONFIDENCE: FAILED | TIME: 0ms | REASON: Resolved via readymade-fallback
[2026-08-10T13:17:17.198Z] COMPANY: "Asahi Songwon Colors Limited" | QUERIES: ["Asahi Songwon Colors Limited" official website] | CANDIDATES: [] | SELECTED: "" | CONFIDENCE: FAILED | TIME: 0ms | REASON: Resolved via readymade-fallback
[2026-08-10T13:17:17.199Z] COMPANY: "Automotive Stampings and Assemblies Limited" | QUERIES: ["Automotive Stampings and Assemblies Limited" official website] | CANDIDATES: [] | SELECTED: "" | CONFIDENCE: FAILED | TIME: 0ms | REASON: Resolved via readymade-fallback
[2026-08-10T13:17:17.202Z] COMPANY: "Associated Alcohols & Breweries Ltd." | QUERIES: ["Associated Alcohols & Breweries Ltd." official website] | CANDIDATES: [] | SELECTED: "" | CONFIDENCE: FAILED | TIME: 0ms | REASON: Resolved via readymade-fallback
[2026-08-10T13:17:17.203Z] COMPANY: "Ashapura Minechem Limited" | QUERIES: ["Ashapura Minechem Limited" official website] | CANDIDATES: [] | SELECTED: "" | CONFIDENCE: FAILED | TIME: 0ms | REASON: Resolved via readymade-fallback
[2026-08-10T13:17:17.204Z] COMPANY: "Ashiana Housing Limited" | QUERIES: ["Ashiana Housing Limited" official website] | CANDIDATES: [] | SELECTED: "" | CONFIDENCE: FAILED | TIME: 0ms | REASON: Resolved via readymade-fallback
[2026-08-10T13:17:17.205Z] COMPANY: "Ashika Global Securities Limited" | QUERIES: ["Ashika Global Securities Limited" official website] | CANDIDATES: [] | SELECTED: "" | CONFIDENCE: FAILED | TIME: 0ms | REASON: Resolved via readymade-fallback
[2026-08-10T13:17:17.206Z] COMPANY: "Ashima Limited" | QUERIES: ["Ashima Limited" official website] | CANDIDATES: [] | SELECTED: "" | CONFIDENCE: FAILED | TIME: 0ms | REASON: Resolved via readymade-fallback
[2026-08-10T13:17:17.208Z] COMPANY: "Ashoka Buildcon Limited" | QUERIES: ["Ashoka Buildcon Limited" official website] | CANDIDATES: [] | SELECTED: "" | CONFIDENCE: FAILED | TIME: 0ms | REASON: Resolved via readymade-fallback
[2026-08-10T13:17:17.210Z] COMPANY: "Ashoka Metcast Limited" | QUERIES: ["Ashoka Metcast Limited" official website] | CANDIDATES: [] | SELECTED: "" | CONFIDENCE: FAILED | TIME: 0ms | REASON: Resolved via readymade-fallback
[2026-08-10T13:17:17.212Z] COMPANY: "Ashok Leyland Limited" | QUERIES: ["Ashok Leyland Limited" official website] | CANDIDATES: [] | SELECTED: "" | CONFIDENCE: FAILED | TIME: 0ms | REASON: Resolved via readymade-fallback
[2026-08-10T13:17:17.215Z] COMPANY: "Asian Energy Services Limited" | QUERIES: ["Asian Energy Services Limited" official website] | CANDIDATES: [] | SELECTED: "" | CONFIDENCE: FAILED | TIME: 0ms | REASON: Resolved via readymade-fallback
[2026-08-10T13:17:17.216Z] COMPANY: "Asian Hotels (North) Limited" | QUERIES: ["Asian Hotels (North) Limited" official website] | CANDIDATES: [] | SELECTED: "" | CONFIDENCE: FAILED | TIME: 0ms | REASON: Resolved via readymade-fallback
[2026-08-10T13:17:17.219Z] COMPANY: "Asian Paints Limited" | QUERIES: ["Asian Paints Limited" official website] | CANDIDATES: [] | SELECTED: "" | CONFIDENCE: FAILED | TIME: 0ms | REASON: Resolved via readymade-fallback
[2026-08-10T13:17:17.220Z] COMPANY: "Asian Granito India Limited" | QUERIES: ["Asian Granito India Limited" official website] | CANDIDATES: [] | SELECTED: "" | CONFIDENCE: FAILED | TIME: 0ms | REASON: Resolved via readymade-fallback
[2026-08-10T13:17:17.221Z] COMPANY: "ASK Automotive Limited" | QUERIES: ["ASK Automotive Limited" official website] | CANDIDATES: [] | SELECTED: "" | CONFIDENCE: FAILED | TIME: 0ms | REASON: Resolved via readymade-fallback
[2026-08-10T13:17:17.225Z] COMPANY: "Avio Smart Market Stack Limited" | QUERIES: ["Avio Smart Market Stack Limited" official website] | CANDIDATES: [] | SELECTED: "" | CONFIDENCE: FAILED | TIME: 0ms | REASON: Resolved via readymade-fallback
[2026-08-10T13:17:17.227Z] COMPANY: "Aspinwall and Company Limited" | QUERIES: ["Aspinwall and Company Limited" official website] | CANDIDATES: [] | SELECTED: "" | CONFIDENCE: FAILED | TIME: 0ms | REASON: Resolved via readymade-fallback
[2026-08-10T13:17:17.228Z] COMPANY: "Asian Star Company Limited" | QUERIES: ["Asian Star Company Limited" official website] | CANDIDATES: [] | SELECTED: "" | CONFIDENCE: FAILED | TIME: 0ms | REASON: Resolved via readymade-fallback
[2026-08-10T13:17:17.229Z] COMPANY: "Astec LifeSciences Limited" | QUERIES: ["Astec LifeSciences Limited" official website] | CANDIDATES: [] | SELECTED: "" | CONFIDENCE: FAILED | TIME: 0ms | REASON: Resolved via readymade-fallback
[2026-08-10T13:17:17.230Z] COMPANY: "Aster DM Quality Care Limited" | QUERIES: ["Aster DM Quality Care Limited" official website] | CANDIDATES: [] | SELECTED: "" | CONFIDENCE: FAILED | TIME: 0ms | REASON: Resolved via readymade-fallback
[2026-08-10T13:17:17.233Z] COMPANY: "Astral Limited" | QUERIES: ["Astral Limited" official website] | CANDIDATES: [] | SELECTED: "" | CONFIDENCE: FAILED | TIME: 0ms | REASON: Resolved via readymade-fallback
[2026-08-10T13:17:17.235Z] COMPANY: "Astra Microwave Products Limited" | QUERIES: ["Astra Microwave Products Limited" official website] | CANDIDATES: [] | SELECTED: "" | CONFIDENCE: FAILED | TIME: 0ms | REASON: Resolved via readymade-fallback
[2026-08-10T13:17:17.238Z] COMPANY: "AstraZeneca Pharma India Limited" | QUERIES: ["AstraZeneca Pharma India Limited" official website] | CANDIDATES: [] | SELECTED: "" | CONFIDENCE: FAILED | TIME: 0ms | REASON: Resolved via readymade-fallback
[2026-08-10T13:17:17.240Z] COMPANY: "Astron Paper & Board Mill Limited" | QUERIES: ["Astron Paper & Board Mill Limited" official website] | CANDIDATES: [] | SELECTED: "" | CONFIDENCE: FAILED | TIME: 0ms | REASON: Resolved via readymade-fallback
[2026-08-10T13:17:17.241Z] COMPANY: "Atal Realtech Limited" | QUERIES: ["Atal Realtech Limited" official website] | CANDIDATES: [] | SELECTED: "" | CONFIDENCE: FAILED | TIME: 0ms | REASON: Resolved via readymade-fallback
[2026-08-10T13:17:17.244Z] COMPANY: "Atam Valves Limited" | QUERIES: ["Atam Valves Limited" official website] | CANDIDATES: [] | SELECTED: "" | CONFIDENCE: FAILED | TIME: 0ms | REASON: Resolved via readymade-fallback
[2026-08-10T13:17:17.245Z] COMPANY: "Adani Total Gas Limited" | QUERIES: ["Adani Total Gas Limited" official website] | CANDIDATES: [] | SELECTED: "" | CONFIDENCE: FAILED | TIME: 0ms | REASON: Resolved via readymade-fallback
[2026-08-10T13:17:17.246Z] COMPANY: "Ather Energy Limited" | QUERIES: ["Ather Energy Limited" official website] | CANDIDATES: [] | SELECTED: "" | CONFIDENCE: FAILED | TIME: 0ms | REASON: Resolved via readymade-fallback
[2026-08-10T13:17:17.247Z] COMPANY: "Allcargo Terminals Limited" | QUERIES: ["Allcargo Terminals Limited" official website] | CANDIDATES: [] | SELECTED: "" | CONFIDENCE: FAILED | TIME: 0ms | REASON: Resolved via readymade-fallback
[2026-08-10T13:17:17.251Z] COMPANY: "ATLANTAA LIMITED" | QUERIES: ["ATLANTAA LIMITED" official website] | CANDIDATES: [] | SELECTED: "" | CONFIDENCE: FAILED | TIME: 0ms | REASON: Resolved via readymade-fallback
[2026-08-10T13:17:17.252Z] COMPANY: "Atlanta Electricals Limited" | QUERIES: ["Atlanta Electricals Limited" official website] | CANDIDATES: [] | SELECTED: "" | CONFIDENCE: FAILED | TIME: 0ms | REASON: Resolved via readymade-fallback
[2026-08-10T13:17:17.257Z] COMPANY: "Atlas Cycles (Haryana) Limited" | QUERIES: ["Atlas Cycles (Haryana) Limited" official website] | CANDIDATES: [] | SELECTED: "" | CONFIDENCE: FAILED | TIME: 0ms | REASON: Resolved via readymade-fallback
[2026-08-10T13:17:17.259Z] COMPANY: "Atul Limited" | QUERIES: ["Atul Limited" official website] | CANDIDATES: [] | SELECTED: "" | CONFIDENCE: FAILED | TIME: 0ms | REASON: Resolved via readymade-fallback
[2026-08-10T13:17:17.262Z] COMPANY: "Atul Auto Limited" | QUERIES: ["Atul Auto Limited" official website] | CANDIDATES: [] | SELECTED: "" | CONFIDENCE: FAILED | TIME: 0ms | REASON: Resolved via readymade-fallback
[2026-08-10T13:17:17.263Z] COMPANY: "AU Small Finance Bank Limited" | QUERIES: ["AU Small Finance Bank Limited" official website] | CANDIDATES: [] | SELECTED: "" | CONFIDENCE: FAILED | TIME: 0ms | REASON: Resolved via readymade-fallback
[2026-08-10T13:17:17.264Z] COMPANY: "Aurionpro Solutions Limited" | QUERIES: ["Aurionpro Solutions Limited" official website] | CANDIDATES: [] | SELECTED: "" | CONFIDENCE: FAILED | TIME: 0ms | REASON: Resolved via readymade-fallback
[2026-08-10T13:17:17.269Z] COMPANY: "Aurobindo Pharma Limited" | QUERIES: ["Aurobindo Pharma Limited" official website] | CANDIDATES: [] | SELECTED: "" | CONFIDENCE: FAILED | TIME: 0ms | REASON: Resolved via readymade-fallback
[2026-08-10T13:17:17.275Z] COMPANY: "Aurum PropTech Limited" | QUERIES: ["Aurum PropTech Limited" official website] | CANDIDATES: [] | SELECTED: "" | CONFIDENCE: FAILED | TIME: 0ms | REASON: Resolved via readymade-fallback
[2026-08-10T13:17:17.276Z] COMPANY: "AURUS GEM CORPORATION LIMITED" | QUERIES: ["AURUS GEM CORPORATION LIMITED" official website] | CANDIDATES: [] | SELECTED: "" | CONFIDENCE: FAILED | TIME: 0ms | REASON: Resolved via readymade-fallback
[2026-08-10T13:17:17.282Z] COMPANY: "Ausom Enterprise Limited" | QUERIES: ["Ausom Enterprise Limited" official website] | CANDIDATES: [] | SELECTED: "" | CONFIDENCE: FAILED | TIME: 2ms | REASON: Resolved via readymade-fallback
[2026-08-10T13:17:17.283Z] COMPANY: "Automotive Axles Limited" | QUERIES: ["Automotive Axles Limited" official website] | CANDIDATES: [] | SELECTED: "" | CONFIDENCE: FAILED | TIME: 0ms | REASON: Resolved via readymade-fallback
[2026-08-10T13:17:17.286Z] COMPANY: "Autoline Industries Limited" | QUERIES: ["Autoline Industries Limited" official website] | CANDIDATES: [] | SELECTED: "" | CONFIDENCE: FAILED | TIME: 0ms | REASON: Resolved via readymade-fallback
[2026-08-10T13:17:17.289Z] COMPANY: "Avadh Sugar & Energy Limited" | QUERIES: ["Avadh Sugar & Energy Limited" official website] | CANDIDATES: [] | SELECTED: "" | CONFIDENCE: FAILED | TIME: 1ms | REASON: Resolved via readymade-fallback
[2026-08-10T13:17:17.294Z] COMPANY: "Avalon Technologies Limited" | QUERIES: ["Avalon Technologies Limited" official website] | CANDIDATES: [] | SELECTED: "" | CONFIDENCE: FAILED | TIME: 1ms | REASON: Resolved via readymade-fallback
[2026-08-10T13:17:17.306Z] COMPANY: "Avantel Limited" | QUERIES: ["Avantel Limited" official website] | CANDIDATES: [] | SELECTED: "" | CONFIDENCE: FAILED | TIME: 0ms | REASON: Resolved via readymade-fallback
[2026-08-10T13:17:17.313Z] COMPANY: "Avanti Feeds Limited" | QUERIES: ["Avanti Feeds Limited" official website] | CANDIDATES: [] | SELECTED: "" | CONFIDENCE: FAILED | TIME: 0ms | REASON: Resolved via readymade-fallback
[2026-08-10T13:17:17.315Z] COMPANY: "AVG Logistics Limited" | QUERIES: ["AVG Logistics Limited" official website] | CANDIDATES: [] | SELECTED: "" | CONFIDENCE: FAILED | TIME: 0ms | REASON: Resolved via readymade-fallback
[2026-08-10T13:17:17.324Z] COMPANY: "Aditya Vision Limited" | QUERIES: ["Aditya Vision Limited" official website] | CANDIDATES: [] | SELECTED: "" | CONFIDENCE: FAILED | TIME: 0ms | REASON: Resolved via readymade-fallback
[2026-08-10T13:17:17.329Z] COMPANY: "Avonmore Capital & Management Services Limited" | QUERIES: ["Avonmore Capital & Management Services Limited" official website] | CANDIDATES: [] | SELECTED: "" | CONFIDENCE: FAILED | TIME: 1ms | REASON: Resolved via readymade-fallback
[2026-08-10T13:17:17.338Z] COMPANY: "AVRO INDIA LIMITED" | QUERIES: ["AVRO INDIA LIMITED" official website] | CANDIDATES: [] | SELECTED: "" | CONFIDENCE: FAILED | TIME: 0ms | REASON: Resolved via readymade-fallback
[2026-08-10T13:17:17.342Z] COMPANY: "AVT Natural Products Limited" | QUERIES: ["AVT Natural Products Limited" official website] | CANDIDATES: [] | SELECTED: "" | CONFIDENCE: FAILED | TIME: 0ms | REASON: Resolved via readymade-fallback
[2026-08-10T13:17:17.346Z] COMPANY: "Awfis Space Solutions Limited" | QUERIES: ["Awfis Space Solutions Limited" official website] | CANDIDATES: [] | SELECTED: "" | CONFIDENCE: FAILED | TIME: 0ms | REASON: Resolved via readymade-fallback
[2026-08-10T13:17:17.347Z] COMPANY: "Antony Waste Handling Cell Limited" | QUERIES: ["Antony Waste Handling Cell Limited" official website] | CANDIDATES: [] | SELECTED: "" | CONFIDENCE: FAILED | TIME: 0ms | REASON: Resolved via readymade-fallback
[2026-08-10T13:17:17.353Z] COMPANY: "AWL Agri Business Limited" | QUERIES: ["AWL Agri Business Limited" official website] | CANDIDATES: [] | SELECTED: "" | CONFIDENCE: FAILED | TIME: 0ms | REASON: Resolved via readymade-fallback
[2026-08-10T13:17:17.361Z] COMPANY: "Axis Bank Limited" | QUERIES: ["Axis Bank Limited" official website] | CANDIDATES: [] | SELECTED: "" | CONFIDENCE: FAILED | TIME: 0ms | REASON: Resolved via readymade-fallback
[2026-08-10T13:17:17.364Z] COMPANY: "AXISCADES Technologies Limited" | QUERIES: ["AXISCADES Technologies Limited" official website] | CANDIDATES: [] | SELECTED: "" | CONFIDENCE: FAILED | TIME: 0ms | REASON: Resolved via readymade-fallback
[2026-08-10T13:17:17.372Z] COMPANY: "Axita Cotton Limited" | QUERIES: ["Axita Cotton Limited" official website] | CANDIDATES: [] | SELECTED: "" | CONFIDENCE: FAILED | TIME: 0ms | REASON: Resolved via readymade-fallback
[2026-08-10T13:17:17.376Z] COMPANY: "Aye Finance Limited" | QUERIES: ["Aye Finance Limited" official website] | CANDIDATES: [] | SELECTED: "" | CONFIDENCE: FAILED | TIME: 0ms | REASON: Resolved via readymade-fallback
[2026-08-10T13:17:17.377Z] COMPANY: "AYM Syntex Limited" | QUERIES: ["AYM Syntex Limited" official website] | CANDIDATES: [] | SELECTED: "" | CONFIDENCE: FAILED | TIME: 1ms | REASON: Resolved via readymade-fallback
[2026-08-10T13:17:17.383Z] COMPANY: "Azad Engineering Limited" | QUERIES: ["Azad Engineering Limited" official website] | CANDIDATES: [] | SELECTED: "" | CONFIDENCE: FAILED | TIME: 0ms | REASON: Resolved via readymade-fallback
[2026-08-10T13:17:17.388Z] COMPANY: "Bafna Pharmaceuticals Limited" | QUERIES: ["Bafna Pharmaceuticals Limited" official website] | CANDIDATES: [] | SELECTED: "" | CONFIDENCE: FAILED | TIME: 0ms | REASON: Resolved via readymade-fallback
[2026-08-10T13:17:17.394Z] COMPANY: "B.A.G Films and Media Limited" | QUERIES: ["B.A.G Films and Media Limited" official website] | CANDIDATES: [] | SELECTED: "" | CONFIDENCE: FAILED | TIME: 0ms | REASON: Resolved via readymade-fallback
[2026-08-10T13:17:17.402Z] COMPANY: "Baid Finserv Limited" | QUERIES: ["Baid Finserv Limited" official website] | CANDIDATES: [] | SELECTED: "" | CONFIDENCE: FAILED | TIME: 0ms | REASON: Resolved via readymade-fallback
[2026-08-10T13:17:17.407Z] COMPANY: "Bajaj Auto Limited" | QUERIES: ["Bajaj Auto Limited" official website] | CANDIDATES: [] | SELECTED: "" | CONFIDENCE: FAILED | TIME: 0ms | REASON: Resolved via readymade-fallback
[2026-08-10T13:17:17.410Z] COMPANY: "Bajaj Consumer Care Limited" | QUERIES: ["Bajaj Consumer Care Limited" official website] | CANDIDATES: [] | SELECTED: "" | CONFIDENCE: FAILED | TIME: 0ms | REASON: Resolved via readymade-fallback
[2026-08-10T13:17:17.413Z] COMPANY: "Bajaj Electricals Limited" | QUERIES: ["Bajaj Electricals Limited" official website] | CANDIDATES: [] | SELECTED: "" | CONFIDENCE: FAILED | TIME: 0ms | REASON: Resolved via readymade-fallback
[2026-08-10T13:17:17.417Z] COMPANY: "Bajaj Finserv Limited" | QUERIES: ["Bajaj Finserv Limited" official website] | CANDIDATES: [] | SELECTED: "" | CONFIDENCE: FAILED | TIME: 0ms | REASON: Resolved via readymade-fallback
[2026-08-10T13:17:17.420Z] COMPANY: "Bajaj Healthcare Limited" | QUERIES: ["Bajaj Healthcare Limited" official website] | CANDIDATES: [] | SELECTED: "" | CONFIDENCE: FAILED | TIME: 0ms | REASON: Resolved via readymade-fallback
[2026-08-10T13:17:17.422Z] COMPANY: "Bajaj Housing Finance Limited" | QUERIES: ["Bajaj Housing Finance Limited" official website] | CANDIDATES: [] | SELECTED: "" | CONFIDENCE: FAILED | TIME: 0ms | REASON: Resolved via readymade-fallback
[2026-08-10T13:17:17.429Z] COMPANY: "Bajaj Hindusthan Sugar Limited" | QUERIES: ["Bajaj Hindusthan Sugar Limited" official website] | CANDIDATES: [] | SELECTED: "" | CONFIDENCE: FAILED | TIME: 1ms | REASON: Resolved via readymade-fallback
[2026-08-10T13:17:17.433Z] COMPANY: "Bajaj Holdings & Investment Limited" | QUERIES: ["Bajaj Holdings & Investment Limited" official website] | CANDIDATES: [] | SELECTED: "" | CONFIDENCE: FAILED | TIME: 0ms | REASON: Resolved via readymade-fallback
[2026-08-10T13:17:17.436Z] COMPANY: "Indef Manufacturing Limited" | QUERIES: ["Indef Manufacturing Limited" official website] | CANDIDATES: [] | SELECTED: "" | CONFIDENCE: FAILED | TIME: 0ms | REASON: Resolved via readymade-fallback
[2026-08-10T13:17:17.443Z] COMPANY: "Bajaj Steel Industries Limited" | QUERIES: ["Bajaj Steel Industries Limited" official website] | CANDIDATES: [] | SELECTED: "" | CONFIDENCE: FAILED | TIME: 0ms | REASON: Resolved via readymade-fallback
[2026-08-10T13:17:17.446Z] COMPANY: "Bajel Projects Limited" | QUERIES: ["Bajel Projects Limited" official website] | CANDIDATES: [] | SELECTED: "" | CONFIDENCE: FAILED | TIME: 0ms | REASON: Resolved via readymade-fallback
[2026-08-10T13:17:17.450Z] COMPANY: "Bajaj Finance Limited" | QUERIES: ["Bajaj Finance Limited" official website] | CANDIDATES: [] | SELECTED: "" | CONFIDENCE: FAILED | TIME: 0ms | REASON: Resolved via readymade-fallback
[2026-08-10T13:17:17.454Z] COMPANY: "Shree Tirupati Balajee Agro Trading Company Limited" | QUERIES: ["Shree Tirupati Balajee Agro Trading Company Limited" official website] | CANDIDATES: [] | SELECTED: "" | CONFIDENCE: FAILED | TIME: 0ms | REASON: Resolved via readymade-fallback
[2026-08-10T13:17:17.459Z] COMPANY: "Balaji Telefilms Limited" | QUERIES: ["Balaji Telefilms Limited" official website] | CANDIDATES: [] | SELECTED: "" | CONFIDENCE: FAILED | TIME: 0ms | REASON: Resolved via readymade-fallback
[2026-08-10T13:17:17.462Z] COMPANY: "Balaji Amines Limited" | QUERIES: ["Balaji Amines Limited" official website] | CANDIDATES: [] | SELECTED: "" | CONFIDENCE: FAILED | TIME: 0ms | REASON: Resolved via readymade-fallback
[2026-08-10T13:17:17.466Z] COMPANY: "BALAXI PHARMACEUTICALS LIMITED" | QUERIES: ["BALAXI PHARMACEUTICALS LIMITED" official website] | CANDIDATES: [] | SELECTED: "" | CONFIDENCE: FAILED | TIME: 0ms | REASON: Resolved via readymade-fallback
[2026-08-10T13:17:17.473Z] COMPANY: "Balkrishna Paper Mills Limited" | QUERIES: ["Balkrishna Paper Mills Limited" official website] | CANDIDATES: [] | SELECTED: "" | CONFIDENCE: FAILED | TIME: 0ms | REASON: Resolved via readymade-fallback
[2026-08-10T13:17:17.477Z] COMPANY: "Balkrishna Industries Limited" | QUERIES: ["Balkrishna Industries Limited" official website] | CANDIDATES: [] | SELECTED: "" | CONFIDENCE: FAILED | TIME: 0ms | REASON: Resolved via readymade-fallback
[2026-08-10T13:17:17.482Z] COMPANY: "Balmer Lawrie & Company Limited" | QUERIES: ["Balmer Lawrie & Company Limited" official website] | CANDIDATES: [] | SELECTED: "" | CONFIDENCE: FAILED | TIME: 0ms | REASON: Resolved via readymade-fallback
[2026-08-10T13:17:17.486Z] COMPANY: "Bal Pharma Limited" | QUERIES: ["Bal Pharma Limited" official website] | CANDIDATES: [] | SELECTED: "" | CONFIDENCE: FAILED | TIME: 0ms | REASON: Resolved via readymade-fallback
[2026-08-10T13:17:17.491Z] COMPANY: "Balrampur Chini Mills Limited" | QUERIES: ["Balrampur Chini Mills Limited" official website] | CANDIDATES: [] | SELECTED: "" | CONFIDENCE: FAILED | TIME: 0ms | REASON: Resolved via readymade-fallback
[2026-08-10T13:17:17.498Z] COMPANY: "Balu Forge Industries Limited" | QUERIES: ["Balu Forge Industries Limited" official website] | CANDIDATES: [] | SELECTED: "" | CONFIDENCE: FAILED | TIME: 0ms | REASON: Resolved via readymade-fallback
[2026-08-10T13:17:17.502Z] COMPANY: "Banaras Beads Limited" | QUERIES: ["Banaras Beads Limited" official website] | CANDIDATES: [] | SELECTED: "" | CONFIDENCE: FAILED | TIME: 0ms | REASON: Resolved via readymade-fallback
[2026-08-10T13:17:17.516Z] COMPANY: "Bannari Amman Sugars Limited" | QUERIES: ["Bannari Amman Sugars Limited" official website] | CANDIDATES: [] | SELECTED: "" | CONFIDENCE: FAILED | TIME: 0ms | REASON: Resolved via readymade-fallback
[2026-08-10T13:17:17.528Z] COMPANY: "Banco Products (I) Limited" | QUERIES: ["Banco Products (I) Limited" official website] | CANDIDATES: [] | SELECTED: "" | CONFIDENCE: FAILED | TIME: 0ms | REASON: Resolved via readymade-fallback
[2026-08-10T13:17:17.531Z] COMPANY: "Bandhan Bank Limited" | QUERIES: ["Bandhan Bank Limited" official website] | CANDIDATES: [] | SELECTED: "" | CONFIDENCE: FAILED | TIME: 0ms | REASON: Resolved via readymade-fallback
[2026-08-10T13:17:17.533Z] COMPANY: "Bang Overseas Limited" | QUERIES: ["Bang Overseas Limited" official website] | CANDIDATES: [] | SELECTED: "" | CONFIDENCE: FAILED | TIME: 0ms | REASON: Resolved via readymade-fallback
[2026-08-10T13:17:17.537Z] COMPANY: "Banka BioLoo Limited" | QUERIES: ["Banka BioLoo Limited" official website] | CANDIDATES: [] | SELECTED: "" | CONFIDENCE: FAILED | TIME: 0ms | REASON: Resolved via readymade-fallback
[2026-08-10T13:17:17.540Z] COMPANY: "Bank of Baroda" | QUERIES: ["Bank of Baroda" official website] | CANDIDATES: [] | SELECTED: "" | CONFIDENCE: FAILED | TIME: 0ms | REASON: Resolved via readymade-fallback
[2026-08-10T13:17:17.543Z] COMPANY: "Bank of India" | QUERIES: ["Bank of India" official website] | CANDIDATES: [] | SELECTED: "" | CONFIDENCE: FAILED | TIME: 0ms | REASON: Resolved via readymade-fallback
[2026-08-10T13:17:17.552Z] COMPANY: "Bansal Wire Industries Limited" | QUERIES: ["Bansal Wire Industries Limited" official website] | CANDIDATES: [] | SELECTED: "" | CONFIDENCE: FAILED | TIME: 0ms | REASON: Resolved via readymade-fallback
[2026-08-10T13:17:17.555Z] COMPANY: "Banswara Syntex Limited" | QUERIES: ["Banswara Syntex Limited" official website] | CANDIDATES: [] | SELECTED: "" | CONFIDENCE: FAILED | TIME: 0ms | REASON: Resolved via readymade-fallback
[2026-08-10T13:17:17.556Z] COMPANY: "BASF India Limited" | QUERIES: ["BASF India Limited" official website] | CANDIDATES: [] | SELECTED: "" | CONFIDENCE: FAILED | TIME: 0ms | REASON: Resolved via readymade-fallback
[2026-08-10T13:17:17.567Z] COMPANY: "Bannari Amman Spinning Mills Limited" | QUERIES: ["Bannari Amman Spinning Mills Limited" official website] | CANDIDATES: [] | SELECTED: "" | CONFIDENCE: FAILED | TIME: 0ms | REASON: Resolved via readymade-fallback
[2026-08-10T13:17:17.571Z] COMPANY: "Bata India Limited" | QUERIES: ["Bata India Limited" official website] | CANDIDATES: [] | SELECTED: "" | CONFIDENCE: FAILED | TIME: 0ms | REASON: Resolved via readymade-fallback
[2026-08-10T13:17:17.572Z] COMPANY: "Batliboi Limited" | QUERIES: ["Batliboi Limited" official website] | CANDIDATES: [] | SELECTED: "" | CONFIDENCE: FAILED | TIME: 0ms | REASON: Resolved via readymade-fallback
[2026-08-10T13:17:17.573Z] COMPANY: "Bayer Cropscience Limited" | QUERIES: ["Bayer Cropscience Limited" official website] | CANDIDATES: [] | SELECTED: "" | CONFIDENCE: FAILED | TIME: 0ms | REASON: Resolved via readymade-fallback
[2026-08-10T13:17:17.577Z] COMPANY: "Bharat Bijlee Limited" | QUERIES: ["Bharat Bijlee Limited" official website] | CANDIDATES: [] | SELECTED: "" | CONFIDENCE: FAILED | TIME: 0ms | REASON: Resolved via readymade-fallback
[2026-08-10T13:17:17.578Z] COMPANY: "Black Box Limited" | QUERIES: ["Black Box Limited" official website] | CANDIDATES: [] | SELECTED: "" | CONFIDENCE: FAILED | TIME: 0ms | REASON: Resolved via readymade-fallback
[2026-08-10T13:17:17.584Z] COMPANY: "The Bombay Burmah Trading Corporation Limited" | QUERIES: ["The Bombay Burmah Trading Corporation Limited" official website] | CANDIDATES: [] | SELECTED: "" | CONFIDENCE: FAILED | TIME: 0ms | REASON: Resolved via readymade-fallback
[2026-08-10T13:17:17.585Z] COMPANY: "B&B Triplewall Containers Limited" | QUERIES: ["B&B Triplewall Containers Limited" official website] | CANDIDATES: [] | SELECTED: "" | CONFIDENCE: FAILED | TIME: 0ms | REASON: Resolved via readymade-fallback
[2026-08-10T13:17:17.586Z] COMPANY: "Brightcom Group Limited" | QUERIES: ["Brightcom Group Limited" official website] | CANDIDATES: [] | SELECTED: "" | CONFIDENCE: FAILED | TIME: 0ms | REASON: Resolved via readymade-fallback
[2026-08-10T13:17:17.590Z] COMPANY: "Bcl Industries Limited" | QUERIES: ["Bcl Industries Limited" official website] | CANDIDATES: [] | SELECTED: "" | CONFIDENCE: FAILED | TIME: 0ms | REASON: Resolved via readymade-fallback
[2026-08-10T13:17:17.598Z] COMPANY: "Brand Concepts Limited" | QUERIES: ["Brand Concepts Limited" official website] | CANDIDATES: [] | SELECTED: "" | CONFIDENCE: FAILED | TIME: 0ms | REASON: Resolved via readymade-fallback
[2026-08-10T13:17:17.600Z] COMPANY: "BCPL Railway Infrastructure Limited" | QUERIES: ["BCPL Railway Infrastructure Limited" official website] | CANDIDATES: [] | SELECTED: "" | CONFIDENCE: FAILED | TIME: 0ms | REASON: Resolved via readymade-fallback
[2026-08-10T13:17:17.605Z] COMPANY: "Bharat Dynamics Limited" | QUERIES: ["Bharat Dynamics Limited" official website] | CANDIDATES: [] | SELECTED: "" | CONFIDENCE: FAILED | TIME: 0ms | REASON: Resolved via readymade-fallback
[2026-08-10T13:17:17.607Z] COMPANY: "Beardsell Limited" | QUERIES: ["Beardsell Limited" official website] | CANDIDATES: [] | SELECTED: "" | CONFIDENCE: FAILED | TIME: 1ms | REASON: Resolved via readymade-fallback
[2026-08-10T13:17:17.613Z] COMPANY: "Mrs. Bectors Food Specialities Limited" | QUERIES: ["Mrs. Bectors Food Specialities Limited" official website] | CANDIDATES: [] | SELECTED: "" | CONFIDENCE: FAILED | TIME: 1ms | REASON: Resolved via readymade-fallback
[2026-08-10T13:17:17.614Z] COMPANY: "Bedmutha Industries Limited" | QUERIES: ["Bedmutha Industries Limited" official website] | CANDIDATES: [] | SELECTED: "" | CONFIDENCE: FAILED | TIME: 0ms | REASON: Resolved via readymade-fallback
[2026-08-10T13:17:17.619Z] COMPANY: "Beekay Steel Industries Limited" | QUERIES: ["Beekay Steel Industries Limited" official website] | CANDIDATES: [] | SELECTED: "" | CONFIDENCE: FAILED | TIME: 0ms | REASON: Resolved via readymade-fallback
[2026-08-10T13:17:17.628Z] COMPANY: "Bharat Electronics Limited" | QUERIES: ["Bharat Electronics Limited" official website] | CANDIDATES: [] | SELECTED: "" | CONFIDENCE: FAILED | TIME: 0ms | REASON: Resolved via readymade-fallback
[2026-08-10T13:17:17.633Z] COMPANY: "Bella Casa Fashion & Retail Limited" | QUERIES: ["Bella Casa Fashion & Retail Limited" official website] | CANDIDATES: [] | SELECTED: "" | CONFIDENCE: FAILED | TIME: 0ms | REASON: Resolved via readymade-fallback
[2026-08-10T13:17:17.639Z] COMPANY: "Belrise Industries Limited" | QUERIES: ["Belrise Industries Limited" official website] | CANDIDATES: [] | SELECTED: "" | CONFIDENCE: FAILED | TIME: 1ms | REASON: Resolved via readymade-fallback
[2026-08-10T13:17:17.647Z] COMPANY: "BEML Limited" | QUERIES: ["BEML Limited" official website] | CANDIDATES: [] | SELECTED: "" | CONFIDENCE: FAILED | TIME: 1ms | REASON: Resolved via readymade-fallback
[2026-08-10T13:17:17.647Z] COMPANY: "Bengal & Assam Company Limited" | QUERIES: ["Bengal & Assam Company Limited" official website] | CANDIDATES: [] | SELECTED: "" | CONFIDENCE: FAILED | TIME: 0ms | REASON: Resolved via readymade-fallback
[2026-08-10T13:17:17.655Z] COMPANY: "Bhansali Engineering Polymers Limited" | QUERIES: ["Bhansali Engineering Polymers Limited" official website] | CANDIDATES: [] | SELECTED: "" | CONFIDENCE: FAILED | TIME: 0ms | REASON: Resolved via readymade-fallback
[2026-08-10T13:17:17.662Z] COMPANY: "Berger Paints (I) Limited" | QUERIES: ["Berger Paints (I) Limited" official website] | CANDIDATES: [] | SELECTED: "" | CONFIDENCE: FAILED | TIME: 0ms | REASON: Resolved via readymade-fallback
[2026-08-10T13:17:17.673Z] COMPANY: "Best Agrolife Limited" | QUERIES: ["Best Agrolife Limited" official website] | CANDIDATES: [] | SELECTED: "" | CONFIDENCE: FAILED | TIME: 0ms | REASON: Resolved via readymade-fallback
[2026-08-10T13:17:17.675Z] COMPANY: "Beta Drugs Limited" | QUERIES: ["Beta Drugs Limited" official website] | CANDIDATES: [] | SELECTED: "" | CONFIDENCE: FAILED | TIME: 0ms | REASON: Resolved via readymade-fallback
[2026-08-10T13:17:17.681Z] COMPANY: "BF Investment Limited" | QUERIES: ["BF Investment Limited" official website] | CANDIDATES: [] | SELECTED: "" | CONFIDENCE: FAILED | TIME: 1ms | REASON: Resolved via readymade-fallback
[2026-08-10T13:17:17.687Z] COMPANY: "BF Utilities Limited" | QUERIES: ["BF Utilities Limited" official website] | CANDIDATES: [] | SELECTED: "" | CONFIDENCE: FAILED | TIME: 1ms | REASON: Resolved via readymade-fallback
[2026-08-10T13:17:17.698Z] COMPANY: "BGR Energy Systems Limited" | QUERIES: ["BGR Energy Systems Limited" official website] | CANDIDATES: [] | SELECTED: "" | CONFIDENCE: FAILED | TIME: 0ms | REASON: Resolved via readymade-fallback
[2026-08-10T13:17:17.699Z] COMPANY: "Bhagiradha Chemicals & Industries Limited" | QUERIES: ["Bhagiradha Chemicals & Industries Limited" official website] | CANDIDATES: [] | SELECTED: "" | CONFIDENCE: FAILED | TIME: 0ms | REASON: Resolved via readymade-fallback
[2026-08-10T13:17:17.709Z] COMPANY: "Bhageria Industries Limited" | QUERIES: ["Bhageria Industries Limited" official website] | CANDIDATES: [] | SELECTED: "" | CONFIDENCE: FAILED | TIME: 0ms | REASON: Resolved via readymade-fallback
[2026-08-10T13:17:17.711Z] COMPANY: "Bhagyanagar India Limited" | QUERIES: ["Bhagyanagar India Limited" official website] | CANDIDATES: [] | SELECTED: "" | CONFIDENCE: FAILED | TIME: 0ms | REASON: Resolved via readymade-fallback
[2026-08-10T13:17:17.717Z] COMPANY: "Bhandari Hosiery Exports Limited" | QUERIES: ["Bhandari Hosiery Exports Limited" official website] | CANDIDATES: [] | SELECTED: "" | CONFIDENCE: FAILED | TIME: 4ms | REASON: Resolved via readymade-fallback
[2026-08-10T13:17:17.721Z] COMPANY: "Bharat Coking Coal Limited" | QUERIES: ["Bharat Coking Coal Limited" official website] | CANDIDATES: [] | SELECTED: "" | CONFIDENCE: FAILED | TIME: 0ms | REASON: Resolved via readymade-fallback
[2026-08-10T13:17:17.727Z] COMPANY: "Bharat Forge Limited" | QUERIES: ["Bharat Forge Limited" official website] | CANDIDATES: [] | SELECTED: "" | CONFIDENCE: FAILED | TIME: 0ms | REASON: Resolved via readymade-fallback
[2026-08-10T13:17:17.729Z] COMPANY: "Bharat Gears Limited" | QUERIES: ["Bharat Gears Limited" official website] | CANDIDATES: [] | SELECTED: "" | CONFIDENCE: FAILED | TIME: 0ms | REASON: Resolved via readymade-fallback
[2026-08-10T13:17:17.732Z] COMPANY: "Bharat Rasayan Limited" | QUERIES: ["Bharat Rasayan Limited" official website] | CANDIDATES: [] | SELECTED: "" | CONFIDENCE: FAILED | TIME: 0ms | REASON: Resolved via readymade-fallback
[2026-08-10T13:17:17.738Z] COMPANY: "Bharat Seats Limited" | QUERIES: ["Bharat Seats Limited" official website] | CANDIDATES: [] | SELECTED: "" | CONFIDENCE: FAILED | TIME: 0ms | REASON: Resolved via readymade-fallback
[2026-08-10T13:17:17.741Z] COMPANY: "Bharat Wire Ropes Limited" | QUERIES: ["Bharat Wire Ropes Limited" official website] | CANDIDATES: [] | SELECTED: "" | CONFIDENCE: FAILED | TIME: 0ms | REASON: Resolved via readymade-fallback
[2026-08-10T13:17:17.747Z] COMPANY: "Bharti Airtel Limited" | QUERIES: ["Bharti Airtel Limited" official website] | CANDIDATES: [] | SELECTED: "" | CONFIDENCE: FAILED | TIME: 0ms | REASON: Resolved via readymade-fallback
[2026-08-10T13:17:17.748Z] COMPANY: "Bharti Hexacom Limited" | QUERIES: ["Bharti Hexacom Limited" official website] | CANDIDATES: [] | SELECTED: "" | CONFIDENCE: FAILED | TIME: 0ms | REASON: Resolved via readymade-fallback
[2026-08-10T13:17:17.749Z] COMPANY: "Bharat Heavy Electricals Limited" | QUERIES: ["Bharat Heavy Electricals Limited" official website] | CANDIDATES: [] | SELECTED: "" | CONFIDENCE: FAILED | TIME: 0ms | REASON: Resolved via readymade-fallback
[2026-08-10T13:17:17.756Z] COMPANY: "Bilcare Limited" | QUERIES: ["Bilcare Limited" official website] | CANDIDATES: [] | SELECTED: "" | CONFIDENCE: FAILED | TIME: 0ms | REASON: Resolved via readymade-fallback
[2026-08-10T13:17:17.759Z] COMPANY: "Bigbloc Construction Limited" | QUERIES: ["Bigbloc Construction Limited" official website] | CANDIDATES: [] | SELECTED: "" | CONFIDENCE: FAILED | TIME: 0ms | REASON: Resolved via readymade-fallback
[2026-08-10T13:17:17.762Z] COMPANY: "Bikaji Foods International Limited" | QUERIES: ["Bikaji Foods International Limited" official website] | CANDIDATES: [] | SELECTED: "" | CONFIDENCE: FAILED | TIME: 0ms | REASON: Resolved via readymade-fallback
[2026-08-10T13:17:17.770Z] COMPANY: "Bhartiya International Limited" | QUERIES: ["Bhartiya International Limited" official website] | CANDIDATES: [] | SELECTED: "" | CONFIDENCE: FAILED | TIME: 0ms | REASON: Resolved via readymade-fallback
[2026-08-10T13:17:17.771Z] COMPANY: "BIL VYAPAR LIMITED" | QUERIES: ["BIL VYAPAR LIMITED" official website] | CANDIDATES: [] | SELECTED: "" | CONFIDENCE: FAILED | TIME: 0ms | REASON: Resolved via readymade-fallback
[2026-08-10T13:17:17.772Z] COMPANY: "Bimetal Bearings Limited" | QUERIES: ["Bimetal Bearings Limited" official website] | CANDIDATES: [] | SELECTED: "" | CONFIDENCE: FAILED | TIME: 0ms | REASON: Resolved via readymade-fallback
[2026-08-10T13:17:17.777Z] COMPANY: "Biocon Limited" | QUERIES: ["Biocon Limited" official website] | CANDIDATES: [] | SELECTED: "" | CONFIDENCE: FAILED | TIME: 0ms | REASON: Resolved via readymade-fallback
[2026-08-10T13:17:17.781Z] COMPANY: "Biofil Chemicals & Pharmaceuticals Limited" | QUERIES: ["Biofil Chemicals & Pharmaceuticals Limited" official website] | CANDIDATES: [] | SELECTED: "" | CONFIDENCE: FAILED | TIME: 0ms | REASON: Resolved via readymade-fallback
[2026-08-10T13:17:17.785Z] COMPANY: "Birla Cable Limited" | QUERIES: ["Birla Cable Limited" official website] | CANDIDATES: [] | SELECTED: "" | CONFIDENCE: FAILED | TIME: 0ms | REASON: Resolved via readymade-fallback
[2026-08-10T13:17:17.788Z] COMPANY: "Birla Corporation Limited" | QUERIES: ["Birla Corporation Limited" official website] | CANDIDATES: [] | SELECTED: "" | CONFIDENCE: FAILED | TIME: 0ms | REASON: Resolved via readymade-fallback
[2026-08-10T13:17:17.789Z] COMPANY: "Aditya Birla Money Limited" | QUERIES: ["Aditya Birla Money Limited" official website] | CANDIDATES: [] | SELECTED: "" | CONFIDENCE: FAILED | TIME: 0ms | REASON: Resolved via readymade-fallback
[2026-08-10T13:17:17.794Z] COMPANY: "BirlaNu Limited" | QUERIES: ["BirlaNu Limited" official website] | CANDIDATES: [] | SELECTED: "" | CONFIDENCE: FAILED | TIME: 0ms | REASON: Resolved via readymade-fallback
[2026-08-10T13:17:17.796Z] COMPANY: "Birla Precision Technologies Limited" | QUERIES: ["Birla Precision Technologies Limited" official website] | CANDIDATES: [] | SELECTED: "" | CONFIDENCE: FAILED | TIME: 0ms | REASON: Resolved via readymade-fallback
[2026-08-10T13:17:17.801Z] COMPANY: "BLACKBUCK LIMITED" | QUERIES: ["BLACKBUCK LIMITED" official website] | CANDIDATES: [] | SELECTED: "" | CONFIDENCE: FAILED | TIME: 0ms | REASON: Resolved via readymade-fallback
[2026-08-10T13:17:17.803Z] COMPANY: "Black Rose Inds. Limited" | QUERIES: ["Black Rose Inds. Limited" official website] | CANDIDATES: [] | SELECTED: "" | CONFIDENCE: FAILED | TIME: 0ms | REASON: Resolved via readymade-fallback
[2026-08-10T13:17:17.809Z] COMPANY: "BEML Land Assets Limited" | QUERIES: ["BEML Land Assets Limited" official website] | CANDIDATES: [] | SELECTED: "" | CONFIDENCE: FAILED | TIME: 0ms | REASON: Resolved via readymade-fallback
[2026-08-10T13:17:17.813Z] COMPANY: "BLB Limited" | QUERIES: ["BLB Limited" official website] | CANDIDATES: [] | SELECTED: "" | CONFIDENCE: FAILED | TIME: 0ms | REASON: Resolved via readymade-fallback
[2026-08-10T13:17:17.821Z] COMPANY: "Balmer Lawrie Investments Limited" | QUERIES: ["Balmer Lawrie Investments Limited" official website] | CANDIDATES: [] | SELECTED: "" | CONFIDENCE: FAILED | TIME: 4ms | REASON: Resolved via readymade-fallback
[2026-08-10T13:17:17.822Z] COMPANY: "Bliss GVS Pharma Limited" | QUERIES: ["Bliss GVS Pharma Limited" official website] | CANDIDATES: [] | SELECTED: "" | CONFIDENCE: FAILED | TIME: 0ms | REASON: Resolved via readymade-fallback
[2026-08-10T13:17:17.823Z] COMPANY: "B. L. Kashyap and Sons Limited" | QUERIES: ["B. L. Kashyap and Sons Limited" official website] | CANDIDATES: [] | SELECTED: "" | CONFIDENCE: FAILED | TIME: 0ms | REASON: Resolved via readymade-fallback
[2026-08-10T13:17:17.831Z] COMPANY: "BLS International Services Limited" | QUERIES: ["BLS International Services Limited" official website] | CANDIDATES: [] | SELECTED: "" | CONFIDENCE: FAILED | TIME: 0ms | REASON: Resolved via readymade-fallback
[2026-08-10T13:17:17.840Z] COMPANY: "BLS E-Services Limited" | QUERIES: ["BLS E-Services Limited" official website] | CANDIDATES: [] | SELECTED: "" | CONFIDENCE: FAILED | TIME: 0ms | REASON: Resolved via readymade-fallback
[2026-08-10T13:17:17.841Z] COMPANY: "Blue Chip India Limited" | QUERIES: ["Blue Chip India Limited" official website] | CANDIDATES: [] | SELECTED: "" | CONFIDENCE: FAILED | TIME: 0ms | REASON: Resolved via readymade-fallback
[2026-08-10T13:17:17.847Z] COMPANY: "Blue Coast Hotels Limited" | QUERIES: ["Blue Coast Hotels Limited" official website] | CANDIDATES: [] | SELECTED: "" | CONFIDENCE: FAILED | TIME: 0ms | REASON: Resolved via readymade-fallback
[2026-08-10T13:17:17.851Z] COMPANY: "Blue Dart Express Limited" | QUERIES: ["Blue Dart Express Limited" official website] | CANDIDATES: [] | SELECTED: "" | CONFIDENCE: FAILED | TIME: 0ms | REASON: Resolved via readymade-fallback
[2026-08-10T13:17:17.856Z] COMPANY: "Blue Jet Healthcare Limited" | QUERIES: ["Blue Jet Healthcare Limited" official website] | CANDIDATES: [] | SELECTED: "" | CONFIDENCE: FAILED | TIME: 0ms | REASON: Resolved via readymade-fallback
[2026-08-10T13:17:17.857Z] COMPANY: "Blue Star Limited" | QUERIES: ["Blue Star Limited" official website] | CANDIDATES: [] | SELECTED: "" | CONFIDENCE: FAILED | TIME: 1ms | REASON: Resolved via readymade-fallback
[2026-08-10T13:17:17.868Z] COMPANY: "BlueStone Jewellery and Lifestyle Limited" | QUERIES: ["BlueStone Jewellery and Lifestyle Limited" official website] | CANDIDATES: [] | SELECTED: "" | CONFIDENCE: FAILED | TIME: 0ms | REASON: Resolved via readymade-fallback
[2026-08-10T13:17:17.869Z] COMPANY: "Bluspring Enterprises Limited" | QUERIES: ["Bluspring Enterprises Limited" official website] | CANDIDATES: [] | SELECTED: "" | CONFIDENCE: FAILED | TIME: 0ms | REASON: Resolved via readymade-fallback
[2026-08-10T13:17:17.870Z] COMPANY: "BMW Ventures Limited" | QUERIES: ["BMW Ventures Limited" official website] | CANDIDATES: [] | SELECTED: "" | CONFIDENCE: FAILED | TIME: 0ms | REASON: Resolved via readymade-fallback
[2026-08-10T13:17:17.880Z] COMPANY: "BN Agrochem Limited" | QUERIES: ["BN Agrochem Limited" official website] | CANDIDATES: [] | SELECTED: "" | CONFIDENCE: FAILED | TIME: 0ms | REASON: Resolved via readymade-fallback
[2026-08-10T13:17:17.880Z] COMPANY: "B & A Limited" | QUERIES: ["B & A Limited" official website] | CANDIDATES: [] | SELECTED: "" | CONFIDENCE: FAILED | TIME: 0ms | REASON: Resolved via readymade-fallback
[2026-08-10T13:17:17.881Z] COMPANY: "Bodal Chemicals Limited" | QUERIES: ["Bodal Chemicals Limited" official website] | CANDIDATES: [] | SELECTED: "" | CONFIDENCE: FAILED | TIME: 0ms | REASON: Resolved via readymade-fallback
[2026-08-10T13:17:17.893Z] COMPANY: "Bohra Industries Limited" | QUERIES: ["Bohra Industries Limited" official website] | CANDIDATES: [] | SELECTED: "" | CONFIDENCE: FAILED | TIME: 0ms | REASON: Resolved via readymade-fallback
[2026-08-10T13:17:17.896Z] COMPANY: "Bombay Dyeing & Mfg Company Limited" | QUERIES: ["Bombay Dyeing & Mfg Company Limited" official website] | CANDIDATES: [] | SELECTED: "" | CONFIDENCE: FAILED | TIME: 0ms | REASON: Resolved via readymade-fallback
[2026-08-10T13:17:17.898Z] COMPANY: "Bonlon Industries Limited" | QUERIES: ["Bonlon Industries Limited" official website] | CANDIDATES: [] | SELECTED: "" | CONFIDENCE: FAILED | TIME: 0ms | REASON: Resolved via readymade-fallback
[2026-08-10T13:17:17.904Z] COMPANY: "Borana Weaves Limited" | QUERIES: ["Borana Weaves Limited" official website] | CANDIDATES: [] | SELECTED: "" | CONFIDENCE: FAILED | TIME: 0ms | REASON: Resolved via readymade-fallback
[2026-08-10T13:17:17.909Z] COMPANY: "Borosil Limited" | QUERIES: ["Borosil Limited" official website] | CANDIDATES: [] | SELECTED: "" | CONFIDENCE: FAILED | TIME: 0ms | REASON: Resolved via readymade-fallback
[2026-08-10T13:17:17.912Z] COMPANY: "BOROSIL RENEWABLES LIMITED" | QUERIES: ["BOROSIL RENEWABLES LIMITED" official website] | CANDIDATES: [] | SELECTED: "" | CONFIDENCE: FAILED | TIME: 0ms | REASON: Resolved via readymade-fallback
[2026-08-10T13:17:17.916Z] COMPANY: "Borosil Scientific Limited" | QUERIES: ["Borosil Scientific Limited" official website] | CANDIDATES: [] | SELECTED: "" | CONFIDENCE: FAILED | TIME: 0ms | REASON: Resolved via readymade-fallback
[2026-08-10T13:17:17.917Z] COMPANY: "BOSCH HOME COMFORT INDIA LIMITED" | QUERIES: ["BOSCH HOME COMFORT INDIA LIMITED" official website] | CANDIDATES: [] | SELECTED: "" | CONFIDENCE: FAILED | TIME: 0ms | REASON: Resolved via readymade-fallback
[2026-08-10T13:17:17.922Z] COMPANY: "Bosch Limited" | QUERIES: ["Bosch Limited" official website] | CANDIDATES: [] | SELECTED: "" | CONFIDENCE: FAILED | TIME: 0ms | REASON: Resolved via readymade-fallback
[2026-08-10T13:17:17.924Z] COMPANY: "Bharat Petroleum Corporation Limited" | QUERIES: ["Bharat Petroleum Corporation Limited" official website] | CANDIDATES: [] | SELECTED: "" | CONFIDENCE: FAILED | TIME: 0ms | REASON: Resolved via readymade-fallback
[2026-08-10T13:17:17.926Z] COMPANY: "BPL Limited" | QUERIES: ["BPL Limited" official website] | CANDIDATES: [] | SELECTED: "" | CONFIDENCE: FAILED | TIME: 0ms | REASON: Resolved via readymade-fallback
[2026-08-10T13:17:17.929Z] COMPANY: "Brigade Enterprises Limited" | QUERIES: ["Brigade Enterprises Limited" official website] | CANDIDATES: [] | SELECTED: "" | CONFIDENCE: FAILED | TIME: 0ms | REASON: Resolved via readymade-fallback
[2026-08-10T13:17:17.930Z] COMPANY: "Brigade Hotel Ventures Limited" | QUERIES: ["Brigade Hotel Ventures Limited" official website] | CANDIDATES: [] | SELECTED: "" | CONFIDENCE: FAILED | TIME: 0ms | REASON: Resolved via readymade-fallback
[2026-08-10T13:17:17.932Z] COMPANY: "Britannia Industries Limited" | QUERIES: ["Britannia Industries Limited" official website] | CANDIDATES: [] | SELECTED: "" | CONFIDENCE: FAILED | TIME: 0ms | REASON: Resolved via readymade-fallback
[2026-08-10T13:17:17.934Z] COMPANY: "Bharat Road Network Limited" | QUERIES: ["Bharat Road Network Limited" official website] | CANDIDATES: [] | SELECTED: "" | CONFIDENCE: FAILED | TIME: 0ms | REASON: Resolved via readymade-fallback
[2026-08-10T13:17:17.937Z] COMPANY: "Brooks Laboratories Limited" | QUERIES: ["Brooks Laboratories Limited" official website] | CANDIDATES: [] | SELECTED: "" | CONFIDENCE: FAILED | TIME: 0ms | REASON: Resolved via readymade-fallback
[2026-08-10T13:17:17.941Z] COMPANY: "BSE Limited" | QUERIES: ["BSE Limited" official website] | CANDIDATES: [] | SELECTED: "" | CONFIDENCE: FAILED | TIME: 0ms | REASON: Resolved via readymade-fallback
[2026-08-10T13:17:17.945Z] COMPANY: "Bombay Super Hybrid Seeds Limited" | QUERIES: ["Bombay Super Hybrid Seeds Limited" official website] | CANDIDATES: [] | SELECTED: "" | CONFIDENCE: FAILED | TIME: 0ms | REASON: Resolved via readymade-fallback
[2026-08-10T13:17:17.947Z] COMPANY: "BSL Limited" | QUERIES: ["BSL Limited" official website] | CANDIDATES: [] | SELECTED: "" | CONFIDENCE: FAILED | TIME: 0ms | REASON: Resolved via readymade-fallback
[2026-08-10T13:17:17.950Z] COMPANY: "BIRLASOFT LIMITED" | QUERIES: ["BIRLASOFT LIMITED" official website] | CANDIDATES: [] | SELECTED: "" | CONFIDENCE: FAILED | TIME: 0ms | REASON: Resolved via readymade-fallback
[2026-08-10T13:17:17.951Z] COMPANY: "Bodhi Tree Multimedia Limited" | QUERIES: ["Bodhi Tree Multimedia Limited" official website] | CANDIDATES: [] | SELECTED: "" | CONFIDENCE: FAILED | TIME: 0ms | REASON: Resolved via readymade-fallback
[2026-08-10T13:17:17.957Z] COMPANY: "Bhilwara Technical Textiles Limited" | QUERIES: ["Bhilwara Technical Textiles Limited" official website] | CANDIDATES: [] | SELECTED: "" | CONFIDENCE: FAILED | TIME: 0ms | REASON: Resolved via readymade-fallback
[2026-08-10T13:17:17.962Z] COMPANY: "Shankara Buildpro Limited" | QUERIES: ["Shankara Buildpro Limited" official website] | CANDIDATES: [] | SELECTED: "" | CONFIDENCE: FAILED | TIME: 0ms | REASON: Resolved via readymade-fallback
[2026-08-10T13:17:17.967Z] COMPANY: "Butterfly Gandhimathi Appliances Limited" | QUERIES: ["Butterfly Gandhimathi Appliances Limited" official website] | CANDIDATES: [] | SELECTED: "" | CONFIDENCE: FAILED | TIME: 0ms | REASON: Resolved via readymade-fallback
[2026-08-10T13:17:17.971Z] COMPANY: "Barak Valley Cements Limited" | QUERIES: ["Barak Valley Cements Limited" official website] | CANDIDATES: [] | SELECTED: "" | CONFIDENCE: FAILED | TIME: 0ms | REASON: Resolved via readymade-fallback
[2026-08-10T13:17:17.973Z] COMPANY: "The Byke Hospitality Ltd" | QUERIES: ["The Byke Hospitality Ltd" official website] | CANDIDATES: [] | SELECTED: "" | CONFIDENCE: FAILED | TIME: 0ms | REASON: Resolved via readymade-fallback
[2026-08-10T13:17:17.977Z] COMPANY: "California Software Company Limited" | QUERIES: ["California Software Company Limited" official website] | CANDIDATES: [] | SELECTED: "" | CONFIDENCE: FAILED | TIME: 0ms | REASON: Resolved via readymade-fallback
[2026-08-10T13:17:17.981Z] COMPANY: "Camlin Fine Sciences Limited" | QUERIES: ["Camlin Fine Sciences Limited" official website] | CANDIDATES: [] | SELECTED: "" | CONFIDENCE: FAILED | TIME: 0ms | REASON: Resolved via readymade-fallback
[2026-08-10T13:17:17.982Z] COMPANY: "Campus Activewear Limited" | QUERIES: ["Campus Activewear Limited" official website] | CANDIDATES: [] | SELECTED: "" | CONFIDENCE: FAILED | TIME: 0ms | REASON: Resolved via readymade-fallback
[2026-08-10T13:17:17.985Z] COMPANY: "Computer Age Management Services Limited" | QUERIES: ["Computer Age Management Services Limited" official website] | CANDIDATES: [] | SELECTED: "" | CONFIDENCE: FAILED | TIME: 0ms | REASON: Resolved via readymade-fallback
[2026-08-10T13:17:17.988Z] COMPANY: "Canara Bank" | QUERIES: ["Canara Bank" official website] | CANDIDATES: [] | SELECTED: "" | CONFIDENCE: FAILED | TIME: 0ms | REASON: Resolved via readymade-fallback
[2026-08-10T13:17:17.989Z] COMPANY: "Can Fin Homes Limited" | QUERIES: ["Can Fin Homes Limited" official website] | CANDIDATES: [] | SELECTED: "" | CONFIDENCE: FAILED | TIME: 0ms | REASON: Resolved via readymade-fallback
[2026-08-10T13:17:17.999Z] COMPANY: "Canara HSBC Life Insurance Company Limited" | QUERIES: ["Canara HSBC Life Insurance Company Limited" official website] | CANDIDATES: [] | SELECTED: "" | CONFIDENCE: FAILED | TIME: 0ms | REASON: Resolved via readymade-fallback
[2026-08-10T13:17:17.999Z] COMPANY: "Cantabil Retail India Limited" | QUERIES: ["Cantabil Retail India Limited" official website] | CANDIDATES: [] | SELECTED: "" | CONFIDENCE: FAILED | TIME: 0ms | REASON: Resolved via readymade-fallback
[2026-08-10T13:17:18.008Z] COMPANY: "Capacit'e Infraprojects Limited" | QUERIES: ["Capacit'e Infraprojects Limited" official website] | CANDIDATES: [] | SELECTED: "" | CONFIDENCE: FAILED | TIME: 8ms | REASON: Resolved via readymade-fallback
[2026-08-10T13:17:18.010Z] COMPANY: "Capillary Technologies India Limited" | QUERIES: ["Capillary Technologies India Limited" official website] | CANDIDATES: [] | SELECTED: "" | CONFIDENCE: FAILED | TIME: 0ms | REASON: Resolved via readymade-fallback
[2026-08-10T13:17:18.018Z] COMPANY: "Capital Small Finance Bank Limited" | QUERIES: ["Capital Small Finance Bank Limited" official website] | CANDIDATES: [] | SELECTED: "" | CONFIDENCE: FAILED | TIME: 0ms | REASON: Resolved via readymade-fallback
[2026-08-10T13:17:18.024Z] COMPANY: "Caplin Point Laboratories Limited" | QUERIES: ["Caplin Point Laboratories Limited" official website] | CANDIDATES: [] | SELECTED: "" | CONFIDENCE: FAILED | TIME: 5ms | REASON: Resolved via readymade-fallback
[2026-08-10T13:17:18.028Z] COMPANY: "Capital Trust Limited" | QUERIES: ["Capital Trust Limited" official website] | CANDIDATES: [] | SELECTED: "" | CONFIDENCE: FAILED | TIME: 0ms | REASON: Resolved via readymade-fallback
[2026-08-10T13:17:18.033Z] COMPANY: "Carborundum Universal Limited" | QUERIES: ["Carborundum Universal Limited" official website] | CANDIDATES: [] | SELECTED: "" | CONFIDENCE: FAILED | TIME: 1ms | REASON: Resolved via readymade-fallback
[2026-08-10T13:17:18.037Z] COMPANY: "CARE Ratings Limited" | QUERIES: ["CARE Ratings Limited" official website] | CANDIDATES: [] | SELECTED: "" | CONFIDENCE: FAILED | TIME: 0ms | REASON: Resolved via readymade-fallback
[2026-08-10T13:17:18.045Z] COMPANY: "Carraro India Limited" | QUERIES: ["Carraro India Limited" official website] | CANDIDATES: [] | SELECTED: "" | CONFIDENCE: FAILED | TIME: 1ms | REASON: Resolved via readymade-fallback
[2026-08-10T13:17:18.047Z] COMPANY: "Cartrade Tech Limited" | QUERIES: ["Cartrade Tech Limited" official website] | CANDIDATES: [] | SELECTED: "" | CONFIDENCE: FAILED | TIME: 2ms | REASON: Resolved via readymade-fallback
[2026-08-10T13:17:18.053Z] COMPANY: "CARYSIL LIMITED" | QUERIES: ["CARYSIL LIMITED" official website] | CANDIDATES: [] | SELECTED: "" | CONFIDENCE: FAILED | TIME: 0ms | REASON: Resolved via readymade-fallback
[2026-08-10T13:17:18.054Z] COMPANY: "Castrol India Limited" | QUERIES: ["Castrol India Limited" official website] | CANDIDATES: [] | SELECTED: "" | CONFIDENCE: FAILED | TIME: 0ms | REASON: Resolved via readymade-fallback
[2026-08-10T13:17:18.062Z] COMPANY: "AvenuesAI Limited" | QUERIES: ["AvenuesAI Limited" official website] | CANDIDATES: [] | SELECTED: "" | CONFIDENCE: FAILED | TIME: 0ms | REASON: Resolved via readymade-fallback
[2026-08-10T13:17:18.063Z] COMPANY: "Consolidated Construction Consortium Limited" | QUERIES: ["Consolidated Construction Consortium Limited" official website] | CANDIDATES: [] | SELECTED: "" | CONFIDENCE: FAILED | TIME: 0ms | REASON: Resolved via readymade-fallback
[2026-08-10T13:17:18.067Z] COMPANY: "Country Club Hospitality & Holidays Limited" | QUERIES: ["Country Club Hospitality & Holidays Limited" official website] | CANDIDATES: [] | SELECTED: "" | CONFIDENCE: FAILED | TIME: 1ms | REASON: Resolved via readymade-fallback
[2026-08-10T13:17:18.072Z] COMPANY: "CCL Products (India) Limited" | QUERIES: ["CCL Products (India) Limited" official website] | CANDIDATES: [] | SELECTED: "" | CONFIDENCE: FAILED | TIME: 0ms | REASON: Resolved via readymade-fallback
[2026-08-10T13:17:18.078Z] COMPANY: "Central Depository Services (India) Limited" | QUERIES: ["Central Depository Services (India) Limited" official website] | CANDIDATES: [] | SELECTED: "" | CONFIDENCE: FAILED | TIME: 1ms | REASON: Resolved via readymade-fallback
[2026-08-10T13:17:18.078Z] COMPANY: "CEAT Limited" | QUERIES: ["CEAT Limited" official website] | CANDIDATES: [] | SELECTED: "" | CONFIDENCE: FAILED | TIME: 0ms | REASON: Resolved via readymade-fallback
[2026-08-10T13:17:18.083Z] COMPANY: "Ceigall India Limited" | QUERIES: ["Ceigall India Limited" official website] | CANDIDATES: [] | SELECTED: "" | CONFIDENCE: FAILED | TIME: 0ms | REASON: Resolved via readymade-fallback
[2026-08-10T13:17:18.087Z] COMPANY: "Ceinsys Tech Limited" | QUERIES: ["Ceinsys Tech Limited" official website] | CANDIDATES: [] | SELECTED: "" | CONFIDENCE: FAILED | TIME: 2ms | REASON: Resolved via readymade-fallback
[2026-08-10T13:17:18.093Z] COMPANY: "Celebrity Fashions Limited" | QUERIES: ["Celebrity Fashions Limited" official website] | CANDIDATES: [] | SELECTED: "" | CONFIDENCE: FAILED | TIME: 0ms | REASON: Resolved via readymade-fallback
[2026-08-10T13:17:18.098Z] COMPANY: "Cello World Limited" | QUERIES: ["Cello World Limited" official website] | CANDIDATES: [] | SELECTED: "" | CONFIDENCE: FAILED | TIME: 0ms | REASON: Resolved via readymade-fallback
[2026-08-10T13:17:18.102Z] COMPANY: "Cemindia Projects Limited" | QUERIES: ["Cemindia Projects Limited" official website] | CANDIDATES: [] | SELECTED: "" | CONFIDENCE: FAILED | TIME: 3ms | REASON: Resolved via readymade-fallback
[2026-08-10T13:17:18.106Z] COMPANY: "Century Enka Limited" | QUERIES: ["Century Enka Limited" official website] | CANDIDATES: [] | SELECTED: "" | CONFIDENCE: FAILED | TIME: 3ms | REASON: Resolved via readymade-fallback
[2026-08-10T13:17:18.107Z] COMPANY: "Century Extrusions Limited" | QUERIES: ["Century Extrusions Limited" official website] | CANDIDATES: [] | SELECTED: "" | CONFIDENCE: FAILED | TIME: 0ms | REASON: Resolved via readymade-fallback
[2026-08-10T13:17:18.111Z] COMPANY: "Central Bank of India" | QUERIES: ["Central Bank of India" official website] | CANDIDATES: [] | SELECTED: "" | CONFIDENCE: FAILED | TIME: 0ms | REASON: Resolved via readymade-fallback
[2026-08-10T13:17:18.112Z] COMPANY: "Centrum Capital Limited" | QUERIES: ["Centrum Capital Limited" official website] | CANDIDATES: [] | SELECTED: "" | CONFIDENCE: FAILED | TIME: 0ms | REASON: Resolved via readymade-fallback
[2026-08-10T13:17:18.115Z] COMPANY: "Centum Electronics Limited" | QUERIES: ["Centum Electronics Limited" official website] | CANDIDATES: [] | SELECTED: "" | CONFIDENCE: FAILED | TIME: 1ms | REASON: Resolved via readymade-fallback
[2026-08-10T13:17:18.119Z] COMPANY: "Century Plyboards (India) Limited" | QUERIES: ["Century Plyboards (India) Limited" official website] | CANDIDATES: [] | SELECTED: "" | CONFIDENCE: FAILED | TIME: 0ms | REASON: Resolved via readymade-fallback
[2026-08-10T13:17:18.122Z] COMPANY: "Cera Sanitaryware Limited" | QUERIES: ["Cera Sanitaryware Limited" official website] | CANDIDATES: [] | SELECTED: "" | CONFIDENCE: FAILED | TIME: 0ms | REASON: Resolved via readymade-fallback
[2026-08-10T13:17:18.125Z] COMPANY: "Cerebra Integrated Technologies Limited" | QUERIES: ["Cerebra Integrated Technologies Limited" official website] | CANDIDATES: [] | SELECTED: "" | CONFIDENCE: FAILED | TIME: 0ms | REASON: Resolved via readymade-fallback
[2026-08-10T13:17:18.129Z] COMPANY: "CESC Limited" | QUERIES: ["CESC Limited" official website] | CANDIDATES: [] | SELECTED: "" | CONFIDENCE: FAILED | TIME: 0ms | REASON: Resolved via readymade-fallback
[2026-08-10T13:17:18.130Z] COMPANY: "Concord Enviro Systems Limited" | QUERIES: ["Concord Enviro Systems Limited" official website] | CANDIDATES: [] | SELECTED: "" | CONFIDENCE: FAILED | TIME: 0ms | REASON: Resolved via readymade-fallback
[2026-08-10T13:17:18.131Z] COMPANY: "Capri Global Capital Limited" | QUERIES: ["Capri Global Capital Limited" official website] | CANDIDATES: [] | SELECTED: "" | CONFIDENCE: FAILED | TIME: 0ms | REASON: Resolved via readymade-fallback
[2026-08-10T13:17:18.133Z] COMPANY: "CG Power and Industrial Solutions Limited" | QUERIES: ["CG Power and Industrial Solutions Limited" official website] | CANDIDATES: [] | SELECTED: "" | CONFIDENCE: FAILED | TIME: 0ms | REASON: Resolved via readymade-fallback
[2026-08-10T13:17:18.135Z] COMPANY: "Chalet Hotels Limited" | QUERIES: ["Chalet Hotels Limited" official website] | CANDIDATES: [] | SELECTED: "" | CONFIDENCE: FAILED | TIME: 1ms | REASON: Resolved via readymade-fallback
[2026-08-10T13:17:18.136Z] COMPANY: "Chambal Fertilizers & Chemicals Limited" | QUERIES: ["Chambal Fertilizers & Chemicals Limited" official website] | CANDIDATES: [] | SELECTED: "" | CONFIDENCE: FAILED | TIME: 0ms | REASON: Resolved via readymade-fallback
[2026-08-10T13:17:18.139Z] COMPANY: "Chembond Material Technologies Limited" | QUERIES: ["Chembond Material Technologies Limited" official website] | CANDIDATES: [] | SELECTED: "" | CONFIDENCE: FAILED | TIME: 0ms | REASON: Resolved via readymade-fallback
[2026-08-10T13:17:18.141Z] COMPANY: "Chembond Chemicals Limited" | QUERIES: ["Chembond Chemicals Limited" official website] | CANDIDATES: [] | SELECTED: "" | CONFIDENCE: FAILED | TIME: 0ms | REASON: Resolved via readymade-fallback
[2026-08-10T13:17:18.143Z] COMPANY: "Chemcon Speciality Chemicals Limited" | QUERIES: ["Chemcon Speciality Chemicals Limited" official website] | CANDIDATES: [] | SELECTED: "" | CONFIDENCE: FAILED | TIME: 1ms | REASON: Resolved via readymade-fallback
[2026-08-10T13:17:18.146Z] COMPANY: "Chemfab Alkalis Limited" | QUERIES: ["Chemfab Alkalis Limited" official website] | CANDIDATES: [] | SELECTED: "" | CONFIDENCE: FAILED | TIME: 0ms | REASON: Resolved via readymade-fallback
[2026-08-10T13:17:18.146Z] COMPANY: "Chemplast Sanmar Limited" | QUERIES: ["Chemplast Sanmar Limited" official website] | CANDIDATES: [] | SELECTED: "" | CONFIDENCE: FAILED | TIME: 0ms | REASON: Resolved via readymade-fallback
[2026-08-10T13:17:18.147Z] COMPANY: "Chennai Petroleum Corporation Limited" | QUERIES: ["Chennai Petroleum Corporation Limited" official website] | CANDIDATES: [] | SELECTED: "" | CONFIDENCE: FAILED | TIME: 0ms | REASON: Resolved via readymade-fallback
[2026-08-10T13:17:18.153Z] COMPANY: "Cheviot Company Limited" | QUERIES: ["Cheviot Company Limited" official website] | CANDIDATES: [] | SELECTED: "" | CONFIDENCE: FAILED | TIME: 0ms | REASON: Resolved via readymade-fallback
[2026-08-10T13:17:18.154Z] COMPANY: "Choice International Limited" | QUERIES: ["Choice International Limited" official website] | CANDIDATES: [] | SELECTED: "" | CONFIDENCE: FAILED | TIME: 0ms | REASON: Resolved via readymade-fallback
[2026-08-10T13:17:18.155Z] COMPANY: "Cholamandalam Investment and Finance Company Limited" | QUERIES: ["Cholamandalam Investment and Finance Company Limited" official website] | CANDIDATES: [] | SELECTED: "" | CONFIDENCE: FAILED | TIME: 0ms | REASON: Resolved via readymade-fallback
[2026-08-10T13:17:18.155Z] COMPANY: "Cholamandalam Financial Holdings Limited" | QUERIES: ["Cholamandalam Financial Holdings Limited" official website] | CANDIDATES: [] | SELECTED: "" | CONFIDENCE: FAILED | TIME: 0ms | REASON: Resolved via readymade-fallback
[2026-08-10T13:17:18.159Z] COMPANY: "CIE Automotive India Limited" | QUERIES: ["CIE Automotive India Limited" official website] | CANDIDATES: [] | SELECTED: "" | CONFIDENCE: FAILED | TIME: 0ms | REASON: Resolved via readymade-fallback
[2026-08-10T13:17:18.161Z] COMPANY: "Capital India Finance Limited" | QUERIES: ["Capital India Finance Limited" official website] | CANDIDATES: [] | SELECTED: "" | CONFIDENCE: FAILED | TIME: 1ms | REASON: Resolved via readymade-fallback
[2026-08-10T13:17:18.162Z] COMPANY: "Cineline India Limited" | QUERIES: ["Cineline India Limited" official website] | CANDIDATES: [] | SELECTED: "" | CONFIDENCE: FAILED | TIME: 1ms | REASON: Resolved via readymade-fallback
[2026-08-10T13:17:18.163Z] COMPANY: "Cinevista Limited" | QUERIES: ["Cinevista Limited" official website] | CANDIDATES: [] | SELECTED: "" | CONFIDENCE: FAILED | TIME: 0ms | REASON: Resolved via readymade-fallback
[2026-08-10T13:17:18.164Z] COMPANY: "Cipla Limited" | QUERIES: ["Cipla Limited" official website] | CANDIDATES: [] | SELECTED: "" | CONFIDENCE: FAILED | TIME: 0ms | REASON: Resolved via readymade-fallback
[2026-08-10T13:17:18.165Z] COMPANY: "Clean Science and Technology Limited" | QUERIES: ["Clean Science and Technology Limited" official website] | CANDIDATES: [] | SELECTED: "" | CONFIDENCE: FAILED | TIME: 0ms | REASON: Resolved via readymade-fallback
[2026-08-10T13:17:18.166Z] COMPANY: "Clean Max Enviro Energy Solutions Limited" | QUERIES: ["Clean Max Enviro Energy Solutions Limited" official website] | CANDIDATES: [] | SELECTED: "" | CONFIDENCE: FAILED | TIME: 0ms | REASON: Resolved via readymade-fallback
[2026-08-10T13:17:18.167Z] COMPANY: "CL Educate Limited" | QUERIES: ["CL Educate Limited" official website] | CANDIDATES: [] | SELECTED: "" | CONFIDENCE: FAILED | TIME: 0ms | REASON: Resolved via readymade-fallback
[2026-08-10T13:17:18.168Z] COMPANY: "Chaman Lal Setia Exports Limited" | QUERIES: ["Chaman Lal Setia Exports Limited" official website] | CANDIDATES: [] | SELECTED: "" | CONFIDENCE: FAILED | TIME: 0ms | REASON: Resolved via readymade-fallback
[2026-08-10T13:17:18.170Z] COMPANY: "Caliber Mining and Logistics Limited" | QUERIES: ["Caliber Mining and Logistics Limited" official website] | CANDIDATES: [] | SELECTED: "" | CONFIDENCE: FAILED | TIME: 0ms | REASON: Resolved via readymade-fallback
[2026-08-10T13:17:18.171Z] COMPANY: "Central Mine Planning & Design Institute Limited" | QUERIES: ["Central Mine Planning & Design Institute Limited" official website] | CANDIDATES: [] | SELECTED: "" | CONFIDENCE: FAILED | TIME: 0ms | REASON: Resolved via readymade-fallback
[2026-08-10T13:17:18.172Z] COMPANY: "CMR Green Technologies Limited" | QUERIES: ["CMR Green Technologies Limited" official website] | CANDIDATES: [] | SELECTED: "" | CONFIDENCE: FAILED | TIME: 0ms | REASON: Resolved via readymade-fallback
[2026-08-10T13:17:18.173Z] COMPANY: "CMS Info Systems Limited" | QUERIES: ["CMS Info Systems Limited" official website] | CANDIDATES: [] | SELECTED: "" | CONFIDENCE: FAILED | TIME: 0ms | REASON: Resolved via readymade-fallback
[2026-08-10T13:17:18.175Z] COMPANY: "Creative Newtech Limited" | QUERIES: ["Creative Newtech Limited" official website] | CANDIDATES: [] | SELECTED: "" | CONFIDENCE: FAILED | TIME: 0ms | REASON: Resolved via readymade-fallback
[2026-08-10T13:17:18.176Z] COMPANY: "Coal India Limited" | QUERIES: ["Coal India Limited" official website] | CANDIDATES: [] | SELECTED: "" | CONFIDENCE: FAILED | TIME: 1ms | REASON: Resolved via readymade-fallback
[2026-08-10T13:17:18.177Z] COMPANY: "Coastal Corporation Limited" | QUERIES: ["Coastal Corporation Limited" official website] | CANDIDATES: [] | SELECTED: "" | CONFIDENCE: FAILED | TIME: 0ms | REASON: Resolved via readymade-fallback
[2026-08-10T13:17:18.178Z] COMPANY: "Cochin Shipyard Limited" | QUERIES: ["Cochin Shipyard Limited" official website] | CANDIDATES: [] | SELECTED: "" | CONFIDENCE: FAILED | TIME: 0ms | REASON: Resolved via readymade-fallback
[2026-08-10T13:17:18.179Z] COMPANY: "John Cockerill India Limited" | QUERIES: ["John Cockerill India Limited" official website] | CANDIDATES: [] | SELECTED: "" | CONFIDENCE: FAILED | TIME: 0ms | REASON: Resolved via readymade-fallback
[2026-08-10T13:17:18.181Z] COMPANY: "Coffee Day Enterprises Limited" | QUERIES: ["Coffee Day Enterprises Limited" official website] | CANDIDATES: [] | SELECTED: "" | CONFIDENCE: FAILED | TIME: 0ms | REASON: Resolved via readymade-fallback
[2026-08-10T13:17:18.182Z] COMPANY: "Coforge Limited" | QUERIES: ["Coforge Limited" official website] | CANDIDATES: [] | SELECTED: "" | CONFIDENCE: FAILED | TIME: 0ms | REASON: Resolved via readymade-fallback
[2026-08-10T13:17:18.183Z] COMPANY: "Cohance Lifesciences Limited" | QUERIES: ["Cohance Lifesciences Limited" official website] | CANDIDATES: [] | SELECTED: "" | CONFIDENCE: FAILED | TIME: 0ms | REASON: Resolved via readymade-fallback
[2026-08-10T13:17:18.184Z] COMPANY: "Colgate Palmolive (India) Limited" | QUERIES: ["Colgate Palmolive (India) Limited" official website] | CANDIDATES: [] | SELECTED: "" | CONFIDENCE: FAILED | TIME: 0ms | REASON: Resolved via readymade-fallback
[2026-08-10T13:17:18.185Z] COMPANY: "Comfort Intech Limited" | QUERIES: ["Comfort Intech Limited" official website] | CANDIDATES: [] | SELECTED: "" | CONFIDENCE: FAILED | TIME: 0ms | REASON: Resolved via readymade-fallback
[2026-08-10T13:17:18.186Z] COMPANY: "Compuage Infocom Limited" | QUERIES: ["Compuage Infocom Limited" official website] | CANDIDATES: [] | SELECTED: "" | CONFIDENCE: FAILED | TIME: 0ms | REASON: Resolved via readymade-fallback
[2026-08-10T13:17:18.188Z] COMPANY: "Compucom Software Limited" | QUERIES: ["Compucom Software Limited" official website] | CANDIDATES: [] | SELECTED: "" | CONFIDENCE: FAILED | TIME: 1ms | REASON: Resolved via readymade-fallback
[2026-08-10T13:17:18.189Z] COMPANY: "Commercial Syn Bags Limited" | QUERIES: ["Commercial Syn Bags Limited" official website] | CANDIDATES: [] | SELECTED: "" | CONFIDENCE: FAILED | TIME: 0ms | REASON: Resolved via readymade-fallback
[2026-08-10T13:17:18.192Z] COMPANY: "Container Corporation of India Limited" | QUERIES: ["Container Corporation of India Limited" official website] | CANDIDATES: [] | SELECTED: "" | CONFIDENCE: FAILED | TIME: 0ms | REASON: Resolved via readymade-fallback
[2026-08-10T13:17:18.193Z] COMPANY: "Concord Biotech Limited" | QUERIES: ["Concord Biotech Limited" official website] | CANDIDATES: [] | SELECTED: "" | CONFIDENCE: FAILED | TIME: 0ms | REASON: Resolved via readymade-fallback
[2026-08-10T13:17:18.193Z] COMPANY: "Confidence Petroleum India Limited" | QUERIES: ["Confidence Petroleum India Limited" official website] | CANDIDATES: [] | SELECTED: "" | CONFIDENCE: FAILED | TIME: 0ms | REASON: Resolved via readymade-fallback
[2026-08-10T13:17:18.198Z] COMPANY: "Consolidated Finvest & Holdings Limited" | QUERIES: ["Consolidated Finvest & Holdings Limited" official website] | CANDIDATES: [] | SELECTED: "" | CONFIDENCE: FAILED | TIME: 1ms | REASON: Resolved via readymade-fallback
[2026-08-10T13:17:18.198Z] COMPANY: "Control Print Limited" | QUERIES: ["Control Print Limited" official website] | CANDIDATES: [] | SELECTED: "" | CONFIDENCE: FAILED | TIME: 0ms | REASON: Resolved via readymade-fallback
[2026-08-10T13:17:18.199Z] COMPANY: "Coral India Finance & Housing Limited" | QUERIES: ["Coral India Finance & Housing Limited" official website] | CANDIDATES: [] | SELECTED: "" | CONFIDENCE: FAILED | TIME: 0ms | REASON: Resolved via readymade-fallback
[2026-08-10T13:17:18.201Z] COMPANY: "Waterways Leisure Tourism Limited" | QUERIES: ["Waterways Leisure Tourism Limited" official website] | CANDIDATES: [] | SELECTED: "" | CONFIDENCE: FAILED | TIME: 1ms | REASON: Resolved via readymade-fallback
[2026-08-10T13:17:18.202Z] COMPANY: "Cords Cable Industries Limited" | QUERIES: ["Cords Cable Industries Limited" official website] | CANDIDATES: [] | SELECTED: "" | CONFIDENCE: FAILED | TIME: 0ms | REASON: Resolved via readymade-fallback
[2026-08-10T13:17:18.203Z] COMPANY: "Coromandel International Limited" | QUERIES: ["Coromandel International Limited" official website] | CANDIDATES: [] | SELECTED: "" | CONFIDENCE: FAILED | TIME: 0ms | REASON: Resolved via readymade-fallback
[2026-08-10T13:17:18.204Z] COMPANY: "CORONA Remedies Limited" | QUERIES: ["CORONA Remedies Limited" official website] | CANDIDATES: [] | SELECTED: "" | CONFIDENCE: FAILED | TIME: 0ms | REASON: Resolved via readymade-fallback
[2026-08-10T13:17:18.209Z] COMPANY: "COSMO FIRST LIMITED" | QUERIES: ["COSMO FIRST LIMITED" official website] | CANDIDATES: [] | SELECTED: "" | CONFIDENCE: FAILED | TIME: 1ms | REASON: Resolved via readymade-fallback
[2026-08-10T13:17:18.210Z] COMPANY: "Country Condo's Limited" | QUERIES: ["Country Condo's Limited" official website] | CANDIDATES: [] | SELECTED: "" | CONFIDENCE: FAILED | TIME: 0ms | REASON: Resolved via readymade-fallback
[2026-08-10T13:17:18.212Z] COMPANY: "CP Capital Limited" | QUERIES: ["CP Capital Limited" official website] | CANDIDATES: [] | SELECTED: "" | CONFIDENCE: FAILED | TIME: 0ms | REASON: Resolved via readymade-fallback
[2026-08-10T13:17:18.213Z] COMPANY: "Career Point Edutech Limited" | QUERIES: ["Career Point Edutech Limited" official website] | CANDIDATES: [] | SELECTED: "" | CONFIDENCE: FAILED | TIME: 0ms | REASON: Resolved via readymade-fallback
[2026-08-10T13:17:18.215Z] COMPANY: "Captain Polyplast Limited" | QUERIES: ["Captain Polyplast Limited" official website] | CANDIDATES: [] | SELECTED: "" | CONFIDENCE: FAILED | TIME: 0ms | REASON: Resolved via readymade-fallback
[2026-08-10T13:17:18.217Z] COMPANY: "Aditya Infotech Limited" | QUERIES: ["Aditya Infotech Limited" official website] | CANDIDATES: [] | SELECTED: "" | CONFIDENCE: FAILED | TIME: 0ms | REASON: Resolved via readymade-fallback
[2026-08-10T13:17:18.218Z] COMPANY: "Craftsman Automation Limited" | QUERIES: ["Craftsman Automation Limited" official website] | CANDIDATES: [] | SELECTED: "" | CONFIDENCE: FAILED | TIME: 0ms | REASON: Resolved via readymade-fallback
[2026-08-10T13:17:18.220Z] COMPANY: "Canara Robeco Asset Management Company Limited" | QUERIES: ["Canara Robeco Asset Management Company Limited" official website] | CANDIDATES: [] | SELECTED: "" | CONFIDENCE: FAILED | TIME: 0ms | REASON: Resolved via readymade-fallback
[2026-08-10T13:17:18.221Z] COMPANY: "Creative Eye Limited" | QUERIES: ["Creative Eye Limited" official website] | CANDIDATES: [] | SELECTED: "" | CONFIDENCE: FAILED | TIME: 0ms | REASON: Resolved via readymade-fallback
[2026-08-10T13:17:18.222Z] COMPANY: "CREDITACCESS GRAMEEN LIMITED" | QUERIES: ["CREDITACCESS GRAMEEN LIMITED" official website] | CANDIDATES: [] | SELECTED: "" | CONFIDENCE: FAILED | TIME: 0ms | REASON: Resolved via readymade-fallback
[2026-08-10T13:17:18.224Z] COMPANY: "Crest Ventures Limited" | QUERIES: ["Crest Ventures Limited" official website] | CANDIDATES: [] | SELECTED: "" | CONFIDENCE: FAILED | TIME: 0ms | REASON: Resolved via readymade-fallback
[2026-08-10T13:17:18.226Z] COMPANY: "Crisil Limited" | QUERIES: ["Crisil Limited" official website] | CANDIDATES: [] | SELECTED: "" | CONFIDENCE: FAILED | TIME: 0ms | REASON: Resolved via readymade-fallback
[2026-08-10T13:17:18.228Z] COMPANY: "Crizac Limited" | QUERIES: ["Crizac Limited" official website] | CANDIDATES: [] | SELECTED: "" | CONFIDENCE: FAILED | TIME: 0ms | REASON: Resolved via readymade-fallback
[2026-08-10T13:17:18.229Z] COMPANY: "Crompton Greaves Consumer Electricals Limited" | QUERIES: ["Crompton Greaves Consumer Electricals Limited" official website] | CANDIDATES: [] | SELECTED: "" | CONFIDENCE: FAILED | TIME: 0ms | REASON: Resolved via readymade-fallback
[2026-08-10T13:17:18.232Z] COMPANY: "Crown Lifters Limited" | QUERIES: ["Crown Lifters Limited" official website] | CANDIDATES: [] | SELECTED: "" | CONFIDENCE: FAILED | TIME: 1ms | REASON: Resolved via readymade-fallback
[2026-08-10T13:17:18.233Z] COMPANY: "CSB Bank Limited" | QUERIES: ["CSB Bank Limited" official website] | CANDIDATES: [] | SELECTED: "" | CONFIDENCE: FAILED | TIME: 0ms | REASON: Resolved via readymade-fallback
[2026-08-10T13:17:18.234Z] COMPANY: "CSL Finance Limited" | QUERIES: ["CSL Finance Limited" official website] | CANDIDATES: [] | SELECTED: "" | CONFIDENCE: FAILED | TIME: 0ms | REASON: Resolved via readymade-fallback
[2026-08-10T13:17:18.235Z] COMPANY: "CSM Technologies Limited" | QUERIES: ["CSM Technologies Limited" official website] | CANDIDATES: [] | SELECTED: "" | CONFIDENCE: FAILED | TIME: 0ms | REASON: Resolved via readymade-fallback
[2026-08-10T13:17:18.238Z] COMPANY: "Cambridge Technology Enterprises Limited" | QUERIES: ["Cambridge Technology Enterprises Limited" official website] | CANDIDATES: [] | SELECTED: "" | CONFIDENCE: FAILED | TIME: 0ms | REASON: Resolved via readymade-fallback
[2026-08-10T13:17:18.239Z] COMPANY: "City Union Bank Limited" | QUERIES: ["City Union Bank Limited" official website] | CANDIDATES: [] | SELECTED: "" | CONFIDENCE: FAILED | TIME: 0ms | REASON: Resolved via readymade-fallback
[2026-08-10T13:17:18.240Z] COMPANY: "Cubex Tubings Limited" | QUERIES: ["Cubex Tubings Limited" official website] | CANDIDATES: [] | SELECTED: "" | CONFIDENCE: FAILED | TIME: 0ms | REASON: Resolved via readymade-fallback
[2026-08-10T13:17:18.241Z] COMPANY: "Cummins India Limited" | QUERIES: ["Cummins India Limited" official website] | CANDIDATES: [] | SELECTED: "" | CONFIDENCE: FAILED | TIME: 0ms | REASON: Resolved via readymade-fallback
[2026-08-10T13:17:18.244Z] COMPANY: "Cupid Limited" | QUERIES: ["Cupid Limited" official website] | CANDIDATES: [] | SELECTED: "" | CONFIDENCE: FAILED | TIME: 0ms | REASON: Resolved via readymade-fallback
[2026-08-10T13:17:18.246Z] COMPANY: "Cura Technologies Limited" | QUERIES: ["Cura Technologies Limited" official website] | CANDIDATES: [] | SELECTED: "" | CONFIDENCE: FAILED | TIME: 0ms | REASON: Resolved via readymade-fallback
[2026-08-10T13:17:18.247Z] COMPANY: "Cyber Media (India) Limited" | QUERIES: ["Cyber Media (India) Limited" official website] | CANDIDATES: [] | SELECTED: "" | CONFIDENCE: FAILED | TIME: 0ms | REASON: Resolved via readymade-fallback
[2026-08-10T13:17:18.251Z] COMPANY: "Cybertech Systems And Software Limited" | QUERIES: ["Cybertech Systems And Software Limited" official website] | CANDIDATES: [] | SELECTED: "" | CONFIDENCE: FAILED | TIME: 0ms | REASON: Resolved via readymade-fallback
[2026-08-10T13:17:18.251Z] COMPANY: "Cyient Limited" | QUERIES: ["Cyient Limited" official website] | CANDIDATES: [] | SELECTED: "" | CONFIDENCE: FAILED | TIME: 0ms | REASON: Resolved via readymade-fallback
[2026-08-10T13:17:18.252Z] COMPANY: "Cyient DLM Limited" | QUERIES: ["Cyient DLM Limited" official website] | CANDIDATES: [] | SELECTED: "" | CONFIDENCE: FAILED | TIME: 0ms | REASON: Resolved via readymade-fallback
[2026-08-10T13:17:18.254Z] COMPANY: "Dabur India Limited" | QUERIES: ["Dabur India Limited" official website] | CANDIDATES: [] | SELECTED: "" | CONFIDENCE: FAILED | TIME: 0ms | REASON: Resolved via readymade-fallback
[2026-08-10T13:17:18.258Z] COMPANY: "Dai-Ichi Karkaria Limited" | QUERIES: ["Dai-Ichi Karkaria Limited" official website] | CANDIDATES: [] | SELECTED: "" | CONFIDENCE: FAILED | TIME: 0ms | REASON: Resolved via readymade-fallback
[2026-08-10T13:17:18.260Z] COMPANY: "Dalmia Bharat Limited" | QUERIES: ["Dalmia Bharat Limited" official website] | CANDIDATES: [] | SELECTED: "" | CONFIDENCE: FAILED | TIME: 1ms | REASON: Resolved via readymade-fallback
[2026-08-10T13:17:18.260Z] COMPANY: "Dalmia Bharat Sugar and Industries Limited" | QUERIES: ["Dalmia Bharat Sugar and Industries Limited" official website] | CANDIDATES: [] | SELECTED: "" | CONFIDENCE: FAILED | TIME: 0ms | REASON: Resolved via readymade-fallback
[2026-08-10T13:17:18.267Z] COMPANY: "Dam Capital Advisors Limited" | QUERIES: ["Dam Capital Advisors Limited" official website] | CANDIDATES: [] | SELECTED: "" | CONFIDENCE: FAILED | TIME: 0ms | REASON: Resolved via readymade-fallback
[2026-08-10T13:17:18.269Z] COMPANY: "Damodar Industries Limited" | QUERIES: ["Damodar Industries Limited" official website] | CANDIDATES: [] | SELECTED: "" | CONFIDENCE: FAILED | TIME: 0ms | REASON: Resolved via readymade-fallback
[2026-08-10T13:17:18.270Z] COMPANY: "Dangee Dums Limited" | QUERIES: ["Dangee Dums Limited" official website] | CANDIDATES: [] | SELECTED: "" | CONFIDENCE: FAILED | TIME: 0ms | REASON: Resolved via readymade-fallback
[2026-08-10T13:17:18.271Z] COMPANY: "Datamatics Global Services Limited" | QUERIES: ["Datamatics Global Services Limited" official website] | CANDIDATES: [] | SELECTED: "" | CONFIDENCE: FAILED | TIME: 0ms | REASON: Resolved via readymade-fallback
[2026-08-10T13:17:18.273Z] COMPANY: "Data Patterns (India) Limited" | QUERIES: ["Data Patterns (India) Limited" official website] | CANDIDATES: [] | SELECTED: "" | CONFIDENCE: FAILED | TIME: 0ms | REASON: Resolved via readymade-fallback
[2026-08-10T13:17:18.274Z] COMPANY: "Davangere Sugar Company Limited" | QUERIES: ["Davangere Sugar Company Limited" official website] | CANDIDATES: [] | SELECTED: "" | CONFIDENCE: FAILED | TIME: 0ms | REASON: Resolved via readymade-fallback
[2026-08-10T13:17:18.276Z] COMPANY: "D.B.Corp Limited" | QUERIES: ["D.B.Corp Limited" official website] | CANDIDATES: [] | SELECTED: "" | CONFIDENCE: FAILED | TIME: 1ms | REASON: Resolved via readymade-fallback
[2026-08-10T13:17:18.280Z] COMPANY: "Deepak Builders & Engineers India Limited" | QUERIES: ["Deepak Builders & Engineers India Limited" official website] | CANDIDATES: [] | SELECTED: "" | CONFIDENCE: FAILED | TIME: 0ms | REASON: Resolved via readymade-fallback
[2026-08-10T13:17:18.281Z] COMPANY: "Dilip Buildcon Limited" | QUERIES: ["Dilip Buildcon Limited" official website] | CANDIDATES: [] | SELECTED: "" | CONFIDENCE: FAILED | TIME: 0ms | REASON: Resolved via readymade-fallback
[2026-08-10T13:17:18.282Z] COMPANY: "Dhampur Bio Organics Limited" | QUERIES: ["Dhampur Bio Organics Limited" official website] | CANDIDATES: [] | SELECTED: "" | CONFIDENCE: FAILED | TIME: 0ms | REASON: Resolved via readymade-fallback
[2026-08-10T13:17:18.283Z] COMPANY: "Valor Estate Limited" | QUERIES: ["Valor Estate Limited" official website] | CANDIDATES: [] | SELECTED: "" | CONFIDENCE: FAILED | TIME: 0ms | REASON: Resolved via readymade-fallback
[2026-08-10T13:17:18.289Z] COMPANY: "DB (International) Stock Brokers Limited" | QUERIES: ["DB (International) Stock Brokers Limited" official website] | CANDIDATES: [] | SELECTED: "" | CONFIDENCE: FAILED | TIME: 0ms | REASON: Resolved via readymade-fallback
[2026-08-10T13:17:18.290Z] COMPANY: "Dishman Carbogen Amcis Limited" | QUERIES: ["Dishman Carbogen Amcis Limited" official website] | CANDIDATES: [] | SELECTED: "" | CONFIDENCE: FAILED | TIME: 0ms | REASON: Resolved via readymade-fallback
[2026-08-10T13:17:18.291Z] COMPANY: "DCB Bank Limited" | QUERIES: ["DCB Bank Limited" official website] | CANDIDATES: [] | SELECTED: "" | CONFIDENCE: FAILED | TIME: 0ms | REASON: Resolved via readymade-fallback
[2026-08-10T13:17:18.294Z] COMPANY: "Dc Infotech And Communication Limited" | QUERIES: ["Dc Infotech And Communication Limited" official website] | CANDIDATES: [] | SELECTED: "" | CONFIDENCE: FAILED | TIME: 0ms | REASON: Resolved via readymade-fallback
[2026-08-10T13:17:18.295Z] COMPANY: "DCM  Limited" | QUERIES: ["DCM  Limited" official website] | CANDIDATES: [] | SELECTED: "" | CONFIDENCE: FAILED | TIME: 0ms | REASON: Resolved via readymade-fallback
[2026-08-10T13:17:18.296Z] COMPANY: "DCM Financial Services Limited" | QUERIES: ["DCM Financial Services Limited" official website] | CANDIDATES: [] | SELECTED: "" | CONFIDENCE: FAILED | TIME: 0ms | REASON: Resolved via readymade-fallback
[2026-08-10T13:17:18.298Z] COMPANY: "DCM Nouvelle Limited" | QUERIES: ["DCM Nouvelle Limited" official website] | CANDIDATES: [] | SELECTED: "" | CONFIDENCE: FAILED | TIME: 0ms | REASON: Resolved via readymade-fallback
[2026-08-10T13:17:18.299Z] COMPANY: "DCM Shriram Limited" | QUERIES: ["DCM Shriram Limited" official website] | CANDIDATES: [] | SELECTED: "" | CONFIDENCE: FAILED | TIME: 0ms | REASON: Resolved via readymade-fallback
[2026-08-10T13:17:18.301Z] COMPANY: "DCM Shriram International Limited" | QUERIES: ["DCM Shriram International Limited" official website] | CANDIDATES: [] | SELECTED: "" | CONFIDENCE: FAILED | TIME: 0ms | REASON: Resolved via readymade-fallback
[2026-08-10T13:17:18.303Z] COMPANY: "DCM Shriram Industries Limited" | QUERIES: ["DCM Shriram Industries Limited" official website] | CANDIDATES: [] | SELECTED: "" | CONFIDENCE: FAILED | TIME: 0ms | REASON: Resolved via readymade-fallback
[2026-08-10T13:17:18.304Z] COMPANY: "DCW Limited" | QUERIES: ["DCW Limited" official website] | CANDIDATES: [] | SELECTED: "" | CONFIDENCE: FAILED | TIME: 0ms | REASON: Resolved via readymade-fallback
[2026-08-10T13:17:18.306Z] COMPANY: "DCX Systems Limited" | QUERIES: ["DCX Systems Limited" official website] | CANDIDATES: [] | SELECTED: "" | CONFIDENCE: FAILED | TIME: 1ms | REASON: Resolved via readymade-fallback
[2026-08-10T13:17:18.307Z] COMPANY: "Ddev Plastiks Industries Limited" | QUERIES: ["Ddev Plastiks Industries Limited" official website] | CANDIDATES: [] | SELECTED: "" | CONFIDENCE: FAILED | TIME: 0ms | REASON: Resolved via readymade-fallback
[2026-08-10T13:17:18.309Z] COMPANY: "Deccan Cements Limited" | QUERIES: ["Deccan Cements Limited" official website] | CANDIDATES: [] | SELECTED: "" | CONFIDENCE: FAILED | TIME: 0ms | REASON: Resolved via readymade-fallback
[2026-08-10T13:17:18.311Z] COMPANY: "Deccan Gold Mines Limited" | QUERIES: ["Deccan Gold Mines Limited" official website] | CANDIDATES: [] | SELECTED: "" | CONFIDENCE: FAILED | TIME: 0ms | REASON: Resolved via readymade-fallback
[2026-08-10T13:17:18.313Z] COMPANY: "DEE Development Engineers Limited" | QUERIES: ["DEE Development Engineers Limited" official website] | CANDIDATES: [] | SELECTED: "" | CONFIDENCE: FAILED | TIME: 0ms | REASON: Resolved via readymade-fallback
[2026-08-10T13:17:18.314Z] COMPANY: "Deepak Fertilizers and Petrochemicals Corporation Limited" | QUERIES: ["Deepak Fertilizers and Petrochemicals Corporation Limited" official website] | CANDIDATES: [] | SELECTED: "" | CONFIDENCE: FAILED | TIME: 0ms | REASON: Resolved via readymade-fallback
[2026-08-10T13:17:18.315Z] COMPANY: "Deepak Nitrite Limited" | QUERIES: ["Deepak Nitrite Limited" official website] | CANDIDATES: [] | SELECTED: "" | CONFIDENCE: FAILED | TIME: 0ms | REASON: Resolved via readymade-fallback
[2026-08-10T13:17:18.317Z] COMPANY: "Deep Industries Limited" | QUERIES: ["Deep Industries Limited" official website] | CANDIDATES: [] | SELECTED: "" | CONFIDENCE: FAILED | TIME: 0ms | REASON: Resolved via readymade-fallback
[2026-08-10T13:17:18.319Z] COMPANY: "Delhivery Limited" | QUERIES: ["Delhivery Limited" official website] | CANDIDATES: [] | SELECTED: "" | CONFIDENCE: FAILED | TIME: 0ms | REASON: Resolved via readymade-fallback
[2026-08-10T13:17:18.320Z] COMPANY: "DELPHI WORLD MONEY LIMITED" | QUERIES: ["DELPHI WORLD MONEY LIMITED" official website] | CANDIDATES: [] | SELECTED: "" | CONFIDENCE: FAILED | TIME: 0ms | REASON: Resolved via readymade-fallback
[2026-08-10T13:17:18.321Z] COMPANY: "Delta Corp Limited" | QUERIES: ["Delta Corp Limited" official website] | CANDIDATES: [] | SELECTED: "" | CONFIDENCE: FAILED | TIME: 0ms | REASON: Resolved via readymade-fallback
[2026-08-10T13:17:18.324Z] COMPANY: "Delta Manufacturing Limited" | QUERIES: ["Delta Manufacturing Limited" official website] | CANDIDATES: [] | SELECTED: "" | CONFIDENCE: FAILED | TIME: 0ms | REASON: Resolved via readymade-fallback
[2026-08-10T13:17:18.324Z] COMPANY: "Den Networks Limited" | QUERIES: ["Den Networks Limited" official website] | CANDIDATES: [] | SELECTED: "" | CONFIDENCE: FAILED | TIME: 0ms | REASON: Resolved via readymade-fallback
[2026-08-10T13:17:18.326Z] COMPANY: "De Nora India Limited" | QUERIES: ["De Nora India Limited" official website] | CANDIDATES: [] | SELECTED: "" | CONFIDENCE: FAILED | TIME: 0ms | REASON: Resolved via readymade-fallback
[2026-08-10T13:17:18.327Z] COMPANY: "Denta Water and Infra Solutions Limited" | QUERIES: ["Denta Water and Infra Solutions Limited" official website] | CANDIDATES: [] | SELECTED: "" | CONFIDENCE: FAILED | TIME: 0ms | REASON: Resolved via readymade-fallback
[2026-08-10T13:17:18.329Z] COMPANY: "Dev Information Technology Limited" | QUERIES: ["Dev Information Technology Limited" official website] | CANDIDATES: [] | SELECTED: "" | CONFIDENCE: FAILED | TIME: 0ms | REASON: Resolved via readymade-fallback
[2026-08-10T13:17:18.331Z] COMPANY: "Dev Accelerator Limited" | QUERIES: ["Dev Accelerator Limited" official website] | CANDIDATES: [] | SELECTED: "" | CONFIDENCE: FAILED | TIME: 0ms | REASON: Resolved via readymade-fallback
[2026-08-10T13:17:18.332Z] COMPANY: "Devyani International Limited" | QUERIES: ["Devyani International Limited" official website] | CANDIDATES: [] | SELECTED: "" | CONFIDENCE: FAILED | TIME: 0ms | REASON: Resolved via readymade-fallback
[2026-08-10T13:17:18.334Z] COMPANY: "Digicontent Limited" | QUERIES: ["Digicontent Limited" official website] | CANDIDATES: [] | SELECTED: "" | CONFIDENCE: FAILED | TIME: 0ms | REASON: Resolved via readymade-fallback
[2026-08-10T13:17:18.335Z] COMPANY: "Dhampur Sugar Mills Limited" | QUERIES: ["Dhampur Sugar Mills Limited" official website] | CANDIDATES: [] | SELECTED: "" | CONFIDENCE: FAILED | TIME: 0ms | REASON: Resolved via readymade-fallback
[2026-08-10T13:17:18.336Z] COMPANY: "Dhanlaxmi Bank Limited" | QUERIES: ["Dhanlaxmi Bank Limited" official website] | CANDIDATES: [] | SELECTED: "" | CONFIDENCE: FAILED | TIME: 0ms | REASON: Resolved via readymade-fallback
[2026-08-10T13:17:18.340Z] COMPANY: "Dhanuka Agritech Limited" | QUERIES: ["Dhanuka Agritech Limited" official website] | CANDIDATES: [] | SELECTED: "" | CONFIDENCE: FAILED | TIME: 0ms | REASON: Resolved via readymade-fallback
[2026-08-10T13:17:18.341Z] COMPANY: "DHARAN INFRA-EPC LIMITED" | QUERIES: ["DHARAN INFRA-EPC LIMITED" official website] | CANDIDATES: [] | SELECTED: "" | CONFIDENCE: FAILED | TIME: 0ms | REASON: Resolved via readymade-fallback
[2026-08-10T13:17:18.345Z] COMPANY: "Dharmaj Crop Guard Limited" | QUERIES: ["Dharmaj Crop Guard Limited" official website] | CANDIDATES: [] | SELECTED: "" | CONFIDENCE: FAILED | TIME: 0ms | REASON: Resolved via readymade-fallback
[2026-08-10T13:17:18.347Z] COMPANY: "Dhruv Consultancy Services Limited" | QUERIES: ["Dhruv Consultancy Services Limited" official website] | CANDIDATES: [] | SELECTED: "" | CONFIDENCE: FAILED | TIME: 0ms | REASON: Resolved via readymade-fallback
[2026-08-10T13:17:18.350Z] COMPANY: "Dhunseri Investments Limited" | QUERIES: ["Dhunseri Investments Limited" official website] | CANDIDATES: [] | SELECTED: "" | CONFIDENCE: FAILED | TIME: 0ms | REASON: Resolved via readymade-fallback
[2026-08-10T13:17:18.351Z] COMPANY: "Diamond Power Infrastructure Limited" | QUERIES: ["Diamond Power Infrastructure Limited" official website] | CANDIDATES: [] | SELECTED: "" | CONFIDENCE: FAILED | TIME: 0ms | REASON: Resolved via readymade-fallback
[2026-08-10T13:17:18.351Z] COMPANY: "Diamines & Chemicals Limited" | QUERIES: ["Diamines & Chemicals Limited" official website] | CANDIDATES: [] | SELECTED: "" | CONFIDENCE: FAILED | TIME: 0ms | REASON: Resolved via readymade-fallback
[2026-08-10T13:17:18.360Z] COMPANY: "Prataap Snacks Limited" | QUERIES: ["Prataap Snacks Limited" official website] | CANDIDATES: [] | SELECTED: "" | CONFIDENCE: FAILED | TIME: 0ms | REASON: Resolved via readymade-fallback
[2026-08-10T13:17:18.362Z] COMPANY: "DIC India Limited" | QUERIES: ["DIC India Limited" official website] | CANDIDATES: [] | SELECTED: "" | CONFIDENCE: FAILED | TIME: 0ms | REASON: Resolved via readymade-fallback
[2026-08-10T13:17:18.363Z] COMPANY: "Diffusion Engineers Limited" | QUERIES: ["Diffusion Engineers Limited" official website] | CANDIDATES: [] | SELECTED: "" | CONFIDENCE: FAILED | TIME: 0ms | REASON: Resolved via readymade-fallback
[2026-08-10T13:17:18.364Z] COMPANY: "Digidrive Distributors Limited" | QUERIES: ["Digidrive Distributors Limited" official website] | CANDIDATES: [] | SELECTED: "" | CONFIDENCE: FAILED | TIME: 0ms | REASON: Resolved via readymade-fallback
[2026-08-10T13:17:18.370Z] COMPANY: "DiGiSPICE Technologies Limited" | QUERIES: ["DiGiSPICE Technologies Limited" official website] | CANDIDATES: [] | SELECTED: "" | CONFIDENCE: FAILED | TIME: 0ms | REASON: Resolved via readymade-fallback
[2026-08-10T13:17:18.371Z] COMPANY: "Digitide Solutions Limited" | QUERIES: ["Digitide Solutions Limited" official website] | CANDIDATES: [] | SELECTED: "" | CONFIDENCE: FAILED | TIME: 0ms | REASON: Resolved via readymade-fallback
[2026-08-10T13:17:18.380Z] COMPANY: "Digjam Limited" | QUERIES: ["Digjam Limited" official website] | CANDIDATES: [] | SELECTED: "" | CONFIDENCE: FAILED | TIME: 1ms | REASON: Resolved via readymade-fallback
[2026-08-10T13:17:18.385Z] COMPANY: "Disa India Limited" | QUERIES: ["Disa India Limited" official website] | CANDIDATES: [] | SELECTED: "" | CONFIDENCE: FAILED | TIME: 0ms | REASON: Resolved via readymade-fallback
[2026-08-10T13:17:18.386Z] COMPANY: "Dish TV India Limited" | QUERIES: ["Dish TV India Limited" official website] | CANDIDATES: [] | SELECTED: "" | CONFIDENCE: FAILED | TIME: 0ms | REASON: Resolved via readymade-fallback
[2026-08-10T13:17:18.388Z] COMPANY: "Divgi Torqtransfer Systems Limited" | QUERIES: ["Divgi Torqtransfer Systems Limited" official website] | CANDIDATES: [] | SELECTED: "" | CONFIDENCE: FAILED | TIME: 0ms | REASON: Resolved via readymade-fallback
[2026-08-10T13:17:18.391Z] COMPANY: "Divi's Laboratories Limited" | QUERIES: ["Divi's Laboratories Limited" official website] | CANDIDATES: [] | SELECTED: "" | CONFIDENCE: FAILED | TIME: 0ms | REASON: Resolved via readymade-fallback
[2026-08-10T13:17:18.393Z] COMPANY: "Dixon Technologies (India) Limited" | QUERIES: ["Dixon Technologies (India) Limited" official website] | CANDIDATES: [] | SELECTED: "" | CONFIDENCE: FAILED | TIME: 0ms | REASON: Resolved via readymade-fallback
[2026-08-10T13:17:18.396Z] COMPANY: "DJ Mediaprint & Logistics Limited" | QUERIES: ["DJ Mediaprint & Logistics Limited" official website] | CANDIDATES: [] | SELECTED: "" | CONFIDENCE: FAILED | TIME: 0ms | REASON: Resolved via readymade-fallback
[2026-08-10T13:17:18.399Z] COMPANY: "DLF Limited" | QUERIES: ["DLF Limited" official website] | CANDIDATES: [] | SELECTED: "" | CONFIDENCE: FAILED | TIME: 0ms | REASON: Resolved via readymade-fallback
[2026-08-10T13:17:18.401Z] COMPANY: "D-Link (India) Limited" | QUERIES: ["D-Link (India) Limited" official website] | CANDIDATES: [] | SELECTED: "" | CONFIDENCE: FAILED | TIME: 0ms | REASON: Resolved via readymade-fallback
[2026-08-10T13:17:18.402Z] COMPANY: "Avenue Supermarts Limited" | QUERIES: ["Avenue Supermarts Limited" official website] | CANDIDATES: [] | SELECTED: "" | CONFIDENCE: FAILED | TIME: 0ms | REASON: Resolved via readymade-fallback
[2026-08-10T13:17:18.407Z] COMPANY: "DMCC SPECIALITY CHEMICALS LIMITED" | QUERIES: ["DMCC SPECIALITY CHEMICALS LIMITED" official website] | CANDIDATES: [] | SELECTED: "" | CONFIDENCE: FAILED | TIME: 0ms | REASON: Resolved via readymade-fallback
[2026-08-10T13:17:18.408Z] COMPANY: "Diligent Media Corporation Limited" | QUERIES: ["Diligent Media Corporation Limited" official website] | CANDIDATES: [] | SELECTED: "" | CONFIDENCE: FAILED | TIME: 0ms | REASON: Resolved via readymade-fallback
[2026-08-10T13:17:18.411Z] COMPANY: "Dodla Dairy Limited" | QUERIES: ["Dodla Dairy Limited" official website] | CANDIDATES: [] | SELECTED: "" | CONFIDENCE: FAILED | TIME: 1ms | REASON: Resolved via readymade-fallback
[2026-08-10T13:17:18.413Z] COMPANY: "Dolat Algotech Limited" | QUERIES: ["Dolat Algotech Limited" official website] | CANDIDATES: [] | SELECTED: "" | CONFIDENCE: FAILED | TIME: 2ms | REASON: Resolved via readymade-fallback
[2026-08-10T13:17:18.415Z] COMPANY: "Dollar Industries Limited" | QUERIES: ["Dollar Industries Limited" official website] | CANDIDATES: [] | SELECTED: "" | CONFIDENCE: FAILED | TIME: 0ms | REASON: Resolved via readymade-fallback
[2026-08-10T13:17:18.417Z] COMPANY: "Dolphin Offshore Enterprises (India) Limited" | QUERIES: ["Dolphin Offshore Enterprises (India) Limited" official website] | CANDIDATES: [] | SELECTED: "" | CONFIDENCE: FAILED | TIME: 0ms | REASON: Resolved via readymade-fallback
[2026-08-10T13:17:18.419Z] COMPANY: "DOMS Industries Limited" | QUERIES: ["DOMS Industries Limited" official website] | CANDIDATES: [] | SELECTED: "" | CONFIDENCE: FAILED | TIME: 0ms | REASON: Resolved via readymade-fallback
[2026-08-10T13:17:18.422Z] COMPANY: "Donear Industries Limited" | QUERIES: ["Donear Industries Limited" official website] | CANDIDATES: [] | SELECTED: "" | CONFIDENCE: FAILED | TIME: 0ms | REASON: Resolved via readymade-fallback
[2026-08-10T13:17:18.426Z] COMPANY: "D. P. Abhushan Limited" | QUERIES: ["D. P. Abhushan Limited" official website] | CANDIDATES: [] | SELECTED: "" | CONFIDENCE: FAILED | TIME: 0ms | REASON: Resolved via readymade-fallback
[2026-08-10T13:17:18.427Z] COMPANY: "DPSC Limited" | QUERIES: ["DPSC Limited" official website] | CANDIDATES: [] | SELECTED: "" | CONFIDENCE: FAILED | TIME: 0ms | REASON: Resolved via readymade-fallback
[2026-08-10T13:17:18.430Z] COMPANY: "D P Wires Limited" | QUERIES: ["D P Wires Limited" official website] | CANDIDATES: [] | SELECTED: "" | CONFIDENCE: FAILED | TIME: 0ms | REASON: Resolved via readymade-fallback
[2026-08-10T13:17:18.431Z] COMPANY: "Dr Agarwals Eye Hospital Limited" | QUERIES: ["Dr Agarwals Eye Hospital Limited" official website] | CANDIDATES: [] | SELECTED: "" | CONFIDENCE: FAILED | TIME: 0ms | REASON: Resolved via readymade-fallback
[2026-08-10T13:17:18.440Z] COMPANY: "DRC Systems India Limited" | QUERIES: ["DRC Systems India Limited" official website] | CANDIDATES: [] | SELECTED: "" | CONFIDENCE: FAILED | TIME: 0ms | REASON: Resolved via readymade-fallback
[2026-08-10T13:17:18.442Z] COMPANY: "Dreamfolks Services Limited" | QUERIES: ["Dreamfolks Services Limited" official website] | CANDIDATES: [] | SELECTED: "" | CONFIDENCE: FAILED | TIME: 0ms | REASON: Resolved via readymade-fallback
[2026-08-10T13:17:18.443Z] COMPANY: "Dredging Corporation of India Limited" | QUERIES: ["Dredging Corporation of India Limited" official website] | CANDIDATES: [] | SELECTED: "" | CONFIDENCE: FAILED | TIME: 0ms | REASON: Resolved via readymade-fallback
[2026-08-10T13:17:18.445Z] COMPANY: "Dr. Reddy's Laboratories Limited" | QUERIES: ["Dr. Reddy's Laboratories Limited" official website] | CANDIDATES: [] | SELECTED: "" | CONFIDENCE: FAILED | TIME: 1ms | REASON: Resolved via readymade-fallback
[2026-08-10T13:17:18.446Z] COMPANY: "DCM Shriram Fine Chemicals Limited" | QUERIES: ["DCM Shriram Fine Chemicals Limited" official website] | CANDIDATES: [] | SELECTED: "" | CONFIDENCE: FAILED | TIME: 1ms | REASON: Resolved via readymade-fallback
[2026-08-10T13:17:18.447Z] COMPANY: "Dynacons Systems & Solutions Limited" | QUERIES: ["Dynacons Systems & Solutions Limited" official website] | CANDIDATES: [] | SELECTED: "" | CONFIDENCE: FAILED | TIME: 0ms | REASON: Resolved via readymade-fallback
[2026-08-10T13:17:18.448Z] COMPANY: "Dhunseri Tea & Industries Limited" | QUERIES: ["Dhunseri Tea & Industries Limited" official website] | CANDIDATES: [] | SELECTED: "" | CONFIDENCE: FAILED | TIME: 0ms | REASON: Resolved via readymade-fallback
[2026-08-10T13:17:18.449Z] COMPANY: "Ducon Infratechnologies Limited" | QUERIES: ["Ducon Infratechnologies Limited" official website] | CANDIDATES: [] | SELECTED: "" | CONFIDENCE: FAILED | TIME: 0ms | REASON: Resolved via readymade-fallback
[2026-08-10T13:17:18.450Z] COMPANY: "Dhunseri Ventures Limited" | QUERIES: ["Dhunseri Ventures Limited" official website] | CANDIDATES: [] | SELECTED: "" | CONFIDENCE: FAILED | TIME: 0ms | REASON: Resolved via readymade-fallback
[2026-08-10T13:17:18.452Z] COMPANY: "Dwarikesh Sugar Industries Limited" | QUERIES: ["Dwarikesh Sugar Industries Limited" official website] | CANDIDATES: [] | SELECTED: "" | CONFIDENCE: FAILED | TIME: 0ms | REASON: Resolved via readymade-fallback
[2026-08-10T13:17:18.454Z] COMPANY: "Dynamic Cables Limited" | QUERIES: ["Dynamic Cables Limited" official website] | CANDIDATES: [] | SELECTED: "" | CONFIDENCE: FAILED | TIME: 0ms | REASON: Resolved via readymade-fallback
[2026-08-10T13:17:18.457Z] COMPANY: "Dynamatic Technologies Limited" | QUERIES: ["Dynamatic Technologies Limited" official website] | CANDIDATES: [] | SELECTED: "" | CONFIDENCE: FAILED | TIME: 0ms | REASON: Resolved via readymade-fallback
[2026-08-10T13:17:18.462Z] COMPANY: "Dynemic Products Limited" | QUERIES: ["Dynemic Products Limited" official website] | CANDIDATES: [] | SELECTED: "" | CONFIDENCE: FAILED | TIME: 0ms | REASON: Resolved via readymade-fallback
[2026-08-10T13:17:18.463Z] COMPANY: "E2E Networks Limited" | QUERIES: ["E2E Networks Limited" official website] | CANDIDATES: [] | SELECTED: "" | CONFIDENCE: FAILED | TIME: 0ms | REASON: Resolved via readymade-fallback
[2026-08-10T13:17:18.464Z] COMPANY: "Easy Trip Planners Limited" | QUERIES: ["Easy Trip Planners Limited" official website] | CANDIDATES: [] | SELECTED: "" | CONFIDENCE: FAILED | TIME: 0ms | REASON: Resolved via readymade-fallback
[2026-08-10T13:17:18.471Z] COMPANY: "Eastern Silk Industries Limited" | QUERIES: ["Eastern Silk Industries Limited" official website] | CANDIDATES: [] | SELECTED: "" | CONFIDENCE: FAILED | TIME: 0ms | REASON: Resolved via readymade-fallback
[2026-08-10T13:17:18.475Z] COMPANY: "GNG Electronics Limited" | QUERIES: ["GNG Electronics Limited" official website] | CANDIDATES: [] | SELECTED: "" | CONFIDENCE: FAILED | TIME: 0ms | REASON: Resolved via readymade-fallback
[2026-08-10T13:17:18.479Z] COMPANY: "eClerx Services Limited" | QUERIES: ["eClerx Services Limited" official website] | CANDIDATES: [] | SELECTED: "" | CONFIDENCE: FAILED | TIME: 1ms | REASON: Resolved via readymade-fallback
[2026-08-10T13:17:18.480Z] COMPANY: "Ecos (India) Mobility & Hospitality Limited" | QUERIES: ["Ecos (India) Mobility & Hospitality Limited" official website] | CANDIDATES: [] | SELECTED: "" | CONFIDENCE: FAILED | TIME: 0ms | REASON: Resolved via readymade-fallback
[2026-08-10T13:17:18.483Z] COMPANY: "Edelweiss Financial Services Limited" | QUERIES: ["Edelweiss Financial Services Limited" official website] | CANDIDATES: [] | SELECTED: "" | CONFIDENCE: FAILED | TIME: 0ms | REASON: Resolved via readymade-fallback
[2026-08-10T13:17:18.486Z] COMPANY: "EFC (I) Limited" | QUERIES: ["EFC (I) Limited" official website] | CANDIDATES: [] | SELECTED: "" | CONFIDENCE: FAILED | TIME: 0ms | REASON: Resolved via readymade-fallback
[2026-08-10T13:17:18.488Z] COMPANY: "Eicher Motors Limited" | QUERIES: ["Eicher Motors Limited" official website] | CANDIDATES: [] | SELECTED: "" | CONFIDENCE: FAILED | TIME: 1ms | REASON: Resolved via readymade-fallback
[2026-08-10T13:17:18.491Z] COMPANY: "EID Parry India Limited" | QUERIES: ["EID Parry India Limited" official website] | CANDIDATES: [] | SELECTED: "" | CONFIDENCE: FAILED | TIME: 0ms | REASON: Resolved via readymade-fallback
[2026-08-10T13:17:18.494Z] COMPANY: "Enviro Infra Engineers Limited" | QUERIES: ["Enviro Infra Engineers Limited" official website] | CANDIDATES: [] | SELECTED: "" | CONFIDENCE: FAILED | TIME: 2ms | REASON: Resolved via readymade-fallback
[2026-08-10T13:17:18.495Z] COMPANY: "Euro India Fresh Foods Limited" | QUERIES: ["Euro India Fresh Foods Limited" official website] | CANDIDATES: [] | SELECTED: "" | CONFIDENCE: FAILED | TIME: 0ms | REASON: Resolved via readymade-fallback
[2026-08-10T13:17:18.500Z] COMPANY: "EIH Associated Hotels Limited" | QUERIES: ["EIH Associated Hotels Limited" official website] | CANDIDATES: [] | SELECTED: "" | CONFIDENCE: FAILED | TIME: 4ms | REASON: Resolved via readymade-fallback
[2026-08-10T13:17:18.502Z] COMPANY: "EIH Limited" | QUERIES: ["EIH Limited" official website] | CANDIDATES: [] | SELECTED: "" | CONFIDENCE: FAILED | TIME: 0ms | REASON: Resolved via readymade-fallback
[2026-08-10T13:17:18.505Z] COMPANY: "Eimco Elecon (India) Limited" | QUERIES: ["Eimco Elecon (India) Limited" official website] | CANDIDATES: [] | SELECTED: "" | CONFIDENCE: FAILED | TIME: 0ms | REASON: Resolved via readymade-fallback
[2026-08-10T13:17:18.506Z] COMPANY: "Everest Kanto Cylinder Limited" | QUERIES: ["Everest Kanto Cylinder Limited" official website] | CANDIDATES: [] | SELECTED: "" | CONFIDENCE: FAILED | TIME: 0ms | REASON: Resolved via readymade-fallback
[2026-08-10T13:17:18.507Z] COMPANY: "Elantas Beck India Limited" | QUERIES: ["Elantas Beck India Limited" official website] | CANDIDATES: [] | SELECTED: "" | CONFIDENCE: FAILED | TIME: 0ms | REASON: Resolved via readymade-fallback
[2026-08-10T13:17:18.508Z] COMPANY: "EL CID Investments Limited" | QUERIES: ["EL CID Investments Limited" official website] | CANDIDATES: [] | SELECTED: "" | CONFIDENCE: FAILED | TIME: 0ms | REASON: Resolved via readymade-fallback
[2026-08-10T13:17:18.511Z] COMPANY: "Eldeco Housing And Industries Limited" | QUERIES: ["Eldeco Housing And Industries Limited" official website] | CANDIDATES: [] | SELECTED: "" | CONFIDENCE: FAILED | TIME: 1ms | REASON: Resolved via readymade-fallback
[2026-08-10T13:17:18.512Z] COMPANY: "Elecon Engineering Company Limited" | QUERIES: ["Elecon Engineering Company Limited" official website] | CANDIDATES: [] | SELECTED: "" | CONFIDENCE: FAILED | TIME: 0ms | REASON: Resolved via readymade-fallback
[2026-08-10T13:17:18.513Z] COMPANY: "Electrosteel Castings Limited" | QUERIES: ["Electrosteel Castings Limited" official website] | CANDIDATES: [] | SELECTED: "" | CONFIDENCE: FAILED | TIME: 0ms | REASON: Resolved via readymade-fallback
[2026-08-10T13:17:18.514Z] COMPANY: "Electrotherm (India) Limited" | QUERIES: ["Electrotherm (India) Limited" official website] | CANDIDATES: [] | SELECTED: "" | CONFIDENCE: FAILED | TIME: 0ms | REASON: Resolved via readymade-fallback
[2026-08-10T13:17:18.515Z] COMPANY: "Elgi Equipments Limited" | QUERIES: ["Elgi Equipments Limited" official website] | CANDIDATES: [] | SELECTED: "" | CONFIDENCE: FAILED | TIME: 0ms | REASON: Resolved via readymade-fallback
[2026-08-10T13:17:18.517Z] COMPANY: "Elgi Rubber Company Limited" | QUERIES: ["Elgi Rubber Company Limited" official website] | CANDIDATES: [] | SELECTED: "" | CONFIDENCE: FAILED | TIME: 0ms | REASON: Resolved via readymade-fallback
[2026-08-10T13:17:18.519Z] COMPANY: "Elin Electronics Limited" | QUERIES: ["Elin Electronics Limited" official website] | CANDIDATES: [] | SELECTED: "" | CONFIDENCE: FAILED | TIME: 0ms | REASON: Resolved via readymade-fallback
[2026-08-10T13:17:18.520Z] COMPANY: "Elitecon International Limited" | QUERIES: ["Elitecon International Limited" official website] | CANDIDATES: [] | SELECTED: "" | CONFIDENCE: FAILED | TIME: 0ms | REASON: Resolved via readymade-fallback
[2026-08-10T13:17:18.521Z] COMPANY: "Ellenbarrie Industrial Gases Limited" | QUERIES: ["Ellenbarrie Industrial Gases Limited" official website] | CANDIDATES: [] | SELECTED: "" | CONFIDENCE: FAILED | TIME: 0ms | REASON: Resolved via readymade-fallback
[2026-08-10T13:17:18.522Z] COMPANY: "Elpro International Limited" | QUERIES: ["Elpro International Limited" official website] | CANDIDATES: [] | SELECTED: "" | CONFIDENCE: FAILED | TIME: 0ms | REASON: Resolved via readymade-fallback
[2026-08-10T13:17:18.523Z] COMPANY: "Emami Limited" | QUERIES: ["Emami Limited" official website] | CANDIDATES: [] | SELECTED: "" | CONFIDENCE: FAILED | TIME: 0ms | REASON: Resolved via readymade-fallback
[2026-08-10T13:17:18.524Z] COMPANY: "Emami Paper Mills Limited" | QUERIES: ["Emami Paper Mills Limited" official website] | CANDIDATES: [] | SELECTED: "" | CONFIDENCE: FAILED | TIME: 0ms | REASON: Resolved via readymade-fallback
[2026-08-10T13:17:18.524Z] COMPANY: "Emami Realty Limited" | QUERIES: ["Emami Realty Limited" official website] | CANDIDATES: [] | SELECTED: "" | CONFIDENCE: FAILED | TIME: 0ms | REASON: Resolved via readymade-fallback
[2026-08-10T13:17:18.531Z] COMPANY: "Embassy Developments Limited" | QUERIES: ["Embassy Developments Limited" official website] | CANDIDATES: [] | SELECTED: "" | CONFIDENCE: FAILED | TIME: 0ms | REASON: Resolved via readymade-fallback
[2026-08-10T13:17:18.532Z] COMPANY: "Emcure Pharmaceuticals Limited" | QUERIES: ["Emcure Pharmaceuticals Limited" official website] | CANDIDATES: [] | SELECTED: "" | CONFIDENCE: FAILED | TIME: 0ms | REASON: Resolved via readymade-fallback
[2026-08-10T13:17:18.535Z] COMPANY: "Electronics Mart India Limited" | QUERIES: ["Electronics Mart India Limited" official website] | CANDIDATES: [] | SELECTED: "" | CONFIDENCE: FAILED | TIME: 2ms | REASON: Resolved via readymade-fallback
[2026-08-10T13:17:18.539Z] COMPANY: "Emkay Global Financial Services Limited" | QUERIES: ["Emkay Global Financial Services Limited" official website] | CANDIDATES: [] | SELECTED: "" | CONFIDENCE: FAILED | TIME: 1ms | REASON: Resolved via readymade-fallback
[2026-08-10T13:17:18.542Z] COMPANY: "Emmbi Industries Limited" | QUERIES: ["Emmbi Industries Limited" official website] | CANDIDATES: [] | SELECTED: "" | CONFIDENCE: FAILED | TIME: 2ms | REASON: Resolved via readymade-fallback
[2026-08-10T13:17:18.546Z] COMPANY: "Emmvee Photovoltaic Power Limited" | QUERIES: ["Emmvee Photovoltaic Power Limited" official website] | CANDIDATES: [] | SELECTED: "" | CONFIDENCE: FAILED | TIME: 0ms | REASON: Resolved via readymade-fallback
[2026-08-10T13:17:18.550Z] COMPANY: "Empower India Limited" | QUERIES: ["Empower India Limited" official website] | CANDIDATES: [] | SELECTED: "" | CONFIDENCE: FAILED | TIME: 0ms | REASON: Resolved via readymade-fallback
[2026-08-10T13:17:18.553Z] COMPANY: "EMS Limited" | QUERIES: ["EMS Limited" official website] | CANDIDATES: [] | SELECTED: "" | CONFIDENCE: FAILED | TIME: 0ms | REASON: Resolved via readymade-fallback
[2026-08-10T13:17:18.554Z] COMPANY: "eMudhra Limited" | QUERIES: ["eMudhra Limited" official website] | CANDIDATES: [] | SELECTED: "" | CONFIDENCE: FAILED | TIME: 0ms | REASON: Resolved via readymade-fallback
[2026-08-10T13:17:18.555Z] COMPANY: "Endurance Technologies Limited" | QUERIES: ["Endurance Technologies Limited" official website] | CANDIDATES: [] | SELECTED: "" | CONFIDENCE: FAILED | TIME: 0ms | REASON: Resolved via readymade-fallback
[2026-08-10T13:17:18.557Z] COMPANY: "Energy Development Company Limited" | QUERIES: ["Energy Development Company Limited" official website] | CANDIDATES: [] | SELECTED: "" | CONFIDENCE: FAILED | TIME: 0ms | REASON: Resolved via readymade-fallback
[2026-08-10T13:17:18.560Z] COMPANY: "Engineers India Limited" | QUERIES: ["Engineers India Limited" official website] | CANDIDATES: [] | SELECTED: "" | CONFIDENCE: FAILED | TIME: 0ms | REASON: Resolved via readymade-fallback
[2026-08-10T13:17:18.560Z] COMPANY: "Entertainment Network (India) Limited" | QUERIES: ["Entertainment Network (India) Limited" official website] | CANDIDATES: [] | SELECTED: "" | CONFIDENCE: FAILED | TIME: 0ms | REASON: Resolved via readymade-fallback
[2026-08-10T13:17:18.564Z] COMPANY: "Siemens Energy India Limited" | QUERIES: ["Siemens Energy India Limited" official website] | CANDIDATES: [] | SELECTED: "" | CONFIDENCE: FAILED | TIME: 0ms | REASON: Resolved via readymade-fallback
[2026-08-10T13:17:18.565Z] COMPANY: "Entero Healthcare Solutions Limited" | QUERIES: ["Entero Healthcare Solutions Limited" official website] | CANDIDATES: [] | SELECTED: "" | CONFIDENCE: FAILED | TIME: 0ms | REASON: Resolved via readymade-fallback
[2026-08-10T13:17:18.568Z] COMPANY: "EPACK Durable Limited" | QUERIES: ["EPACK Durable Limited" official website] | CANDIDATES: [] | SELECTED: "" | CONFIDENCE: FAILED | TIME: 1ms | REASON: Resolved via readymade-fallback
[2026-08-10T13:17:18.569Z] COMPANY: "EPack Prefab Technologies Limited" | QUERIES: ["EPack Prefab Technologies Limited" official website] | CANDIDATES: [] | SELECTED: "" | CONFIDENCE: FAILED | TIME: 0ms | REASON: Resolved via readymade-fallback
[2026-08-10T13:17:18.571Z] COMPANY: "Epigral Limited" | QUERIES: ["Epigral Limited" official website] | CANDIDATES: [] | SELECTED: "" | CONFIDENCE: FAILED | TIME: 0ms | REASON: Resolved via readymade-fallback
[2026-08-10T13:17:18.573Z] COMPANY: "EPL Limited" | QUERIES: ["EPL Limited" official website] | CANDIDATES: [] | SELECTED: "" | CONFIDENCE: FAILED | TIME: 0ms | REASON: Resolved via readymade-fallback
[2026-08-10T13:17:18.574Z] COMPANY: "Equippp Social Impact Technologies Limited" | QUERIES: ["Equippp Social Impact Technologies Limited" official website] | CANDIDATES: [] | SELECTED: "" | CONFIDENCE: FAILED | TIME: 0ms | REASON: Resolved via readymade-fallback
[2026-08-10T13:17:18.576Z] COMPANY: "Equitas Small Finance Bank Limited" | QUERIES: ["Equitas Small Finance Bank Limited" official website] | CANDIDATES: [] | SELECTED: "" | CONFIDENCE: FAILED | TIME: 0ms | REASON: Resolved via readymade-fallback
[2026-08-10T13:17:18.576Z] COMPANY: "Eris Lifesciences Limited" | QUERIES: ["Eris Lifesciences Limited" official website] | CANDIDATES: [] | SELECTED: "" | CONFIDENCE: FAILED | TIME: 0ms | REASON: Resolved via readymade-fallback
[2026-08-10T13:17:18.580Z] COMPANY: "Esab India Limited" | QUERIES: ["Esab India Limited" official website] | CANDIDATES: [] | SELECTED: "" | CONFIDENCE: FAILED | TIME: 0ms | REASON: Resolved via readymade-fallback
[2026-08-10T13:17:18.585Z] COMPANY: "ESAF Small Finance Bank Limited" | QUERIES: ["ESAF Small Finance Bank Limited" official website] | CANDIDATES: [] | SELECTED: "" | CONFIDENCE: FAILED | TIME: 2ms | REASON: Resolved via readymade-fallback
[2026-08-10T13:17:18.587Z] COMPANY: "Escorts Kubota Limited" | QUERIES: ["Escorts Kubota Limited" official website] | CANDIDATES: [] | SELECTED: "" | CONFIDENCE: FAILED | TIME: 0ms | REASON: Resolved via readymade-fallback
[2026-08-10T13:17:18.589Z] COMPANY: "Essar Shipping Limited" | QUERIES: ["Essar Shipping Limited" official website] | CANDIDATES: [] | SELECTED: "" | CONFIDENCE: FAILED | TIME: 1ms | REASON: Resolved via readymade-fallback
[2026-08-10T13:17:18.593Z] COMPANY: "Integra Essentia Limited" | QUERIES: ["Integra Essentia Limited" official website] | CANDIDATES: [] | SELECTED: "" | CONFIDENCE: FAILED | TIME: 0ms | REASON: Resolved via readymade-fallback
[2026-08-10T13:17:18.596Z] COMPANY: "Ester Industries Limited" | QUERIES: ["Ester Industries Limited" official website] | CANDIDATES: [] | SELECTED: "" | CONFIDENCE: FAILED | TIME: 0ms | REASON: Resolved via readymade-fallback
[2026-08-10T13:17:18.600Z] COMPANY: "ETERNAL LIMITED" | QUERIES: ["ETERNAL LIMITED" official website] | CANDIDATES: [] | SELECTED: "" | CONFIDENCE: FAILED | TIME: 0ms | REASON: Resolved via readymade-fallback
[2026-08-10T13:17:18.603Z] COMPANY: "Ethos Limited" | QUERIES: ["Ethos Limited" official website] | CANDIDATES: [] | SELECTED: "" | CONFIDENCE: FAILED | TIME: 0ms | REASON: Resolved via readymade-fallback
[2026-08-10T13:17:18.604Z] COMPANY: "Eureka Forbes Limited" | QUERIES: ["Eureka Forbes Limited" official website] | CANDIDATES: [] | SELECTED: "" | CONFIDENCE: FAILED | TIME: 0ms | REASON: Resolved via readymade-fallback
[2026-08-10T13:17:18.607Z] COMPANY: "Euro Panel Products Limited" | QUERIES: ["Euro Panel Products Limited" official website] | CANDIDATES: [] | SELECTED: "" | CONFIDENCE: FAILED | TIME: 0ms | REASON: Resolved via readymade-fallback
[2026-08-10T13:17:18.610Z] COMPANY: "Euro Pratik Sales Limited" | QUERIES: ["Euro Pratik Sales Limited" official website] | CANDIDATES: [] | SELECTED: "" | CONFIDENCE: FAILED | TIME: 0ms | REASON: Resolved via readymade-fallback
[2026-08-10T13:17:18.611Z] COMPANY: "Eurotex Industries and Exports Limited" | QUERIES: ["Eurotex Industries and Exports Limited" official website] | CANDIDATES: [] | SELECTED: "" | CONFIDENCE: FAILED | TIME: 0ms | REASON: Resolved via readymade-fallback
[2026-08-10T13:17:18.612Z] COMPANY: "Eveready Industries India Limited" | QUERIES: ["Eveready Industries India Limited" official website] | CANDIDATES: [] | SELECTED: "" | CONFIDENCE: FAILED | TIME: 0ms | REASON: Resolved via readymade-fallback
[2026-08-10T13:17:18.615Z] COMPANY: "Everest Industries Limited" | QUERIES: ["Everest Industries Limited" official website] | CANDIDATES: [] | SELECTED: "" | CONFIDENCE: FAILED | TIME: 0ms | REASON: Resolved via readymade-fallback
[2026-08-10T13:17:18.616Z] COMPANY: "Excel Industries Limited" | QUERIES: ["Excel Industries Limited" official website] | CANDIDATES: [] | SELECTED: "" | CONFIDENCE: FAILED | TIME: 0ms | REASON: Resolved via readymade-fallback
[2026-08-10T13:17:18.623Z] COMPANY: "Excelsoft Technologies Limited" | QUERIES: ["Excelsoft Technologies Limited" official website] | CANDIDATES: [] | SELECTED: "" | CONFIDENCE: FAILED | TIME: 0ms | REASON: Resolved via readymade-fallback
[2026-08-10T13:17:18.624Z] COMPANY: "Exicom Tele-Systems Limited" | QUERIES: ["Exicom Tele-Systems Limited" official website] | CANDIDATES: [] | SELECTED: "" | CONFIDENCE: FAILED | TIME: 0ms | REASON: Resolved via readymade-fallback
[2026-08-10T13:17:18.628Z] COMPANY: "Exide Industries Limited" | QUERIES: ["Exide Industries Limited" official website] | CANDIDATES: [] | SELECTED: "" | CONFIDENCE: FAILED | TIME: 0ms | REASON: Resolved via readymade-fallback
[2026-08-10T13:17:18.632Z] COMPANY: "Expleo Solutions Limited" | QUERIES: ["Expleo Solutions Limited" official website] | CANDIDATES: [] | SELECTED: "" | CONFIDENCE: FAILED | TIME: 0ms | REASON: Resolved via readymade-fallback
[2026-08-10T13:17:18.636Z] COMPANY: "Exxaro Tiles Limited" | QUERIES: ["Exxaro Tiles Limited" official website] | CANDIDATES: [] | SELECTED: "" | CONFIDENCE: FAILED | TIME: 0ms | REASON: Resolved via readymade-fallback
[2026-08-10T13:17:18.638Z] COMPANY: "Fabtech Technologies Limited" | QUERIES: ["Fabtech Technologies Limited" official website] | CANDIDATES: [] | SELECTED: "" | CONFIDENCE: FAILED | TIME: 0ms | REASON: Resolved via readymade-fallback
[2026-08-10T13:17:18.643Z] COMPANY: "Fertilizers and Chemicals Travancore Limited" | QUERIES: ["Fertilizers and Chemicals Travancore Limited" official website] | CANDIDATES: [] | SELECTED: "" | CONFIDENCE: FAILED | TIME: 0ms | REASON: Resolved via readymade-fallback
[2026-08-10T13:17:18.645Z] COMPANY: "Fairchem Organics Limited" | QUERIES: ["Fairchem Organics Limited" official website] | CANDIDATES: [] | SELECTED: "" | CONFIDENCE: FAILED | TIME: 0ms | REASON: Resolved via readymade-fallback
[2026-08-10T13:17:18.648Z] COMPANY: "Faze Three Limited" | QUERIES: ["Faze Three Limited" official website] | CANDIDATES: [] | SELECTED: "" | CONFIDENCE: FAILED | TIME: 0ms | REASON: Resolved via readymade-fallback
[2026-08-10T13:17:18.651Z] COMPANY: "Fineotex Chemical Limited" | QUERIES: ["Fineotex Chemical Limited" official website] | CANDIDATES: [] | SELECTED: "" | CONFIDENCE: FAILED | TIME: 0ms | REASON: Resolved via readymade-fallback
[2026-08-10T13:17:18.653Z] COMPANY: "FCS Software Solutions Limited" | QUERIES: ["FCS Software Solutions Limited" official website] | CANDIDATES: [] | SELECTED: "" | CONFIDENCE: FAILED | TIME: 0ms | REASON: Resolved via readymade-fallback
[2026-08-10T13:17:18.660Z] COMPANY: "FDC Limited" | QUERIES: ["FDC Limited" official website] | CANDIDATES: [] | SELECTED: "" | CONFIDENCE: FAILED | TIME: 0ms | REASON: Resolved via readymade-fallback
[2026-08-10T13:17:18.662Z] COMPANY: "Fedders Holding Limited" | QUERIES: ["Fedders Holding Limited" official website] | CANDIDATES: [] | SELECTED: "" | CONFIDENCE: FAILED | TIME: 0ms | REASON: Resolved via readymade-fallback
[2026-08-10T13:17:18.666Z] COMPANY: "The Federal Bank  Limited" | QUERIES: ["The Federal Bank  Limited" official website] | CANDIDATES: [] | SELECTED: "" | CONFIDENCE: FAILED | TIME: 0ms | REASON: Resolved via readymade-fallback
[2026-08-10T13:17:18.670Z] COMPANY: "Fedbank Financial Services Limited" | QUERIES: ["Fedbank Financial Services Limited" official website] | CANDIDATES: [] | SELECTED: "" | CONFIDENCE: FAILED | TIME: 0ms | REASON: Resolved via readymade-fallback
[2026-08-10T13:17:18.674Z] COMPANY: "Future Enterprises Limited" | QUERIES: ["Future Enterprises Limited" official website] | CANDIDATES: [] | SELECTED: "" | CONFIDENCE: FAILED | TIME: 0ms | REASON: Resolved via readymade-fallback
[2026-08-10T13:17:18.675Z] COMPANY: "Future Enterprises Limited" | QUERIES: ["Future Enterprises Limited" official website] | CANDIDATES: [] | SELECTED: "" | CONFIDENCE: FAILED | TIME: 0ms | REASON: Resolved via readymade-fallback
[2026-08-10T13:17:18.683Z] COMPANY: "Fermenta Biotech Limited" | QUERIES: ["Fermenta Biotech Limited" official website] | CANDIDATES: [] | SELECTED: "" | CONFIDENCE: FAILED | TIME: 0ms | REASON: Resolved via readymade-fallback
[2026-08-10T13:17:18.685Z] COMPANY: "Fiberweb (India) Limited" | QUERIES: ["Fiberweb (India) Limited" official website] | CANDIDATES: [] | SELECTED: "" | CONFIDENCE: FAILED | TIME: 0ms | REASON: Resolved via readymade-fallback
[2026-08-10T13:17:18.690Z] COMPANY: "Fiem Industries Limited" | QUERIES: ["Fiem Industries Limited" official website] | CANDIDATES: [] | SELECTED: "" | CONFIDENCE: FAILED | TIME: 0ms | REASON: Resolved via readymade-fallback
[2026-08-10T13:17:18.694Z] COMPANY: "Filatex India Limited" | QUERIES: ["Filatex India Limited" official website] | CANDIDATES: [] | SELECTED: "" | CONFIDENCE: FAILED | TIME: 0ms | REASON: Resolved via readymade-fallback
[2026-08-10T13:17:18.696Z] COMPANY: "Filatex Fashions Limited" | QUERIES: ["Filatex Fashions Limited" official website] | CANDIDATES: [] | SELECTED: "" | CONFIDENCE: FAILED | TIME: 0ms | REASON: Resolved via readymade-fallback
[2026-08-10T13:17:18.701Z] COMPANY: "Finolex Cables Limited" | QUERIES: ["Finolex Cables Limited" official website] | CANDIDATES: [] | SELECTED: "" | CONFIDENCE: FAILED | TIME: 0ms | REASON: Resolved via readymade-fallback
[2026-08-10T13:17:18.703Z] COMPANY: "Fine Organic Industries Limited" | QUERIES: ["Fine Organic Industries Limited" official website] | CANDIDATES: [] | SELECTED: "" | CONFIDENCE: FAILED | TIME: 0ms | REASON: Resolved via readymade-fallback
[2026-08-10T13:17:18.711Z] COMPANY: "Finkurve Financial Services Limited" | QUERIES: ["Finkurve Financial Services Limited" official website] | CANDIDATES: [] | SELECTED: "" | CONFIDENCE: FAILED | TIME: 0ms | REASON: Resolved via readymade-fallback
[2026-08-10T13:17:18.712Z] COMPANY: "Fino Payments Bank Limited" | QUERIES: ["Fino Payments Bank Limited" official website] | CANDIDATES: [] | SELECTED: "" | CONFIDENCE: FAILED | TIME: 0ms | REASON: Resolved via readymade-fallback
[2026-08-10T13:17:18.718Z] COMPANY: "Finolex Industries Limited" | QUERIES: ["Finolex Industries Limited" official website] | CANDIDATES: [] | SELECTED: "" | CONFIDENCE: FAILED | TIME: 0ms | REASON: Resolved via readymade-fallback
[2026-08-10T13:17:18.723Z] COMPANY: "Brainbees Solutions Limited" | QUERIES: ["Brainbees Solutions Limited" official website] | CANDIDATES: [] | SELECTED: "" | CONFIDENCE: FAILED | TIME: 0ms | REASON: Resolved via readymade-fallback
[2026-08-10T13:17:18.726Z] COMPANY: "Fischer Medical Ventures Limited" | QUERIES: ["Fischer Medical Ventures Limited" official website] | CANDIDATES: [] | SELECTED: "" | CONFIDENCE: FAILED | TIME: 0ms | REASON: Resolved via readymade-fallback
[2026-08-10T13:17:18.730Z] COMPANY: "Five-Star Business Finance Limited" | QUERIES: ["Five-Star Business Finance Limited" official website] | CANDIDATES: [] | SELECTED: "" | CONFIDENCE: FAILED | TIME: 0ms | REASON: Resolved via readymade-fallback
[2026-08-10T13:17:18.733Z] COMPANY: "Flair Writing Industries Limited" | QUERIES: ["Flair Writing Industries Limited" official website] | CANDIDATES: [] | SELECTED: "" | CONFIDENCE: FAILED | TIME: 0ms | REASON: Resolved via readymade-fallback
[2026-08-10T13:17:18.736Z] COMPANY: "Flexituff Ventures International Limited" | QUERIES: ["Flexituff Ventures International Limited" official website] | CANDIDATES: [] | SELECTED: "" | CONFIDENCE: FAILED | TIME: 0ms | REASON: Resolved via readymade-fallback
[2026-08-10T13:17:18.738Z] COMPANY: "Future Lifestyle Fashions Limited" | QUERIES: ["Future Lifestyle Fashions Limited" official website] | CANDIDATES: [] | SELECTED: "" | CONFIDENCE: FAILED | TIME: 0ms | REASON: Resolved via readymade-fallback
[2026-08-10T13:17:18.741Z] COMPANY: "Gujarat Fluorochemicals Limited" | QUERIES: ["Gujarat Fluorochemicals Limited" official website] | CANDIDATES: [] | SELECTED: "" | CONFIDENCE: FAILED | TIME: 0ms | REASON: Resolved via readymade-fallback
[2026-08-10T13:17:18.744Z] COMPANY: "Federal-Mogul Goetze (India) Limited." | QUERIES: ["Federal-Mogul Goetze (India) Limited." official website] | CANDIDATES: [] | SELECTED: "" | CONFIDENCE: FAILED | TIME: 0ms | REASON: Resolved via readymade-fallback
[2026-08-10T13:17:18.748Z] COMPANY: "Future Market Networks Limited" | QUERIES: ["Future Market Networks Limited" official website] | CANDIDATES: [] | SELECTED: "" | CONFIDENCE: FAILED | TIME: 0ms | REASON: Resolved via readymade-fallback
[2026-08-10T13:17:18.751Z] COMPANY: "Focus Lighting and Fixtures Limited" | QUERIES: ["Focus Lighting and Fixtures Limited" official website] | CANDIDATES: [] | SELECTED: "" | CONFIDENCE: FAILED | TIME: 0ms | REASON: Resolved via readymade-fallback
[2026-08-10T13:17:18.754Z] COMPANY: "Foods & Inns Limited" | QUERIES: ["Foods & Inns Limited" official website] | CANDIDATES: [] | SELECTED: "" | CONFIDENCE: FAILED | TIME: 0ms | REASON: Resolved via readymade-fallback
[2026-08-10T13:17:18.756Z] COMPANY: "FORCE MOTORS LTD" | QUERIES: ["FORCE MOTORS LTD" official website] | CANDIDATES: [] | SELECTED: "" | CONFIDENCE: FAILED | TIME: 0ms | REASON: Resolved via readymade-fallback
[2026-08-10T13:17:18.761Z] COMPANY: "Fortis Healthcare Limited" | QUERIES: ["Fortis Healthcare Limited" official website] | CANDIDATES: [] | SELECTED: "" | CONFIDENCE: FAILED | TIME: 0ms | REASON: Resolved via readymade-fallback
[2026-08-10T13:17:18.762Z] COMPANY: "Foseco India Limited" | QUERIES: ["Foseco India Limited" official website] | CANDIDATES: [] | SELECTED: "" | CONFIDENCE: FAILED | TIME: 0ms | REASON: Resolved via readymade-fallback
[2026-08-10T13:17:18.767Z] COMPANY: "Fractal Analytics Limited" | QUERIES: ["Fractal Analytics Limited" official website] | CANDIDATES: [] | SELECTED: "" | CONFIDENCE: FAILED | TIME: 0ms | REASON: Resolved via readymade-fallback
[2026-08-10T13:17:18.769Z] COMPANY: "Frontier Springs Limited" | QUERIES: ["Frontier Springs Limited" official website] | CANDIDATES: [] | SELECTED: "" | CONFIDENCE: FAILED | TIME: 0ms | REASON: Resolved via readymade-fallback
[2026-08-10T13:17:18.772Z] COMPANY: "Firstsource Solutions Limited" | QUERIES: ["Firstsource Solutions Limited" official website] | CANDIDATES: [] | SELECTED: "" | CONFIDENCE: FAILED | TIME: 0ms | REASON: Resolved via readymade-fallback
[2026-08-10T13:17:18.775Z] COMPANY: "Fusion Finance Limited" | QUERIES: ["Fusion Finance Limited" official website] | CANDIDATES: [] | SELECTED: "" | CONFIDENCE: FAILED | TIME: 0ms | REASON: Resolved via readymade-fallback
[2026-08-10T13:17:18.778Z] COMPANY: "Gabriel India Limited" | QUERIES: ["Gabriel India Limited" official website] | CANDIDATES: [] | SELECTED: "" | CONFIDENCE: FAILED | TIME: 0ms | REASON: Resolved via readymade-fallback
[2026-08-10T13:17:18.783Z] COMPANY: "Gujarat Ambuja Exports Limited" | QUERIES: ["Gujarat Ambuja Exports Limited" official website] | CANDIDATES: [] | SELECTED: "" | CONFIDENCE: FAILED | TIME: 0ms | REASON: Resolved via readymade-fallback
[2026-08-10T13:17:18.786Z] COMPANY: "GAIL (India) Limited" | QUERIES: ["GAIL (India) Limited" official website] | CANDIDATES: [] | SELECTED: "" | CONFIDENCE: FAILED | TIME: 0ms | REASON: Resolved via readymade-fallback
[2026-08-10T13:17:18.787Z] COMPANY: "Gala Precision Engineering Limited" | QUERIES: ["Gala Precision Engineering Limited" official website] | CANDIDATES: [] | SELECTED: "" | CONFIDENCE: FAILED | TIME: 0ms | REASON: Resolved via readymade-fallback
[2026-08-10T13:17:18.793Z] COMPANY: "Galaxy Surfactants Limited" | QUERIES: ["Galaxy Surfactants Limited" official website] | CANDIDATES: [] | SELECTED: "" | CONFIDENCE: FAILED | TIME: 0ms | REASON: Resolved via readymade-fallback
[2026-08-10T13:17:18.795Z] COMPANY: "Gallantt Ispat Limited" | QUERIES: ["Gallantt Ispat Limited" official website] | CANDIDATES: [] | SELECTED: "" | CONFIDENCE: FAILED | TIME: 0ms | REASON: Resolved via readymade-fallback
[2026-08-10T13:17:18.798Z] COMPANY: "Gandhar Oil Refinery (India) Limited" | QUERIES: ["Gandhar Oil Refinery (India) Limited" official website] | CANDIDATES: [] | SELECTED: "" | CONFIDENCE: FAILED | TIME: 0ms | REASON: Resolved via readymade-fallback
[2026-08-10T13:17:18.800Z] COMPANY: "Gandhi Special Tubes Limited" | QUERIES: ["Gandhi Special Tubes Limited" official website] | CANDIDATES: [] | SELECTED: "" | CONFIDENCE: FAILED | TIME: 0ms | REASON: Resolved via readymade-fallback
[2026-08-10T13:17:18.805Z] COMPANY: "Ganesha Ecosphere Limited" | QUERIES: ["Ganesha Ecosphere Limited" official website] | CANDIDATES: [] | SELECTED: "" | CONFIDENCE: FAILED | TIME: 0ms | REASON: Resolved via readymade-fallback
[2026-08-10T13:17:18.807Z] COMPANY: "Ganesh Benzoplast Limited" | QUERIES: ["Ganesh Benzoplast Limited" official website] | CANDIDATES: [] | SELECTED: "" | CONFIDENCE: FAILED | TIME: 0ms | REASON: Resolved via readymade-fallback
[2026-08-10T13:17:18.812Z] COMPANY: "Ganesh Consumer Products Limited" | QUERIES: ["Ganesh Consumer Products Limited" official website] | CANDIDATES: [] | SELECTED: "" | CONFIDENCE: FAILED | TIME: 0ms | REASON: Resolved via readymade-fallback
[2026-08-10T13:17:18.814Z] COMPANY: "GANESH HOUSING LIMITED" | QUERIES: ["GANESH HOUSING LIMITED" official website] | CANDIDATES: [] | SELECTED: "" | CONFIDENCE: FAILED | TIME: 0ms | REASON: Resolved via readymade-fallback
[2026-08-10T13:17:18.819Z] COMPANY: "Ganga Forging Limited" | QUERIES: ["Ganga Forging Limited" official website] | CANDIDATES: [] | SELECTED: "" | CONFIDENCE: FAILED | TIME: 0ms | REASON: Resolved via readymade-fallback
[2026-08-10T13:17:18.823Z] COMPANY: "Ganges Securities Limited" | QUERIES: ["Ganges Securities Limited" official website] | CANDIDATES: [] | SELECTED: "" | CONFIDENCE: FAILED | TIME: 0ms | REASON: Resolved via readymade-fallback
[2026-08-10T13:17:18.828Z] COMPANY: "Garware Technical Fibres Limited" | QUERIES: ["Garware Technical Fibres Limited" official website] | CANDIDATES: [] | SELECTED: "" | CONFIDENCE: FAILED | TIME: 0ms | REASON: Resolved via readymade-fallback
[2026-08-10T13:17:18.831Z] COMPANY: "Garuda Construction and Engineering Limited" | QUERIES: ["Garuda Construction and Engineering Limited" official website] | CANDIDATES: [] | SELECTED: "" | CONFIDENCE: FAILED | TIME: 0ms | REASON: Resolved via readymade-fallback
[2026-08-10T13:17:18.835Z] COMPANY: "GACM Technologies Limited" | QUERIES: ["GACM Technologies Limited" official website] | CANDIDATES: [] | SELECTED: "" | CONFIDENCE: FAILED | TIME: 0ms | REASON: Resolved via readymade-fallback
[2026-08-10T13:17:18.837Z] COMPANY: "GACM Technologies Limited" | QUERIES: ["GACM Technologies Limited" official website] | CANDIDATES: [] | SELECTED: "" | CONFIDENCE: FAILED | TIME: 0ms | REASON: Resolved via readymade-fallback
[2026-08-10T13:17:18.844Z] COMPANY: "Gateway Distriparks Limited" | QUERIES: ["Gateway Distriparks Limited" official website] | CANDIDATES: [] | SELECTED: "" | CONFIDENCE: FAILED | TIME: 0ms | REASON: Resolved via readymade-fallback
[2026-08-10T13:17:18.848Z] COMPANY: "Gaudium IVF and Women Health Limited" | QUERIES: ["Gaudium IVF and Women Health Limited" official website] | CANDIDATES: [] | SELECTED: "" | CONFIDENCE: FAILED | TIME: 0ms | REASON: Resolved via readymade-fallback
[2026-08-10T13:17:18.855Z] COMPANY: "Gayatri Highways Limited" | QUERIES: ["Gayatri Highways Limited" official website] | CANDIDATES: [] | SELECTED: "" | CONFIDENCE: FAILED | TIME: 0ms | REASON: Resolved via readymade-fallback
[2026-08-10T13:17:18.862Z] COMPANY: "Gayatri Projects Limited" | QUERIES: ["Gayatri Projects Limited" official website] | CANDIDATES: [] | SELECTED: "" | CONFIDENCE: FAILED | TIME: 0ms | REASON: Resolved via readymade-fallback
[2026-08-10T13:17:18.864Z] COMPANY: "Gretex Corporate Services Limited" | QUERIES: ["Gretex Corporate Services Limited" official website] | CANDIDATES: [] | SELECTED: "" | CONFIDENCE: FAILED | TIME: 0ms | REASON: Resolved via readymade-fallback
[2026-08-10T13:17:18.873Z] COMPANY: "GeeCee Ventures Limited" | QUERIES: ["GeeCee Ventures Limited" official website] | CANDIDATES: [] | SELECTED: "" | CONFIDENCE: FAILED | TIME: 0ms | REASON: Resolved via readymade-fallback
[2026-08-10T13:17:18.875Z] COMPANY: "Geekay Wires Limited" | QUERIES: ["Geekay Wires Limited" official website] | CANDIDATES: [] | SELECTED: "" | CONFIDENCE: FAILED | TIME: 0ms | REASON: Resolved via readymade-fallback
[2026-08-10T13:17:18.887Z] COMPANY: "Gem Aromatics Limited" | QUERIES: ["Gem Aromatics Limited" official website] | CANDIDATES: [] | SELECTED: "" | CONFIDENCE: FAILED | TIME: 1ms | REASON: Resolved via readymade-fallback
[2026-08-10T13:17:18.890Z] COMPANY: "Generic Engineering Construction and Projects Limited" | QUERIES: ["Generic Engineering Construction and Projects Limited" official website] | CANDIDATES: [] | SELECTED: "" | CONFIDENCE: FAILED | TIME: 0ms | REASON: Resolved via readymade-fallback
[2026-08-10T13:17:18.894Z] COMPANY: "Genesys International Corporation Limited" | QUERIES: ["Genesys International Corporation Limited" official website] | CANDIDATES: [] | SELECTED: "" | CONFIDENCE: FAILED | TIME: 0ms | REASON: Resolved via readymade-fallback
[2026-08-10T13:17:18.904Z] COMPANY: "Genus Paper & Boards Limited" | QUERIES: ["Genus Paper & Boards Limited" official website] | CANDIDATES: [] | SELECTED: "" | CONFIDENCE: FAILED | TIME: 0ms | REASON: Resolved via readymade-fallback
[2026-08-10T13:17:18.908Z] COMPANY: "Genus Power Infrastructures Limited" | QUERIES: ["Genus Power Infrastructures Limited" official website] | CANDIDATES: [] | SELECTED: "" | CONFIDENCE: FAILED | TIME: 0ms | REASON: Resolved via readymade-fallback
[2026-08-10T13:17:18.915Z] COMPANY: "Geojit Financial Services Limited" | QUERIES: ["Geojit Financial Services Limited" official website] | CANDIDATES: [] | SELECTED: "" | CONFIDENCE: FAILED | TIME: 0ms | REASON: Resolved via readymade-fallback
[2026-08-10T13:17:18.919Z] COMPANY: "The Great Eastern Shipping Company Limited" | QUERIES: ["The Great Eastern Shipping Company Limited" official website] | CANDIDATES: [] | SELECTED: "" | CONFIDENCE: FAILED | TIME: 0ms | REASON: Resolved via readymade-fallback
[2026-08-10T13:17:18.923Z] COMPANY: "GFL Limited" | QUERIES: ["GFL Limited" official website] | CANDIDATES: [] | SELECTED: "" | CONFIDENCE: FAILED | TIME: 0ms | REASON: Resolved via readymade-fallback
[2026-08-10T13:17:18.928Z] COMPANY: "GHCL Limited" | QUERIES: ["GHCL Limited" official website] | CANDIDATES: [] | SELECTED: "" | CONFIDENCE: FAILED | TIME: 0ms | REASON: Resolved via readymade-fallback
[2026-08-10T13:17:18.933Z] COMPANY: "GHCL Textiles Limited" | QUERIES: ["GHCL Textiles Limited" official website] | CANDIDATES: [] | SELECTED: "" | CONFIDENCE: FAILED | TIME: 0ms | REASON: Resolved via readymade-fallback
[2026-08-10T13:17:18.935Z] COMPANY: "GIC Housing Finance Limited" | QUERIES: ["GIC Housing Finance Limited" official website] | CANDIDATES: [] | SELECTED: "" | CONFIDENCE: FAILED | TIME: 0ms | REASON: Resolved via readymade-fallback
[2026-08-10T13:17:18.939Z] COMPANY: "Globe International Carriers Limited" | QUERIES: ["Globe International Carriers Limited" official website] | CANDIDATES: [] | SELECTED: "" | CONFIDENCE: FAILED | TIME: 0ms | REASON: Resolved via readymade-fallback
[2026-08-10T13:17:18.943Z] COMPANY: "General Insurance Corporation of India" | QUERIES: ["General Insurance Corporation of India" official website] | CANDIDATES: [] | SELECTED: "" | CONFIDENCE: FAILED | TIME: 0ms | REASON: Resolved via readymade-fallback
[2026-08-10T13:17:18.946Z] COMPANY: "Gillanders Arbuthnot & Company Limited" | QUERIES: ["Gillanders Arbuthnot & Company Limited" official website] | CANDIDATES: [] | SELECTED: "" | CONFIDENCE: FAILED | TIME: 0ms | REASON: Resolved via readymade-fallback
[2026-08-10T13:17:18.950Z] COMPANY: "Gillette India Limited" | QUERIES: ["Gillette India Limited" official website] | CANDIDATES: [] | SELECTED: "" | CONFIDENCE: FAILED | TIME: 0ms | REASON: Resolved via readymade-fallback
[2026-08-10T13:17:18.951Z] COMPANY: "Ginni Filaments Limited" | QUERIES: ["Ginni Filaments Limited" official website] | CANDIDATES: [] | SELECTED: "" | CONFIDENCE: FAILED | TIME: 0ms | REASON: Resolved via readymade-fallback
[2026-08-10T13:17:18.956Z] COMPANY: "Gujarat Industries Power Company Limited" | QUERIES: ["Gujarat Industries Power Company Limited" official website] | CANDIDATES: [] | SELECTED: "" | CONFIDENCE: FAILED | TIME: 0ms | REASON: Resolved via readymade-fallback
[2026-08-10T13:17:18.960Z] COMPANY: "GK Energy Limited" | QUERIES: ["GK Energy Limited" official website] | CANDIDATES: [] | SELECTED: "" | CONFIDENCE: FAILED | TIME: 0ms | REASON: Resolved via readymade-fallback
[2026-08-10T13:17:18.961Z] COMPANY: "Gujarat Kidney And Super Speciality Limited" | QUERIES: ["Gujarat Kidney And Super Speciality Limited" official website] | CANDIDATES: [] | SELECTED: "" | CONFIDENCE: FAILED | TIME: 0ms | REASON: Resolved via readymade-fallback
[2026-08-10T13:17:18.974Z] COMPANY: "GKW Limited" | QUERIES: ["GKW Limited" official website] | CANDIDATES: [] | SELECTED: "" | CONFIDENCE: FAILED | TIME: 2ms | REASON: Resolved via readymade-fallback
[2026-08-10T13:17:18.979Z] COMPANY: "Gland Pharma Limited" | QUERIES: ["Gland Pharma Limited" official website] | CANDIDATES: [] | SELECTED: "" | CONFIDENCE: FAILED | TIME: 3ms | REASON: Resolved via readymade-fallback
[2026-08-10T13:17:18.986Z] COMPANY: "GlaxoSmithKline Pharmaceuticals Limited" | QUERIES: ["GlaxoSmithKline Pharmaceuticals Limited" official website] | CANDIDATES: [] | SELECTED: "" | CONFIDENCE: FAILED | TIME: 3ms | REASON: Resolved via readymade-fallback
[2026-08-10T13:17:18.987Z] COMPANY: "Glenmark Pharmaceuticals Limited" | QUERIES: ["Glenmark Pharmaceuticals Limited" official website] | CANDIDATES: [] | SELECTED: "" | CONFIDENCE: FAILED | TIME: 0ms | REASON: Resolved via readymade-fallback
[2026-08-10T13:17:19.000Z] COMPANY: "Gujarat Lease Financing Limited" | QUERIES: ["Gujarat Lease Financing Limited" official website] | CANDIDATES: [] | SELECTED: "" | CONFIDENCE: FAILED | TIME: 2ms | REASON: Resolved via readymade-fallback
[2026-08-10T13:17:19.000Z] COMPANY: "Global Education Limited" | QUERIES: ["Global Education Limited" official website] | CANDIDATES: [] | SELECTED: "" | CONFIDENCE: FAILED | TIME: 0ms | REASON: Resolved via readymade-fallback
[2026-08-10T13:17:19.006Z] COMPANY: "Globale Tessile Limited" | QUERIES: ["Globale Tessile Limited" official website] | CANDIDATES: [] | SELECTED: "" | CONFIDENCE: FAILED | TIME: 0ms | REASON: Resolved via readymade-fallback
[2026-08-10T13:17:19.009Z] COMPANY: "Global Vectra Helicorp Limited" | QUERIES: ["Global Vectra Helicorp Limited" official website] | CANDIDATES: [] | SELECTED: "" | CONFIDENCE: FAILED | TIME: 0ms | REASON: Resolved via readymade-fallback
[2026-08-10T13:17:19.009Z] COMPANY: "GLOBE ENTERPRISES (INDIA) LIMITED" | QUERIES: ["GLOBE ENTERPRISES (INDIA) LIMITED" official website] | CANDIDATES: [] | SELECTED: "" | CONFIDENCE: FAILED | TIME: 0ms | REASON: Resolved via readymade-fallback
[2026-08-10T13:17:19.014Z] COMPANY: "Globe Civil Projects Limited" | QUERIES: ["Globe Civil Projects Limited" official website] | CANDIDATES: [] | SELECTED: "" | CONFIDENCE: FAILED | TIME: 0ms | REASON: Resolved via readymade-fallback
[2026-08-10T13:17:19.017Z] COMPANY: "Globus Spirits Limited" | QUERIES: ["Globus Spirits Limited" official website] | CANDIDATES: [] | SELECTED: "" | CONFIDENCE: FAILED | TIME: 0ms | REASON: Resolved via readymade-fallback
[2026-08-10T13:17:19.032Z] COMPANY: "Gloster Limited" | QUERIES: ["Gloster Limited" official website] | CANDIDATES: [] | SELECTED: "" | CONFIDENCE: FAILED | TIME: 0ms | REASON: Resolved via readymade-fallback
[2026-08-10T13:17:19.033Z] COMPANY: "Glottis Limited" | QUERIES: ["Glottis Limited" official website] | CANDIDATES: [] | SELECTED: "" | CONFIDENCE: FAILED | TIME: 0ms | REASON: Resolved via readymade-fallback
[2026-08-10T13:17:19.034Z] COMPANY: "GM Breweries Limited" | QUERIES: ["GM Breweries Limited" official website] | CANDIDATES: [] | SELECTED: "" | CONFIDENCE: FAILED | TIME: 0ms | REASON: Resolved via readymade-fallback
[2026-08-10T13:17:19.038Z] COMPANY: "Gujarat Mineral Development Corporation Limited" | QUERIES: ["Gujarat Mineral Development Corporation Limited" official website] | CANDIDATES: [] | SELECTED: "" | CONFIDENCE: FAILED | TIME: 0ms | REASON: Resolved via readymade-fallback
[2026-08-10T13:17:19.039Z] COMPANY: "GMM Pfaudler Limited" | QUERIES: ["GMM Pfaudler Limited" official website] | CANDIDATES: [] | SELECTED: "" | CONFIDENCE: FAILED | TIME: 0ms | REASON: Resolved via readymade-fallback
[2026-08-10T13:17:19.051Z] COMPANY: "GMR AIRPORTS LIMITED" | QUERIES: ["GMR AIRPORTS LIMITED" official website] | CANDIDATES: [] | SELECTED: "" | CONFIDENCE: FAILED | TIME: 0ms | REASON: Resolved via readymade-fallback
[2026-08-10T13:17:19.056Z] COMPANY: "GMR Power and Urban Infra Limited" | QUERIES: ["GMR Power and Urban Infra Limited" official website] | CANDIDATES: [] | SELECTED: "" | CONFIDENCE: FAILED | TIME: 0ms | REASON: Resolved via readymade-fallback
[2026-08-10T13:17:19.057Z] COMPANY: "GNA Axles Limited" | QUERIES: ["GNA Axles Limited" official website] | CANDIDATES: [] | SELECTED: "" | CONFIDENCE: FAILED | TIME: 0ms | REASON: Resolved via readymade-fallback
[2026-08-10T13:17:19.072Z] COMPANY: "Gujarat Narmada Valley Fertilizers and Chemicals Limited" | QUERIES: ["Gujarat Narmada Valley Fertilizers and Chemicals Limited" official website] | CANDIDATES: [] | SELECTED: "" | CONFIDENCE: FAILED | TIME: 0ms | REASON: Resolved via readymade-fallback
[2026-08-10T13:17:19.074Z] COMPANY: "Gujarat Natural Resources Limited" | QUERIES: ["Gujarat Natural Resources Limited" official website] | CANDIDATES: [] | SELECTED: "" | CONFIDENCE: FAILED | TIME: 0ms | REASON: Resolved via readymade-fallback
[2026-08-10T13:17:19.075Z] COMPANY: "Goa Carbon Limited" | QUERIES: ["Goa Carbon Limited" official website] | CANDIDATES: [] | SELECTED: "" | CONFIDENCE: FAILED | TIME: 0ms | REASON: Resolved via readymade-fallback
[2026-08-10T13:17:19.083Z] COMPANY: "GOCL Corporation Limited" | QUERIES: ["GOCL Corporation Limited" official website] | CANDIDATES: [] | SELECTED: "" | CONFIDENCE: FAILED | TIME: 0ms | REASON: Resolved via readymade-fallback
[2026-08-10T13:17:19.084Z] COMPANY: "Go Fashion (India) Limited" | QUERIES: ["Go Fashion (India) Limited" official website] | CANDIDATES: [] | SELECTED: "" | CONFIDENCE: FAILED | TIME: 0ms | REASON: Resolved via readymade-fallback
[2026-08-10T13:17:19.086Z] COMPANY: "Godavari Biorefineries Limited" | QUERIES: ["Godavari Biorefineries Limited" official website] | CANDIDATES: [] | SELECTED: "" | CONFIDENCE: FAILED | TIME: 0ms | REASON: Resolved via readymade-fallback
[2026-08-10T13:17:19.087Z] COMPANY: "Godfrey Phillips India Limited" | QUERIES: ["Godfrey Phillips India Limited" official website] | CANDIDATES: [] | SELECTED: "" | CONFIDENCE: FAILED | TIME: 0ms | REASON: Resolved via readymade-fallback
[2026-08-10T13:17:19.088Z] COMPANY: "Go Digit General Insurance Limited" | QUERIES: ["Go Digit General Insurance Limited" official website] | CANDIDATES: [] | SELECTED: "" | CONFIDENCE: FAILED | TIME: 0ms | REASON: Resolved via readymade-fallback
[2026-08-10T13:17:19.090Z] COMPANY: "Godrej Agrovet Limited" | QUERIES: ["Godrej Agrovet Limited" official website] | CANDIDATES: [] | SELECTED: "" | CONFIDENCE: FAILED | TIME: 0ms | REASON: Resolved via readymade-fallback
[2026-08-10T13:17:19.091Z] COMPANY: "Godrej Consumer Products Limited" | QUERIES: ["Godrej Consumer Products Limited" official website] | CANDIDATES: [] | SELECTED: "" | CONFIDENCE: FAILED | TIME: 0ms | REASON: Resolved via readymade-fallback
[2026-08-10T13:17:19.092Z] COMPANY: "Godrej Industries Limited" | QUERIES: ["Godrej Industries Limited" official website] | CANDIDATES: [] | SELECTED: "" | CONFIDENCE: FAILED | TIME: 1ms | REASON: Resolved via readymade-fallback
[2026-08-10T13:17:19.094Z] COMPANY: "Godrej Properties Limited" | QUERIES: ["Godrej Properties Limited" official website] | CANDIDATES: [] | SELECTED: "" | CONFIDENCE: FAILED | TIME: 0ms | REASON: Resolved via readymade-fallback
[2026-08-10T13:17:19.095Z] COMPANY: "Gokaldas Exports Limited" | QUERIES: ["Gokaldas Exports Limited" official website] | CANDIDATES: [] | SELECTED: "" | CONFIDENCE: FAILED | TIME: 0ms | REASON: Resolved via readymade-fallback
[2026-08-10T13:17:19.101Z] COMPANY: "Gokul Refoils and Solvent Limited" | QUERIES: ["Gokul Refoils and Solvent Limited" official website] | CANDIDATES: [] | SELECTED: "" | CONFIDENCE: FAILED | TIME: 0ms | REASON: Resolved via readymade-fallback
[2026-08-10T13:17:19.105Z] COMPANY: "Gokul Agro Resources Limited" | QUERIES: ["Gokul Agro Resources Limited" official website] | CANDIDATES: [] | SELECTED: "" | CONFIDENCE: FAILED | TIME: 0ms | REASON: Resolved via readymade-fallback
[2026-08-10T13:17:19.109Z] COMPANY: "Golden Tobacco Limited" | QUERIES: ["Golden Tobacco Limited" official website] | CANDIDATES: [] | SELECTED: "" | CONFIDENCE: FAILED | TIME: 0ms | REASON: Resolved via readymade-fallback
[2026-08-10T13:17:19.112Z] COMPANY: "Goldiam International Limited" | QUERIES: ["Goldiam International Limited" official website] | CANDIDATES: [] | SELECTED: "" | CONFIDENCE: FAILED | TIME: 0ms | REASON: Resolved via readymade-fallback
[2026-08-10T13:17:19.116Z] COMPANY: "AION-TECH SOLUTIONS LIMITED" | QUERIES: ["AION-TECH SOLUTIONS LIMITED" official website] | CANDIDATES: [] | SELECTED: "" | CONFIDENCE: FAILED | TIME: 0ms | REASON: Resolved via readymade-fallback
[2026-08-10T13:17:19.119Z] COMPANY: "Goodluck India Limited" | QUERIES: ["Goodluck India Limited" official website] | CANDIDATES: [] | SELECTED: "" | CONFIDENCE: FAILED | TIME: 0ms | REASON: Resolved via readymade-fallback
[2026-08-10T13:17:19.123Z] COMPANY: "Goodyear India Limited" | QUERIES: ["Goodyear India Limited" official website] | CANDIDATES: [] | SELECTED: "" | CONFIDENCE: FAILED | TIME: 0ms | REASON: Resolved via readymade-fallback
[2026-08-10T13:17:19.125Z] COMPANY: "Gopal Snacks Limited" | QUERIES: ["Gopal Snacks Limited" official website] | CANDIDATES: [] | SELECTED: "" | CONFIDENCE: FAILED | TIME: 0ms | REASON: Resolved via readymade-fallback
[2026-08-10T13:17:19.129Z] COMPANY: "Goyal Aluminiums Limited" | QUERIES: ["Goyal Aluminiums Limited" official website] | CANDIDATES: [] | SELECTED: "" | CONFIDENCE: FAILED | TIME: 0ms | REASON: Resolved via readymade-fallback
[2026-08-10T13:17:19.135Z] COMPANY: "Godawari Power And Ispat limited" | QUERIES: ["Godawari Power And Ispat limited" official website] | CANDIDATES: [] | SELECTED: "" | CONFIDENCE: FAILED | TIME: 0ms | REASON: Resolved via readymade-fallback
[2026-08-10T13:17:19.137Z] COMPANY: "Gujarat Pipavav Port Limited" | QUERIES: ["Gujarat Pipavav Port Limited" official website] | CANDIDATES: [] | SELECTED: "" | CONFIDENCE: FAILED | TIME: 0ms | REASON: Resolved via readymade-fallback
[2026-08-10T13:17:19.138Z] COMPANY: "GPT Healthcare Limited" | QUERIES: ["GPT Healthcare Limited" official website] | CANDIDATES: [] | SELECTED: "" | CONFIDENCE: FAILED | TIME: 0ms | REASON: Resolved via readymade-fallback
[2026-08-10T13:17:19.139Z] COMPANY: "GPT Infraprojects Limited" | QUERIES: ["GPT Infraprojects Limited" official website] | CANDIDATES: [] | SELECTED: "" | CONFIDENCE: FAILED | TIME: 0ms | REASON: Resolved via readymade-fallback
[2026-08-10T13:17:19.147Z] COMPANY: "Gradiente Infotainment Limited" | QUERIES: ["Gradiente Infotainment Limited" official website] | CANDIDATES: [] | SELECTED: "" | CONFIDENCE: FAILED | TIME: 0ms | REASON: Resolved via readymade-fallback
[2026-08-10T13:17:19.152Z] COMPANY: "Grand Oak Canyons Distillery Limited" | QUERIES: ["Grand Oak Canyons Distillery Limited" official website] | CANDIDATES: [] | SELECTED: "" | CONFIDENCE: FAILED | TIME: 0ms | REASON: Resolved via readymade-fallback
[2026-08-10T13:17:19.162Z] COMPANY: "Granules India Limited" | QUERIES: ["Granules India Limited" official website] | CANDIDATES: [] | SELECTED: "" | CONFIDENCE: FAILED | TIME: 0ms | REASON: Resolved via readymade-fallback
[2026-08-10T13:17:19.163Z] COMPANY: "Graphite India Limited" | QUERIES: ["Graphite India Limited" official website] | CANDIDATES: [] | SELECTED: "" | CONFIDENCE: FAILED | TIME: 0ms | REASON: Resolved via readymade-fallback
[2026-08-10T13:17:19.167Z] COMPANY: "Grasim Industries Limited" | QUERIES: ["Grasim Industries Limited" official website] | CANDIDATES: [] | SELECTED: "" | CONFIDENCE: FAILED | TIME: 0ms | REASON: Resolved via readymade-fallback
[2026-08-10T13:17:19.170Z] COMPANY: "Grauer & Weil India Limited" | QUERIES: ["Grauer & Weil India Limited" official website] | CANDIDATES: [] | SELECTED: "" | CONFIDENCE: FAILED | TIME: 0ms | REASON: Resolved via readymade-fallback
[2026-08-10T13:17:19.172Z] COMPANY: "Graviss Hospitality Limited" | QUERIES: ["Graviss Hospitality Limited" official website] | CANDIDATES: [] | SELECTED: "" | CONFIDENCE: FAILED | TIME: 0ms | REASON: Resolved via readymade-fallback
[2026-08-10T13:17:19.174Z] COMPANY: "Gravita India Limited" | QUERIES: ["Gravita India Limited" official website] | CANDIDATES: [] | SELECTED: "" | CONFIDENCE: FAILED | TIME: 0ms | REASON: Resolved via readymade-fallback
[2026-08-10T13:17:19.176Z] COMPANY: "Greaves Cotton Limited" | QUERIES: ["Greaves Cotton Limited" official website] | CANDIDATES: [] | SELECTED: "" | CONFIDENCE: FAILED | TIME: 0ms | REASON: Resolved via readymade-fallback
[2026-08-10T13:17:19.179Z] COMPANY: "Greenlam Industries Limited" | QUERIES: ["Greenlam Industries Limited" official website] | CANDIDATES: [] | SELECTED: "" | CONFIDENCE: FAILED | TIME: 0ms | REASON: Resolved via readymade-fallback
[2026-08-10T13:17:19.182Z] COMPANY: "Greenpanel Industries Limited" | QUERIES: ["Greenpanel Industries Limited" official website] | CANDIDATES: [] | SELECTED: "" | CONFIDENCE: FAILED | TIME: 0ms | REASON: Resolved via readymade-fallback
[2026-08-10T13:17:19.185Z] COMPANY: "Greenply Industries Limited" | QUERIES: ["Greenply Industries Limited" official website] | CANDIDATES: [] | SELECTED: "" | CONFIDENCE: FAILED | TIME: 0ms | REASON: Resolved via readymade-fallback
[2026-08-10T13:17:19.187Z] COMPANY: "Orient Green Power Company Limited" | QUERIES: ["Orient Green Power Company Limited" official website] | CANDIDATES: [] | SELECTED: "" | CONFIDENCE: FAILED | TIME: 0ms | REASON: Resolved via readymade-fallback
[2026-08-10T13:17:19.188Z] COMPANY: "Grindwell Norton Limited" | QUERIES: ["Grindwell Norton Limited" official website] | CANDIDATES: [] | SELECTED: "" | CONFIDENCE: FAILED | TIME: 0ms | REASON: Resolved via readymade-fallback
[2026-08-10T13:17:19.189Z] COMPANY: "G R Infraprojects Limited" | QUERIES: ["G R Infraprojects Limited" official website] | CANDIDATES: [] | SELECTED: "" | CONFIDENCE: FAILED | TIME: 0ms | REASON: Resolved via readymade-fallback
[2026-08-10T13:17:19.190Z] COMPANY: "GRM Overseas Limited" | QUERIES: ["GRM Overseas Limited" official website] | CANDIDATES: [] | SELECTED: "" | CONFIDENCE: FAILED | TIME: 0ms | REASON: Resolved via readymade-fallback
[2026-08-10T13:17:19.191Z] COMPANY: "The Grob Tea Company Limited" | QUERIES: ["The Grob Tea Company Limited" official website] | CANDIDATES: [] | SELECTED: "" | CONFIDENCE: FAILED | TIME: 0ms | REASON: Resolved via readymade-fallback
[2026-08-10T13:17:19.192Z] COMPANY: "Billionbrains Garage Ventures Limited" | QUERIES: ["Billionbrains Garage Ventures Limited" official website] | CANDIDATES: [] | SELECTED: "" | CONFIDENCE: FAILED | TIME: 0ms | REASON: Resolved via readymade-fallback
[2026-08-10T13:17:19.194Z] COMPANY: "GRP Limited" | QUERIES: ["GRP Limited" official website] | CANDIDATES: [] | SELECTED: "" | CONFIDENCE: FAILED | TIME: 0ms | REASON: Resolved via readymade-fallback
[2026-08-10T13:17:19.195Z] COMPANY: "Garden Reach Shipbuilders & Engineers Limited" | QUERIES: ["Garden Reach Shipbuilders & Engineers Limited" official website] | CANDIDATES: [] | SELECTED: "" | CONFIDENCE: FAILED | TIME: 0ms | REASON: Resolved via readymade-fallback
[2026-08-10T13:17:19.197Z] COMPANY: "Garware Hi-Tech Films Limited" | QUERIES: ["Garware Hi-Tech Films Limited" official website] | CANDIDATES: [] | SELECTED: "" | CONFIDENCE: FAILED | TIME: 0ms | REASON: Resolved via readymade-fallback
[2026-08-10T13:17:19.198Z] COMPANY: "Gujarat State Fertilizers & Chemicals Limited" | QUERIES: ["Gujarat State Fertilizers & Chemicals Limited" official website] | CANDIDATES: [] | SELECTED: "" | CONFIDENCE: FAILED | TIME: 0ms | REASON: Resolved via readymade-fallback
[2026-08-10T13:17:19.204Z] COMPANY: "Global Surfaces Limited" | QUERIES: ["Global Surfaces Limited" official website] | CANDIDATES: [] | SELECTED: "" | CONFIDENCE: FAILED | TIME: 0ms | REASON: Resolved via readymade-fallback
[2026-08-10T13:17:19.214Z] COMPANY: "GSP Crop Science Limited" | QUERIES: ["GSP Crop Science Limited" official website] | CANDIDATES: [] | SELECTED: "" | CONFIDENCE: FAILED | TIME: 0ms | REASON: Resolved via readymade-fallback
[2026-08-10T13:17:19.222Z] COMPANY: "GSS Infotech Limited" | QUERIES: ["GSS Infotech Limited" official website] | CANDIDATES: [] | SELECTED: "" | CONFIDENCE: FAILED | TIME: 0ms | REASON: Resolved via readymade-fallback
[2026-08-10T13:17:19.228Z] COMPANY: "G-TEC JAINX EDUCATION LIMITED" | QUERIES: ["G-TEC JAINX EDUCATION LIMITED" official website] | CANDIDATES: [] | SELECTED: "" | CONFIDENCE: FAILED | TIME: 0ms | REASON: Resolved via readymade-fallback
[2026-08-10T13:17:19.235Z] COMPANY: "GTL Limited" | QUERIES: ["GTL Limited" official website] | CANDIDATES: [] | SELECTED: "" | CONFIDENCE: FAILED | TIME: 0ms | REASON: Resolved via readymade-fallback
[2026-08-10T13:17:19.239Z] COMPANY: "GTL Infrastructure Limited" | QUERIES: ["GTL Infrastructure Limited" official website] | CANDIDATES: [] | SELECTED: "" | CONFIDENCE: FAILED | TIME: 0ms | REASON: Resolved via readymade-fallback
[2026-08-10T13:17:19.241Z] COMPANY: "GTPL Hathway Limited" | QUERIES: ["GTPL Hathway Limited" official website] | CANDIDATES: [] | SELECTED: "" | CONFIDENCE: FAILED | TIME: 0ms | REASON: Resolved via readymade-fallback
[2026-08-10T13:17:19.243Z] COMPANY: "Gufic Biosciences Limited" | QUERIES: ["Gufic Biosciences Limited" official website] | CANDIDATES: [] | SELECTED: "" | CONFIDENCE: FAILED | TIME: 0ms | REASON: Resolved via readymade-fallback
[2026-08-10T13:17:19.245Z] COMPANY: "Gujarat Alkalies and Chemicals Limited" | QUERIES: ["Gujarat Alkalies and Chemicals Limited" official website] | CANDIDATES: [] | SELECTED: "" | CONFIDENCE: FAILED | TIME: 0ms | REASON: Resolved via readymade-fallback
[2026-08-10T13:17:19.247Z] COMPANY: "Gujarat Apollo Industries Limited" | QUERIES: ["Gujarat Apollo Industries Limited" official website] | CANDIDATES: [] | SELECTED: "" | CONFIDENCE: FAILED | TIME: 0ms | REASON: Resolved via readymade-fallback
[2026-08-10T13:17:19.250Z] COMPANY: "GUJARAT ENERGY LIMITED" | QUERIES: ["GUJARAT ENERGY LIMITED" official website] | CANDIDATES: [] | SELECTED: "" | CONFIDENCE: FAILED | TIME: 0ms | REASON: Resolved via readymade-fallback
[2026-08-10T13:17:19.251Z] COMPANY: "Gujarat Raffia Industries Limited" | QUERIES: ["Gujarat Raffia Industries Limited" official website] | CANDIDATES: [] | SELECTED: "" | CONFIDENCE: FAILED | TIME: 0ms | REASON: Resolved via readymade-fallback
[2026-08-10T13:17:19.252Z] COMPANY: "Gujarat Themis Biosyn Limited" | QUERIES: ["Gujarat Themis Biosyn Limited" official website] | CANDIDATES: [] | SELECTED: "" | CONFIDENCE: FAILED | TIME: 0ms | REASON: Resolved via readymade-fallback
[2026-08-10T13:17:19.255Z] COMPANY: "Gulf Oil Lubricants India Limited" | QUERIES: ["Gulf Oil Lubricants India Limited" official website] | CANDIDATES: [] | SELECTED: "" | CONFIDENCE: FAILED | TIME: 0ms | REASON: Resolved via readymade-fallback
[2026-08-10T13:17:19.258Z] COMPANY: "GP Petroleums Limited" | QUERIES: ["GP Petroleums Limited" official website] | CANDIDATES: [] | SELECTED: "" | CONFIDENCE: FAILED | TIME: 0ms | REASON: Resolved via readymade-fallback
[2026-08-10T13:17:19.261Z] COMPANY: "Gulshan Polyols Limited" | QUERIES: ["Gulshan Polyols Limited" official website] | CANDIDATES: [] | SELECTED: "" | CONFIDENCE: FAILED | TIME: 0ms | REASON: Resolved via readymade-fallback
[2026-08-10T13:17:19.265Z] COMPANY: "GVK Power & Infrastructure Limited" | QUERIES: ["GVK Power & Infrastructure Limited" official website] | CANDIDATES: [] | SELECTED: "" | CONFIDENCE: FAILED | TIME: 0ms | REASON: Resolved via readymade-fallback
[2026-08-10T13:17:19.268Z] COMPANY: "GE Power India Limited" | QUERIES: ["GE Power India Limited" official website] | CANDIDATES: [] | SELECTED: "" | CONFIDENCE: FAILED | TIME: 0ms | REASON: Resolved via readymade-fallback
[2026-08-10T13:17:19.271Z] COMPANY: "GVP Infotech Limited" | QUERIES: ["GVP Infotech Limited" official website] | CANDIDATES: [] | SELECTED: "" | CONFIDENCE: FAILED | TIME: 0ms | REASON: Resolved via readymade-fallback
[2026-08-10T13:17:19.274Z] COMPANY: "GE Vernova T&D India Limited" | QUERIES: ["GE Vernova T&D India Limited" official website] | CANDIDATES: [] | SELECTED: "" | CONFIDENCE: FAILED | TIME: 0ms | REASON: Resolved via readymade-fallback
[2026-08-10T13:17:19.275Z] COMPANY: "Gyftr Limited" | QUERIES: ["Gyftr Limited" official website] | CANDIDATES: [] | SELECTED: "" | CONFIDENCE: FAILED | TIME: 0ms | REASON: Resolved via readymade-fallback
[2026-08-10T13:17:19.277Z] COMPANY: "Hindustan Aeronautics Limited" | QUERIES: ["Hindustan Aeronautics Limited" official website] | CANDIDATES: [] | SELECTED: "" | CONFIDENCE: FAILED | TIME: 0ms | REASON: Resolved via readymade-fallback
[2026-08-10T13:17:19.280Z] COMPANY: "Halder Venture Limited" | QUERIES: ["Halder Venture Limited" official website] | CANDIDATES: [] | SELECTED: "" | CONFIDENCE: FAILED | TIME: 0ms | REASON: Resolved via readymade-fallback
[2026-08-10T13:17:19.283Z] COMPANY: "Haldyn Glass Limited" | QUERIES: ["Haldyn Glass Limited" official website] | CANDIDATES: [] | SELECTED: "" | CONFIDENCE: FAILED | TIME: 0ms | REASON: Resolved via readymade-fallback
[2026-08-10T13:17:19.287Z] COMPANY: "HALEOS LABS LIMITED" | QUERIES: ["HALEOS LABS LIMITED" official website] | CANDIDATES: [] | SELECTED: "" | CONFIDENCE: FAILED | TIME: 0ms | REASON: Resolved via readymade-fallback
[2026-08-10T13:17:19.294Z] COMPANY: "Happiest Minds Technologies Limited" | QUERIES: ["Happiest Minds Technologies Limited" official website] | CANDIDATES: [] | SELECTED: "" | CONFIDENCE: FAILED | TIME: 0ms | REASON: Resolved via readymade-fallback
[2026-08-10T13:17:19.305Z] COMPANY: "Happy Forgings Limited" | QUERIES: ["Happy Forgings Limited" official website] | CANDIDATES: [] | SELECTED: "" | CONFIDENCE: FAILED | TIME: 0ms | REASON: Resolved via readymade-fallback
[2026-08-10T13:17:19.308Z] COMPANY: "Hardwyn India Limited" | QUERIES: ["Hardwyn India Limited" official website] | CANDIDATES: [] | SELECTED: "" | CONFIDENCE: FAILED | TIME: 0ms | REASON: Resolved via readymade-fallback
[2026-08-10T13:17:19.310Z] COMPANY: "Hariom Pipe Industries Limited" | QUERIES: ["Hariom Pipe Industries Limited" official website] | CANDIDATES: [] | SELECTED: "" | CONFIDENCE: FAILED | TIME: 0ms | REASON: Resolved via readymade-fallback
[2026-08-10T13:17:19.316Z] COMPANY: "Harrisons  Malayalam Limited" | QUERIES: ["Harrisons  Malayalam Limited" official website] | CANDIDATES: [] | SELECTED: "" | CONFIDENCE: FAILED | TIME: 0ms | REASON: Resolved via readymade-fallback
[2026-08-10T13:17:19.321Z] COMPANY: "Harsha Engineers International Limited" | QUERIES: ["Harsha Engineers International Limited" official website] | CANDIDATES: [] | SELECTED: "" | CONFIDENCE: FAILED | TIME: 0ms | REASON: Resolved via readymade-fallback
[2026-08-10T13:17:19.327Z] COMPANY: "Hathway Cable & Datacom Limited" | QUERIES: ["Hathway Cable & Datacom Limited" official website] | CANDIDATES: [] | SELECTED: "" | CONFIDENCE: FAILED | TIME: 0ms | REASON: Resolved via readymade-fallback
[2026-08-10T13:17:19.328Z] COMPANY: "Hatsun Agro Product Limited" | QUERIES: ["Hatsun Agro Product Limited" official website] | CANDIDATES: [] | SELECTED: "" | CONFIDENCE: FAILED | TIME: 0ms | REASON: Resolved via readymade-fallback
[2026-08-10T13:17:19.331Z] COMPANY: "Havells India Limited" | QUERIES: ["Havells India Limited" official website] | CANDIDATES: [] | SELECTED: "" | CONFIDENCE: FAILED | TIME: 0ms | REASON: Resolved via readymade-fallback
[2026-08-10T13:17:19.339Z] COMPANY: "Sri Havisha Hospitality and Infrastructure Limited" | QUERIES: ["Sri Havisha Hospitality and Infrastructure Limited" official website] | CANDIDATES: [] | SELECTED: "" | CONFIDENCE: FAILED | TIME: 0ms | REASON: Resolved via readymade-fallback
[2026-08-10T13:17:19.351Z] COMPANY: "Hawkins Cookers Limited" | QUERIES: ["Hawkins Cookers Limited" official website] | CANDIDATES: [] | SELECTED: "" | CONFIDENCE: FAILED | TIME: 0ms | REASON: Resolved via readymade-fallback
[2026-08-10T13:17:19.351Z] COMPANY: "HB Estate Developers Limited" | QUERIES: ["HB Estate Developers Limited" official website] | CANDIDATES: [] | SELECTED: "" | CONFIDENCE: FAILED | TIME: 0ms | REASON: Resolved via readymade-fallback
[2026-08-10T13:17:19.352Z] COMPANY: "HBL Engineering Limited" | QUERIES: ["HBL Engineering Limited" official website] | CANDIDATES: [] | SELECTED: "" | CONFIDENCE: FAILED | TIME: 0ms | REASON: Resolved via readymade-fallback
[2026-08-10T13:17:19.356Z] COMPANY: "HB Stockholdings Limited" | QUERIES: ["HB Stockholdings Limited" official website] | CANDIDATES: [] | SELECTED: "" | CONFIDENCE: FAILED | TIME: 0ms | REASON: Resolved via readymade-fallback
[2026-08-10T13:17:19.359Z] COMPANY: "Hindustan Construction Company Limited" | QUERIES: ["Hindustan Construction Company Limited" official website] | CANDIDATES: [] | SELECTED: "" | CONFIDENCE: FAILED | TIME: 1ms | REASON: Resolved via readymade-fallback
[2026-08-10T13:17:19.364Z] COMPANY: "Healthcare Global Enterprises Limited" | QUERIES: ["Healthcare Global Enterprises Limited" official website] | CANDIDATES: [] | SELECTED: "" | CONFIDENCE: FAILED | TIME: 0ms | REASON: Resolved via readymade-fallback
[2026-08-10T13:17:19.364Z] COMPANY: "HCL Infosystems Limited" | QUERIES: ["HCL Infosystems Limited" official website] | CANDIDATES: [] | SELECTED: "" | CONFIDENCE: FAILED | TIME: 0ms | REASON: Resolved via readymade-fallback
[2026-08-10T13:17:19.368Z] COMPANY: "HCL Technologies Limited" | QUERIES: ["HCL Technologies Limited" official website] | CANDIDATES: [] | SELECTED: "" | CONFIDENCE: FAILED | TIME: 0ms | REASON: Resolved via readymade-fallback
[2026-08-10T13:17:19.378Z] COMPANY: "HDB Financial Services Limited" | QUERIES: ["HDB Financial Services Limited" official website] | CANDIDATES: [] | SELECTED: "" | CONFIDENCE: FAILED | TIME: 0ms | REASON: Resolved via readymade-fallback
[2026-08-10T13:17:19.379Z] COMPANY: "HDFC Asset Management Company Limited" | QUERIES: ["HDFC Asset Management Company Limited" official website] | CANDIDATES: [] | SELECTED: "" | CONFIDENCE: FAILED | TIME: 0ms | REASON: Resolved via readymade-fallback
[2026-08-10T13:17:19.379Z] COMPANY: "HDFC Bank Limited" | QUERIES: ["HDFC Bank Limited" official website] | CANDIDATES: [] | SELECTED: "" | CONFIDENCE: FAILED | TIME: 0ms | REASON: Resolved via readymade-fallback
[2026-08-10T13:17:19.381Z] COMPANY: "HDFC Life Insurance Company Limited" | QUERIES: ["HDFC Life Insurance Company Limited" official website] | CANDIDATES: [] | SELECTED: "" | CONFIDENCE: FAILED | TIME: 0ms | REASON: Resolved via readymade-fallback
[2026-08-10T13:17:19.384Z] COMPANY: "Housing Development and Infrastructure Limited" | QUERIES: ["Housing Development and Infrastructure Limited" official website] | CANDIDATES: [] | SELECTED: "" | CONFIDENCE: FAILED | TIME: 0ms | REASON: Resolved via readymade-fallback
[2026-08-10T13:17:19.386Z] COMPANY: "Heads UP Ventures Limited" | QUERIES: ["Heads UP Ventures Limited" official website] | CANDIDATES: [] | SELECTED: "" | CONFIDENCE: FAILED | TIME: 0ms | REASON: Resolved via readymade-fallback
[2026-08-10T13:17:19.390Z] COMPANY: "Health X Platform Limited" | QUERIES: ["Health X Platform Limited" official website] | CANDIDATES: [] | SELECTED: "" | CONFIDENCE: FAILED | TIME: 0ms | REASON: Resolved via readymade-fallback
[2026-08-10T13:17:19.392Z] COMPANY: "HEC Infra Projects Limited" | QUERIES: ["HEC Infra Projects Limited" official website] | CANDIDATES: [] | SELECTED: "" | CONFIDENCE: FAILED | TIME: 0ms | REASON: Resolved via readymade-fallback
[2026-08-10T13:17:19.439Z] COMPANY: "HEG Limited" | QUERIES: ["HEG Limited" official website] | CANDIDATES: [] | SELECTED: "" | CONFIDENCE: FAILED | TIME: 0ms | REASON: Resolved via readymade-fallback
[2026-08-10T13:17:19.442Z] COMPANY: "HeidelbergCement India Limited" | QUERIES: ["HeidelbergCement India Limited" official website] | CANDIDATES: [] | SELECTED: "" | CONFIDENCE: FAILED | TIME: 0ms | REASON: Resolved via readymade-fallback
[2026-08-10T13:17:19.444Z] COMPANY: "Hemisphere Properties India Limited" | QUERIES: ["Hemisphere Properties India Limited" official website] | CANDIDATES: [] | SELECTED: "" | CONFIDENCE: FAILED | TIME: 0ms | REASON: Resolved via readymade-fallback
[2026-08-10T13:17:19.448Z] COMPANY: "Heranba Industries Limited" | QUERIES: ["Heranba Industries Limited" official website] | CANDIDATES: [] | SELECTED: "" | CONFIDENCE: FAILED | TIME: 0ms | REASON: Resolved via readymade-fallback
[2026-08-10T13:17:19.451Z] COMPANY: "Heritage Foods Limited" | QUERIES: ["Heritage Foods Limited" official website] | CANDIDATES: [] | SELECTED: "" | CONFIDENCE: FAILED | TIME: 0ms | REASON: Resolved via readymade-fallback
[2026-08-10T13:17:19.453Z] COMPANY: "Hero MotoCorp Limited" | QUERIES: ["Hero MotoCorp Limited" official website] | CANDIDATES: [] | SELECTED: "" | CONFIDENCE: FAILED | TIME: 0ms | REASON: Resolved via readymade-fallback
[2026-08-10T13:17:19.455Z] COMPANY: "Hester Biosciences Limited" | QUERIES: ["Hester Biosciences Limited" official website] | CANDIDATES: [] | SELECTED: "" | CONFIDENCE: FAILED | TIME: 0ms | REASON: Resolved via readymade-fallback
[2026-08-10T13:17:19.457Z] COMPANY: "Hexagon Nutrition Limited" | QUERIES: ["Hexagon Nutrition Limited" official website] | CANDIDATES: [] | SELECTED: "" | CONFIDENCE: FAILED | TIME: 0ms | REASON: Resolved via readymade-fallback
[2026-08-10T13:17:19.458Z] COMPANY: "Hexa Tradex Limited" | QUERIES: ["Hexa Tradex Limited" official website] | CANDIDATES: [] | SELECTED: "" | CONFIDENCE: FAILED | TIME: 0ms | REASON: Resolved via readymade-fallback
[2026-08-10T13:17:19.462Z] COMPANY: "Hexaware Technologies Limited" | QUERIES: ["Hexaware Technologies Limited" official website] | CANDIDATES: [] | SELECTED: "" | CONFIDENCE: FAILED | TIME: 0ms | REASON: Resolved via readymade-fallback
[2026-08-10T13:17:19.464Z] COMPANY: "HFCL Limited" | QUERIES: ["HFCL Limited" official website] | CANDIDATES: [] | SELECTED: "" | CONFIDENCE: FAILED | TIME: 0ms | REASON: Resolved via readymade-fallback
[2026-08-10T13:17:19.465Z] COMPANY: "H.G. Infra Engineering Limited" | QUERIES: ["H.G. Infra Engineering Limited" official website] | CANDIDATES: [] | SELECTED: "" | CONFIDENCE: FAILED | TIME: 0ms | REASON: Resolved via readymade-fallback
[2026-08-10T13:17:19.467Z] COMPANY: "HandsOn Global Management (HGM) Limited" | QUERIES: ["HandsOn Global Management (HGM) Limited" official website] | CANDIDATES: [] | SELECTED: "" | CONFIDENCE: FAILED | TIME: 0ms | REASON: Resolved via readymade-fallback
[2026-08-10T13:17:19.471Z] COMPANY: "Hinduja Global Solutions Limited" | QUERIES: ["Hinduja Global Solutions Limited" official website] | CANDIDATES: [] | SELECTED: "" | CONFIDENCE: FAILED | TIME: 0ms | REASON: Resolved via readymade-fallback
[2026-08-10T13:17:19.472Z] COMPANY: "Hikal Limited" | QUERIES: ["Hikal Limited" official website] | CANDIDATES: [] | SELECTED: "" | CONFIDENCE: FAILED | TIME: 0ms | REASON: Resolved via readymade-fallback
[2026-08-10T13:17:19.474Z] COMPANY: "Highway Infrastructure Limited" | QUERIES: ["Highway Infrastructure Limited" official website] | CANDIDATES: [] | SELECTED: "" | CONFIDENCE: FAILED | TIME: 0ms | REASON: Resolved via readymade-fallback
[2026-08-10T13:17:19.477Z] COMPANY: "Hilton Metal Forging Limited" | QUERIES: ["Hilton Metal Forging Limited" official website] | CANDIDATES: [] | SELECTED: "" | CONFIDENCE: FAILED | TIME: 0ms | REASON: Resolved via readymade-fallback
[2026-08-10T13:17:19.478Z] COMPANY: "Himatsingka Seide Limited" | QUERIES: ["Himatsingka Seide Limited" official website] | CANDIDATES: [] | SELECTED: "" | CONFIDENCE: FAILED | TIME: 0ms | REASON: Resolved via readymade-fallback
[2026-08-10T13:17:19.481Z] COMPANY: "Hindalco Industries Limited" | QUERIES: ["Hindalco Industries Limited" official website] | CANDIDATES: [] | SELECTED: "" | CONFIDENCE: FAILED | TIME: 0ms | REASON: Resolved via readymade-fallback
[2026-08-10T13:17:19.484Z] COMPANY: "Hindustan Composites Limited" | QUERIES: ["Hindustan Composites Limited" official website] | CANDIDATES: [] | SELECTED: "" | CONFIDENCE: FAILED | TIME: 0ms | REASON: Resolved via readymade-fallback
[2026-08-10T13:17:19.486Z] COMPANY: "Hindcon Chemicals Limited" | QUERIES: ["Hindcon Chemicals Limited" official website] | CANDIDATES: [] | SELECTED: "" | CONFIDENCE: FAILED | TIME: 0ms | REASON: Resolved via readymade-fallback
[2026-08-10T13:17:19.489Z] COMPANY: "Hindustan Copper Limited" | QUERIES: ["Hindustan Copper Limited" official website] | CANDIDATES: [] | SELECTED: "" | CONFIDENCE: FAILED | TIME: 0ms | REASON: Resolved via readymade-fallback
[2026-08-10T13:17:19.491Z] COMPANY: "Hindustan Oil Exploration Company Limited" | QUERIES: ["Hindustan Oil Exploration Company Limited" official website] | CANDIDATES: [] | SELECTED: "" | CONFIDENCE: FAILED | TIME: 0ms | REASON: Resolved via readymade-fallback
[2026-08-10T13:17:19.493Z] COMPANY: "Hindustan Petroleum Corporation Limited" | QUERIES: ["Hindustan Petroleum Corporation Limited" official website] | CANDIDATES: [] | SELECTED: "" | CONFIDENCE: FAILED | TIME: 0ms | REASON: Resolved via readymade-fallback
[2026-08-10T13:17:19.496Z] COMPANY: "Hindustan Unilever Limited" | QUERIES: ["Hindustan Unilever Limited" official website] | CANDIDATES: [] | SELECTED: "" | CONFIDENCE: FAILED | TIME: 0ms | REASON: Resolved via readymade-fallback
[2026-08-10T13:17:19.500Z] COMPANY: "Hindware Home Innovation Limited" | QUERIES: ["Hindware Home Innovation Limited" official website] | CANDIDATES: [] | SELECTED: "" | CONFIDENCE: FAILED | TIME: 0ms | REASON: Resolved via readymade-fallback
[2026-08-10T13:17:19.503Z] COMPANY: "Hindustan Zinc Limited" | QUERIES: ["Hindustan Zinc Limited" official website] | CANDIDATES: [] | SELECTED: "" | CONFIDENCE: FAILED | TIME: 0ms | REASON: Resolved via readymade-fallback
[2026-08-10T13:17:19.509Z] COMPANY: "Hind Rectifiers Limited" | QUERIES: ["Hind Rectifiers Limited" official website] | CANDIDATES: [] | SELECTED: "" | CONFIDENCE: FAILED | TIME: 0ms | REASON: Resolved via readymade-fallback
[2026-08-10T13:17:19.512Z] COMPANY: "Hisar Metal Industries Limited" | QUERIES: ["Hisar Metal Industries Limited" official website] | CANDIDATES: [] | SELECTED: "" | CONFIDENCE: FAILED | TIME: 0ms | REASON: Resolved via readymade-fallback
[2026-08-10T13:17:19.519Z] COMPANY: "Hi-Tech Pipes Limited" | QUERIES: ["Hi-Tech Pipes Limited" official website] | CANDIDATES: [] | SELECTED: "" | CONFIDENCE: FAILED | TIME: 0ms | REASON: Resolved via readymade-fallback
[2026-08-10T13:17:19.520Z] COMPANY: "Hitech Corporation Limited" | QUERIES: ["Hitech Corporation Limited" official website] | CANDIDATES: [] | SELECTED: "" | CONFIDENCE: FAILED | TIME: 0ms | REASON: Resolved via readymade-fallback
[2026-08-10T13:17:19.522Z] COMPANY: "The Hi-Tech Gears Limited" | QUERIES: ["The Hi-Tech Gears Limited" official website] | CANDIDATES: [] | SELECTED: "" | CONFIDENCE: FAILED | TIME: 0ms | REASON: Resolved via readymade-fallback
[2026-08-10T13:17:19.530Z] COMPANY: "HLE Glascoat Limited" | QUERIES: ["HLE Glascoat Limited" official website] | CANDIDATES: [] | SELECTED: "" | CONFIDENCE: FAILED | TIME: 0ms | REASON: Resolved via readymade-fallback
[2026-08-10T13:17:19.532Z] COMPANY: "HLV LIMITED" | QUERIES: ["HLV LIMITED" official website] | CANDIDATES: [] | SELECTED: "" | CONFIDENCE: FAILED | TIME: 0ms | REASON: Resolved via readymade-fallback
[2026-08-10T13:17:19.536Z] COMPANY: "HMA Agro Industries Limited" | QUERIES: ["HMA Agro Industries Limited" official website] | CANDIDATES: [] | SELECTED: "" | CONFIDENCE: FAILED | TIME: 0ms | REASON: Resolved via readymade-fallback
[2026-08-10T13:17:19.547Z] COMPANY: "HMT Limited" | QUERIES: ["HMT Limited" official website] | CANDIDATES: [] | SELECTED: "" | CONFIDENCE: FAILED | TIME: 0ms | REASON: Resolved via readymade-fallback
[2026-08-10T13:17:19.551Z] COMPANY: "Hindustan Media Ventures Limited" | QUERIES: ["Hindustan Media Ventures Limited" official website] | CANDIDATES: [] | SELECTED: "" | CONFIDENCE: FAILED | TIME: 0ms | REASON: Resolved via readymade-fallback
[2026-08-10T13:17:19.558Z] COMPANY: "Hindustan Foods Limited" | QUERIES: ["Hindustan Foods Limited" official website] | CANDIDATES: [] | SELECTED: "" | CONFIDENCE: FAILED | TIME: 0ms | REASON: Resolved via readymade-fallback
[2026-08-10T13:17:19.571Z] COMPANY: "Home First Finance Company India Limited" | QUERIES: ["Home First Finance Company India Limited" official website] | CANDIDATES: [] | SELECTED: "" | CONFIDENCE: FAILED | TIME: 0ms | REASON: Resolved via readymade-fallback
[2026-08-10T13:17:19.575Z] COMPANY: "Honasa Consumer Limited" | QUERIES: ["Honasa Consumer Limited" official website] | CANDIDATES: [] | SELECTED: "" | CONFIDENCE: FAILED | TIME: 0ms | REASON: Resolved via readymade-fallback
[2026-08-10T13:17:19.576Z] COMPANY: "Honeywell Automation India Limited" | QUERIES: ["Honeywell Automation India Limited" official website] | CANDIDATES: [] | SELECTED: "" | CONFIDENCE: FAILED | TIME: 0ms | REASON: Resolved via readymade-fallback
[2026-08-10T13:17:19.582Z] COMPANY: "Honda India Power Products Limited" | QUERIES: ["Honda India Power Products Limited" official website] | CANDIDATES: [] | SELECTED: "" | CONFIDENCE: FAILED | TIME: 0ms | REASON: Resolved via readymade-fallback
[2026-08-10T13:17:19.590Z] COMPANY: "HP Adhesives Limited" | QUERIES: ["HP Adhesives Limited" official website] | CANDIDATES: [] | SELECTED: "" | CONFIDENCE: FAILED | TIME: 0ms | REASON: Resolved via readymade-fallback
[2026-08-10T13:17:19.593Z] COMPANY: "Hindprakash Industries Limited" | QUERIES: ["Hindprakash Industries Limited" official website] | CANDIDATES: [] | SELECTED: "" | CONFIDENCE: FAILED | TIME: 0ms | REASON: Resolved via readymade-fallback
[2026-08-10T13:17:19.597Z] COMPANY: "HPL Electric & Power Limited" | QUERIES: ["HPL Electric & Power Limited" official website] | CANDIDATES: [] | SELECTED: "" | CONFIDENCE: FAILED | TIME: 0ms | REASON: Resolved via readymade-fallback
[2026-08-10T13:17:19.602Z] COMPANY: "Himadri Speciality Chemical Limited" | QUERIES: ["Himadri Speciality Chemical Limited" official website] | CANDIDATES: [] | SELECTED: "" | CONFIDENCE: FAILED | TIME: 0ms | REASON: Resolved via readymade-fallback
[2026-08-10T13:17:19.608Z] COMPANY: "HT Media Limited" | QUERIES: ["HT Media Limited" official website] | CANDIDATES: [] | SELECTED: "" | CONFIDENCE: FAILED | TIME: 0ms | REASON: Resolved via readymade-fallback
[2026-08-10T13:17:19.609Z] COMPANY: "Hubtown Limited" | QUERIES: ["Hubtown Limited" official website] | CANDIDATES: [] | SELECTED: "" | CONFIDENCE: FAILED | TIME: 0ms | REASON: Resolved via readymade-fallback
[2026-08-10T13:17:19.613Z] COMPANY: "Housing & Urban Development Corporation Limited" | QUERIES: ["Housing & Urban Development Corporation Limited" official website] | CANDIDATES: [] | SELECTED: "" | CONFIDENCE: FAILED | TIME: 0ms | REASON: Resolved via readymade-fallback
[2026-08-10T13:17:19.614Z] COMPANY: "Huhtamaki India Limited" | QUERIES: ["Huhtamaki India Limited" official website] | CANDIDATES: [] | SELECTED: "" | CONFIDENCE: FAILED | TIME: 0ms | REASON: Resolved via readymade-fallback
[2026-08-10T13:17:19.616Z] COMPANY: "Hybrid Financial Services Limited" | QUERIES: ["Hybrid Financial Services Limited" official website] | CANDIDATES: [] | SELECTED: "" | CONFIDENCE: FAILED | TIME: 0ms | REASON: Resolved via readymade-fallback
[2026-08-10T13:17:19.622Z] COMPANY: "Hyundai Motor India Limited" | QUERIES: ["Hyundai Motor India Limited" official website] | CANDIDATES: [] | SELECTED: "" | CONFIDENCE: FAILED | TIME: 0ms | REASON: Resolved via readymade-fallback
[2026-08-10T13:17:19.659Z] COMPANY: "Indiabulls Limited" | QUERIES: ["Indiabulls Limited" official website] | CANDIDATES: [] | SELECTED: "" | CONFIDENCE: FAILED | TIME: 0ms | REASON: Resolved via readymade-fallback
[2026-08-10T13:17:19.663Z] COMPANY: "ICDS Limited" | QUERIES: ["ICDS Limited" official website] | CANDIDATES: [] | SELECTED: "" | CONFIDENCE: FAILED | TIME: 2ms | REASON: Resolved via readymade-fallback
[2026-08-10T13:17:19.663Z] COMPANY: "Ice Make Refrigeration Limited" | QUERIES: ["Ice Make Refrigeration Limited" official website] | CANDIDATES: [] | SELECTED: "" | CONFIDENCE: FAILED | TIME: 0ms | REASON: Resolved via readymade-fallback
[2026-08-10T13:17:19.668Z] COMPANY: "ICICI Prudential Asset Management Company Limited" | QUERIES: ["ICICI Prudential Asset Management Company Limited" official website] | CANDIDATES: [] | SELECTED: "" | CONFIDENCE: FAILED | TIME: 0ms | REASON: Resolved via readymade-fallback
[2026-08-10T13:17:19.670Z] COMPANY: "ICICI Bank Limited" | QUERIES: ["ICICI Bank Limited" official website] | CANDIDATES: [] | SELECTED: "" | CONFIDENCE: FAILED | TIME: 0ms | REASON: Resolved via readymade-fallback
[2026-08-10T13:17:19.671Z] COMPANY: "ICICI Lombard General Insurance Company Limited" | QUERIES: ["ICICI Lombard General Insurance Company Limited" official website] | CANDIDATES: [] | SELECTED: "" | CONFIDENCE: FAILED | TIME: 0ms | REASON: Resolved via readymade-fallback
[2026-08-10T13:17:19.676Z] COMPANY: "ICICI Prudential Life Insurance Company Limited" | QUERIES: ["ICICI Prudential Life Insurance Company Limited" official website] | CANDIDATES: [] | SELECTED: "" | CONFIDENCE: FAILED | TIME: 0ms | REASON: Resolved via readymade-fallback
[2026-08-10T13:17:19.677Z] COMPANY: "Indo Count Industries Limited" | QUERIES: ["Indo Count Industries Limited" official website] | CANDIDATES: [] | SELECTED: "" | CONFIDENCE: FAILED | TIME: 0ms | REASON: Resolved via readymade-fallback
[2026-08-10T13:17:19.678Z] COMPANY: "ICRA Limited" | QUERIES: ["ICRA Limited" official website] | CANDIDATES: [] | SELECTED: "" | CONFIDENCE: FAILED | TIME: 0ms | REASON: Resolved via readymade-fallback
[2026-08-10T13:17:19.683Z] COMPANY: "IDBI Bank Limited" | QUERIES: ["IDBI Bank Limited" official website] | CANDIDATES: [] | SELECTED: "" | CONFIDENCE: FAILED | TIME: 0ms | REASON: Resolved via readymade-fallback
[2026-08-10T13:17:19.684Z] COMPANY: "Vodafone Idea Limited" | QUERIES: ["Vodafone Idea Limited" official website] | CANDIDATES: [] | SELECTED: "" | CONFIDENCE: FAILED | TIME: 0ms | REASON: Resolved via readymade-fallback
[2026-08-10T13:17:19.685Z] COMPANY: "Ideaforge Technology Limited" | QUERIES: ["Ideaforge Technology Limited" official website] | CANDIDATES: [] | SELECTED: "" | CONFIDENCE: FAILED | TIME: 0ms | REASON: Resolved via readymade-fallback
[2026-08-10T13:17:19.696Z] COMPANY: "IDFC First Bank Limited" | QUERIES: ["IDFC First Bank Limited" official website] | CANDIDATES: [] | SELECTED: "" | CONFIDENCE: FAILED | TIME: 0ms | REASON: Resolved via readymade-fallback
[2026-08-10T13:17:19.697Z] COMPANY: "Indian Energy Exchange Limited" | QUERIES: ["Indian Energy Exchange Limited" official website] | CANDIDATES: [] | SELECTED: "" | CONFIDENCE: FAILED | TIME: 0ms | REASON: Resolved via readymade-fallback
[2026-08-10T13:17:19.701Z] COMPANY: "IFB Agro Industries Limited" | QUERIES: ["IFB Agro Industries Limited" official website] | CANDIDATES: [] | SELECTED: "" | CONFIDENCE: FAILED | TIME: 0ms | REASON: Resolved via readymade-fallback
[2026-08-10T13:17:19.706Z] COMPANY: "IFB Industries Limited" | QUERIES: ["IFB Industries Limited" official website] | CANDIDATES: [] | SELECTED: "" | CONFIDENCE: FAILED | TIME: 0ms | REASON: Resolved via readymade-fallback
[2026-08-10T13:17:19.707Z] COMPANY: "IFCI Limited" | QUERIES: ["IFCI Limited" official website] | CANDIDATES: [] | SELECTED: "" | CONFIDENCE: FAILED | TIME: 0ms | REASON: Resolved via readymade-fallback
[2026-08-10T13:17:19.710Z] COMPANY: "IFGL Refractories Limited" | QUERIES: ["IFGL Refractories Limited" official website] | CANDIDATES: [] | SELECTED: "" | CONFIDENCE: FAILED | TIME: 0ms | REASON: Resolved via readymade-fallback
[2026-08-10T13:17:19.711Z] COMPANY: "Igarashi Motors India Limited" | QUERIES: ["Igarashi Motors India Limited" official website] | CANDIDATES: [] | SELECTED: "" | CONFIDENCE: FAILED | TIME: 0ms | REASON: Resolved via readymade-fallback
[2026-08-10T13:17:19.718Z] COMPANY: "Indogulf Cropsciences Limited" | QUERIES: ["Indogulf Cropsciences Limited" official website] | CANDIDATES: [] | SELECTED: "" | CONFIDENCE: FAILED | TIME: 0ms | REASON: Resolved via readymade-fallback
[2026-08-10T13:17:19.719Z] COMPANY: "International Gemological Institute Limited" | QUERIES: ["International Gemological Institute Limited" official website] | CANDIDATES: [] | SELECTED: "" | CONFIDENCE: FAILED | TIME: 0ms | REASON: Resolved via readymade-fallback
[2026-08-10T13:17:19.721Z] COMPANY: "Indraprastha Gas Limited" | QUERIES: ["Indraprastha Gas Limited" official website] | CANDIDATES: [] | SELECTED: "" | CONFIDENCE: FAILED | TIME: 0ms | REASON: Resolved via readymade-fallback
[2026-08-10T13:17:19.728Z] COMPANY: "IG Petrochemicals Limited" | QUERIES: ["IG Petrochemicals Limited" official website] | CANDIDATES: [] | SELECTED: "" | CONFIDENCE: FAILED | TIME: 0ms | REASON: Resolved via readymade-fallback
[2026-08-10T13:17:19.729Z] COMPANY: "IIFL Finance Limited" | QUERIES: ["IIFL Finance Limited" official website] | CANDIDATES: [] | SELECTED: "" | CONFIDENCE: FAILED | TIME: 0ms | REASON: Resolved via readymade-fallback
[2026-08-10T13:17:19.730Z] COMPANY: "IIFL Capital Services Limited" | QUERIES: ["IIFL Capital Services Limited" official website] | CANDIDATES: [] | SELECTED: "" | CONFIDENCE: FAILED | TIME: 0ms | REASON: Resolved via readymade-fallback
[2026-08-10T13:17:19.737Z] COMPANY: "Industrial Investment Trust Limited" | QUERIES: ["Industrial Investment Trust Limited" official website] | CANDIDATES: [] | SELECTED: "" | CONFIDENCE: FAILED | TIME: 0ms | REASON: Resolved via readymade-fallback
[2026-08-10T13:17:19.738Z] COMPANY: "IKIO Technologies Limited" | QUERIES: ["IKIO Technologies Limited" official website] | CANDIDATES: [] | SELECTED: "" | CONFIDENCE: FAILED | TIME: 0ms | REASON: Resolved via readymade-fallback
[2026-08-10T13:17:19.739Z] COMPANY: "Inventurus Knowledge Solutions Limited" | QUERIES: ["Inventurus Knowledge Solutions Limited" official website] | CANDIDATES: [] | SELECTED: "" | CONFIDENCE: FAILED | TIME: 0ms | REASON: Resolved via readymade-fallback
[2026-08-10T13:17:19.743Z] COMPANY: "IL&FS Engineering and Construction Company Limited" | QUERIES: ["IL&FS Engineering and Construction Company Limited" official website] | CANDIDATES: [] | SELECTED: "" | CONFIDENCE: FAILED | TIME: 0ms | REASON: Resolved via readymade-fallback
[2026-08-10T13:17:19.744Z] COMPANY: "IL&FS Transportation Networks Limited" | QUERIES: ["IL&FS Transportation Networks Limited" official website] | CANDIDATES: [] | SELECTED: "" | CONFIDENCE: FAILED | TIME: 0ms | REASON: Resolved via readymade-fallback
[2026-08-10T13:17:19.747Z] COMPANY: "Imagicaaworld Entertainment Limited" | QUERIES: ["Imagicaaworld Entertainment Limited" official website] | CANDIDATES: [] | SELECTED: "" | CONFIDENCE: FAILED | TIME: 0ms | REASON: Resolved via readymade-fallback
[2026-08-10T13:17:19.749Z] COMPANY: "Indian Metals & Ferro Alloys Limited" | QUERIES: ["Indian Metals & Ferro Alloys Limited" official website] | CANDIDATES: [] | SELECTED: "" | CONFIDENCE: FAILED | TIME: 0ms | REASON: Resolved via readymade-fallback
[2026-08-10T13:17:19.750Z] COMPANY: "India Motor Parts and Accessories Limited" | QUERIES: ["India Motor Parts and Accessories Limited" official website] | CANDIDATES: [] | SELECTED: "" | CONFIDENCE: FAILED | TIME: 0ms | REASON: Resolved via readymade-fallback
[2026-08-10T13:17:19.751Z] COMPANY: "Insolation Energy Limited" | QUERIES: ["Insolation Energy Limited" official website] | CANDIDATES: [] | SELECTED: "" | CONFIDENCE: FAILED | TIME: 0ms | REASON: Resolved via readymade-fallback
[2026-08-10T13:17:19.757Z] COMPANY: "INCREDIBLE INDUSTRIES LIMITED" | QUERIES: ["INCREDIBLE INDUSTRIES LIMITED" official website] | CANDIDATES: [] | SELECTED: "" | CONFIDENCE: FAILED | TIME: 0ms | REASON: Resolved via readymade-fallback
[2026-08-10T13:17:19.772Z] COMPANY: "Indbank Merchant Banking Services Limited" | QUERIES: ["Indbank Merchant Banking Services Limited" official website] | CANDIDATES: [] | SELECTED: "" | CONFIDENCE: FAILED | TIME: 0ms | REASON: Resolved via readymade-fallback
[2026-08-10T13:17:19.775Z] COMPANY: "Indegene Limited" | QUERIES: ["Indegene Limited" official website] | CANDIDATES: [] | SELECTED: "" | CONFIDENCE: FAILED | TIME: 0ms | REASON: Resolved via readymade-fallback
[2026-08-10T13:17:19.780Z] COMPANY: "The Indian Hotels Company Limited" | QUERIES: ["The Indian Hotels Company Limited" official website] | CANDIDATES: [] | SELECTED: "" | CONFIDENCE: FAILED | TIME: 0ms | REASON: Resolved via readymade-fallback
[2026-08-10T13:17:19.794Z] COMPANY: "The India Cements Limited" | QUERIES: ["The India Cements Limited" official website] | CANDIDATES: [] | SELECTED: "" | CONFIDENCE: FAILED | TIME: 0ms | REASON: Resolved via readymade-fallback
[2026-08-10T13:17:19.795Z] COMPANY: "India Glycols Limited" | QUERIES: ["India Glycols Limited" official website] | CANDIDATES: [] | SELECTED: "" | CONFIDENCE: FAILED | TIME: 0ms | REASON: Resolved via readymade-fallback
[2026-08-10T13:17:19.795Z] COMPANY: "Indiamart Intermesh Limited" | QUERIES: ["Indiamart Intermesh Limited" official website] | CANDIDATES: [] | SELECTED: "" | CONFIDENCE: FAILED | TIME: 0ms | REASON: Resolved via readymade-fallback
[2026-08-10T13:17:19.801Z] COMPANY: "Indian Bank" | QUERIES: ["Indian Bank" official website] | CANDIDATES: [] | SELECTED: "" | CONFIDENCE: FAILED | TIME: 0ms | REASON: Resolved via readymade-fallback
[2026-08-10T13:17:19.803Z] COMPANY: "Indian Card Clothing Company Limited" | QUERIES: ["Indian Card Clothing Company Limited" official website] | CANDIDATES: [] | SELECTED: "" | CONFIDENCE: FAILED | TIME: 0ms | REASON: Resolved via readymade-fallback
[2026-08-10T13:17:19.807Z] COMPANY: "Indian Hume Pipe Company Limited" | QUERIES: ["Indian Hume Pipe Company Limited" official website] | CANDIDATES: [] | SELECTED: "" | CONFIDENCE: FAILED | TIME: 0ms | REASON: Resolved via readymade-fallback
[2026-08-10T13:17:19.815Z] COMPANY: "India Shelter Finance Corporation Limited" | QUERIES: ["India Shelter Finance Corporation Limited" official website] | CANDIDATES: [] | SELECTED: "" | CONFIDENCE: FAILED | TIME: 0ms | REASON: Resolved via readymade-fallback
[2026-08-10T13:17:19.815Z] COMPANY: "InterGlobe Aviation Limited" | QUERIES: ["InterGlobe Aviation Limited" official website] | CANDIDATES: [] | SELECTED: "" | CONFIDENCE: FAILED | TIME: 0ms | REASON: Resolved via readymade-fallback
[2026-08-10T13:17:19.816Z] COMPANY: "Indigo Paints Limited" | QUERIES: ["Indigo Paints Limited" official website] | CANDIDATES: [] | SELECTED: "" | CONFIDENCE: FAILED | TIME: 0ms | REASON: Resolved via readymade-fallback
[2026-08-10T13:17:19.820Z] COMPANY: "Indiqube Spaces Limited" | QUERIES: ["Indiqube Spaces Limited" official website] | CANDIDATES: [] | SELECTED: "" | CONFIDENCE: FAILED | TIME: 0ms | REASON: Resolved via readymade-fallback
[2026-08-10T13:17:19.823Z] COMPANY: "India Nippon Electricals Limited" | QUERIES: ["India Nippon Electricals Limited" official website] | CANDIDATES: [] | SELECTED: "" | CONFIDENCE: FAILED | TIME: 0ms | REASON: Resolved via readymade-fallback
[2026-08-10T13:17:19.825Z] COMPANY: "Indo Amines Limited" | QUERIES: ["Indo Amines Limited" official website] | CANDIDATES: [] | SELECTED: "" | CONFIDENCE: FAILED | TIME: 0ms | REASON: Resolved via readymade-fallback
[2026-08-10T13:17:19.826Z] COMPANY: "Indo Borax & Chemicals Limited" | QUERIES: ["Indo Borax & Chemicals Limited" official website] | CANDIDATES: [] | SELECTED: "" | CONFIDENCE: FAILED | TIME: 0ms | REASON: Resolved via readymade-fallback
[2026-08-10T13:17:19.826Z] COMPANY: "Indoco Remedies Limited" | QUERIES: ["Indoco Remedies Limited" official website] | CANDIDATES: [] | SELECTED: "" | CONFIDENCE: FAILED | TIME: 0ms | REASON: Resolved via readymade-fallback
[2026-08-10T13:17:19.827Z] COMPANY: "Indo Farm Equipment Limited" | QUERIES: ["Indo Farm Equipment Limited" official website] | CANDIDATES: [] | SELECTED: "" | CONFIDENCE: FAILED | TIME: 0ms | REASON: Resolved via readymade-fallback
[2026-08-10T13:17:19.833Z] COMPANY: "INDO-MIM Limited" | QUERIES: ["INDO-MIM Limited" official website] | CANDIDATES: [] | SELECTED: "" | CONFIDENCE: FAILED | TIME: 0ms | REASON: Resolved via readymade-fallback
[2026-08-10T13:17:19.840Z] COMPANY: "Indo Rama Synthetics (India) Limited" | QUERIES: ["Indo Rama Synthetics (India) Limited" official website] | CANDIDATES: [] | SELECTED: "" | CONFIDENCE: FAILED | TIME: 0ms | REASON: Resolved via readymade-fallback
[2026-08-10T13:17:19.845Z] COMPANY: "IndoStar Capital Finance Limited" | QUERIES: ["IndoStar Capital Finance Limited" official website] | CANDIDATES: [] | SELECTED: "" | CONFIDENCE: FAILED | TIME: 0ms | REASON: Resolved via readymade-fallback
[2026-08-10T13:17:19.846Z] COMPANY: "Indo Tech Transformers Limited" | QUERIES: ["Indo Tech Transformers Limited" official website] | CANDIDATES: [] | SELECTED: "" | CONFIDENCE: FAILED | TIME: 0ms | REASON: Resolved via readymade-fallback
[2026-08-10T13:17:19.852Z] COMPANY: "Indo Thai Securities Limited" | QUERIES: ["Indo Thai Securities Limited" official website] | CANDIDATES: [] | SELECTED: "" | CONFIDENCE: FAILED | TIME: 0ms | REASON: Resolved via readymade-fallback
[2026-08-10T13:17:19.855Z] COMPANY: "Indo Us Biotech Limited" | QUERIES: ["Indo Us Biotech Limited" official website] | CANDIDATES: [] | SELECTED: "" | CONFIDENCE: FAILED | TIME: 0ms | REASON: Resolved via readymade-fallback
[2026-08-10T13:17:19.859Z] COMPANY: "Indowind Energy Limited" | QUERIES: ["Indowind Energy Limited" official website] | CANDIDATES: [] | SELECTED: "" | CONFIDENCE: FAILED | TIME: 0ms | REASON: Resolved via readymade-fallback
[2026-08-10T13:17:19.865Z] COMPANY: "Industrial & Prudential Investment Company Limited" | QUERIES: ["Industrial & Prudential Investment Company Limited" official website] | CANDIDATES: [] | SELECTED: "" | CONFIDENCE: FAILED | TIME: 0ms | REASON: Resolved via readymade-fallback
[2026-08-10T13:17:19.865Z] COMPANY: "Indraprastha Medical Corporation Limited" | QUERIES: ["Indraprastha Medical Corporation Limited" official website] | CANDIDATES: [] | SELECTED: "" | CONFIDENCE: FAILED | TIME: 0ms | REASON: Resolved via readymade-fallback
[2026-08-10T13:17:19.866Z] COMPANY: "Ind-Swift Laboratories Limited" | QUERIES: ["Ind-Swift Laboratories Limited" official website] | CANDIDATES: [] | SELECTED: "" | CONFIDENCE: FAILED | TIME: 0ms | REASON: Resolved via readymade-fallback
[2026-08-10T13:17:19.886Z] COMPANY: "Indian Terrain Fashions Limited" | QUERIES: ["Indian Terrain Fashions Limited" official website] | CANDIDATES: [] | SELECTED: "" | CONFIDENCE: FAILED | TIME: 0ms | REASON: Resolved via readymade-fallback
[2026-08-10T13:17:19.902Z] COMPANY: "IndusInd Bank Limited" | QUERIES: ["IndusInd Bank Limited" official website] | CANDIDATES: [] | SELECTED: "" | CONFIDENCE: FAILED | TIME: 0ms | REASON: Resolved via readymade-fallback
[2026-08-10T13:17:19.904Z] COMPANY: "Indus Towers Limited" | QUERIES: ["Indus Towers Limited" official website] | CANDIDATES: [] | SELECTED: "" | CONFIDENCE: FAILED | TIME: 0ms | REASON: Resolved via readymade-fallback
[2026-08-10T13:17:19.904Z] COMPANY: "InfoBeans Technologies Limited" | QUERIES: ["InfoBeans Technologies Limited" official website] | CANDIDATES: [] | SELECTED: "" | CONFIDENCE: FAILED | TIME: 0ms | REASON: Resolved via readymade-fallback
[2026-08-10T13:17:19.914Z] COMPANY: "Infomedia Press Limited" | QUERIES: ["Infomedia Press Limited" official website] | CANDIDATES: [] | SELECTED: "" | CONFIDENCE: FAILED | TIME: 0ms | REASON: Resolved via readymade-fallback
[2026-08-10T13:17:19.915Z] COMPANY: "Infosys Limited" | QUERIES: ["Infosys Limited" official website] | CANDIDATES: [] | SELECTED: "" | CONFIDENCE: FAILED | TIME: 0ms | REASON: Resolved via readymade-fallback
[2026-08-10T13:17:19.924Z] COMPANY: "Ingersoll Rand (India) Limited" | QUERIES: ["Ingersoll Rand (India) Limited" official website] | CANDIDATES: [] | SELECTED: "" | CONFIDENCE: FAILED | TIME: 0ms | REASON: Resolved via readymade-fallback
[2026-08-10T13:17:19.925Z] COMPANY: "Innova Captab Limited" | QUERIES: ["Innova Captab Limited" official website] | CANDIDATES: [] | SELECTED: "" | CONFIDENCE: FAILED | TIME: 0ms | REASON: Resolved via readymade-fallback
[2026-08-10T13:17:19.938Z] COMPANY: "Innovana Thinklabs Limited" | QUERIES: ["Innovana Thinklabs Limited" official website] | CANDIDATES: [] | SELECTED: "" | CONFIDENCE: FAILED | TIME: 0ms | REASON: Resolved via readymade-fallback
[2026-08-10T13:17:19.941Z] COMPANY: "Innovision Limited" | QUERIES: ["Innovision Limited" official website] | CANDIDATES: [] | SELECTED: "" | CONFIDENCE: FAILED | TIME: 0ms | REASON: Resolved via readymade-fallback
[2026-08-10T13:17:19.949Z] COMPANY: "Inox Green Energy Services Limited" | QUERIES: ["Inox Green Energy Services Limited" official website] | CANDIDATES: [] | SELECTED: "" | CONFIDENCE: FAILED | TIME: 0ms | REASON: Resolved via readymade-fallback
[2026-08-10T13:17:19.952Z] COMPANY: "INOX India Limited" | QUERIES: ["INOX India Limited" official website] | CANDIDATES: [] | SELECTED: "" | CONFIDENCE: FAILED | TIME: 0ms | REASON: Resolved via readymade-fallback
[2026-08-10T13:17:19.953Z] COMPANY: "Inox Wind Limited" | QUERIES: ["Inox Wind Limited" official website] | CANDIDATES: [] | SELECTED: "" | CONFIDENCE: FAILED | TIME: 0ms | REASON: Resolved via readymade-fallback
[2026-08-10T13:17:19.961Z] COMPANY: "Insecticides (India) Limited" | QUERIES: ["Insecticides (India) Limited" official website] | CANDIDATES: [] | SELECTED: "" | CONFIDENCE: FAILED | TIME: 0ms | REASON: Resolved via readymade-fallback
[2026-08-10T13:17:19.961Z] COMPANY: "Inspirisys Solutions Limited" | QUERIES: ["Inspirisys Solutions Limited" official website] | CANDIDATES: [] | SELECTED: "" | CONFIDENCE: FAILED | TIME: 0ms | REASON: Resolved via readymade-fallback
[2026-08-10T13:17:19.970Z] COMPANY: "Intellect Design Arena Limited" | QUERIES: ["Intellect Design Arena Limited" official website] | CANDIDATES: [] | SELECTED: "" | CONFIDENCE: FAILED | TIME: 0ms | REASON: Resolved via readymade-fallback
[2026-08-10T13:17:19.970Z] COMPANY: "Intense Technologies Limited" | QUERIES: ["Intense Technologies Limited" official website] | CANDIDATES: [] | SELECTED: "" | CONFIDENCE: FAILED | TIME: 0ms | REASON: Resolved via readymade-fallback
[2026-08-10T13:17:19.980Z] COMPANY: "Interarch Building Solutions Limited" | QUERIES: ["Interarch Building Solutions Limited" official website] | CANDIDATES: [] | SELECTED: "" | CONFIDENCE: FAILED | TIME: 0ms | REASON: Resolved via readymade-fallback
[2026-08-10T13:17:19.981Z] COMPANY: "International Conveyors Limited" | QUERIES: ["International Conveyors Limited" official website] | CANDIDATES: [] | SELECTED: "" | CONFIDENCE: FAILED | TIME: 0ms | REASON: Resolved via readymade-fallback
[2026-08-10T13:17:19.989Z] COMPANY: "Inventure Growth & Securities Limited" | QUERIES: ["Inventure Growth & Securities Limited" official website] | CANDIDATES: [] | SELECTED: "" | CONFIDENCE: FAILED | TIME: 0ms | REASON: Resolved via readymade-fallback
[2026-08-10T13:17:19.989Z] COMPANY: "Investment & Precision Castings Limited" | QUERIES: ["Investment & Precision Castings Limited" official website] | CANDIDATES: [] | SELECTED: "" | CONFIDENCE: FAILED | TIME: 0ms | REASON: Resolved via readymade-fallback
[2026-08-10T13:17:19.995Z] COMPANY: "Indian Overseas Bank" | QUERIES: ["Indian Overseas Bank" official website] | CANDIDATES: [] | SELECTED: "" | CONFIDENCE: FAILED | TIME: 0ms | REASON: Resolved via readymade-fallback
[2026-08-10T13:17:19.996Z] COMPANY: "Indian Oil Corporation Limited" | QUERIES: ["Indian Oil Corporation Limited" official website] | CANDIDATES: [] | SELECTED: "" | CONFIDENCE: FAILED | TIME: 0ms | REASON: Resolved via readymade-fallback
[2026-08-10T13:17:19.997Z] COMPANY: "IOL Chemicals and Pharmaceuticals Limited" | QUERIES: ["IOL Chemicals and Pharmaceuticals Limited" official website] | CANDIDATES: [] | SELECTED: "" | CONFIDENCE: FAILED | TIME: 0ms | REASON: Resolved via readymade-fallback
[2026-08-10T13:17:20.003Z] COMPANY: "ION Exchange (India) Limited" | QUERIES: ["ION Exchange (India) Limited" official website] | CANDIDATES: [] | SELECTED: "" | CONFIDENCE: FAILED | TIME: 0ms | REASON: Resolved via readymade-fallback
[2026-08-10T13:17:20.007Z] COMPANY: "IPCA Laboratories Limited" | QUERIES: ["IPCA Laboratories Limited" official website] | CANDIDATES: [] | SELECTED: "" | CONFIDENCE: FAILED | TIME: 0ms | REASON: Resolved via readymade-fallback
[2026-08-10T13:17:20.014Z] COMPANY: "India Pesticides Limited" | QUERIES: ["India Pesticides Limited" official website] | CANDIDATES: [] | SELECTED: "" | CONFIDENCE: FAILED | TIME: 0ms | REASON: Resolved via readymade-fallback
[2026-08-10T13:17:20.023Z] COMPANY: "IRB Infrastructure Developers Limited" | QUERIES: ["IRB Infrastructure Developers Limited" official website] | CANDIDATES: [] | SELECTED: "" | CONFIDENCE: FAILED | TIME: 0ms | REASON: Resolved via readymade-fallback
[2026-08-10T13:17:20.024Z] COMPANY: "Ircon International Limited" | QUERIES: ["Ircon International Limited" official website] | CANDIDATES: [] | SELECTED: "" | CONFIDENCE: FAILED | TIME: 0ms | REASON: Resolved via readymade-fallback
[2026-08-10T13:17:20.039Z] COMPANY: "Indian Railway Catering And Tourism Corporation Limited" | QUERIES: ["Indian Railway Catering And Tourism Corporation Limited" official website] | CANDIDATES: [] | SELECTED: "" | CONFIDENCE: FAILED | TIME: 0ms | REASON: Resolved via readymade-fallback
[2026-08-10T13:17:20.039Z] COMPANY: "Indian Renewable Energy Development Agency Limited" | QUERIES: ["Indian Renewable Energy Development Agency Limited" official website] | CANDIDATES: [] | SELECTED: "" | CONFIDENCE: FAILED | TIME: 0ms | REASON: Resolved via readymade-fallback
[2026-08-10T13:17:20.049Z] COMPANY: "Indian Railway Finance Corporation Limited" | QUERIES: ["Indian Railway Finance Corporation Limited" official website] | CANDIDATES: [] | SELECTED: "" | CONFIDENCE: FAILED | TIME: 0ms | REASON: Resolved via readymade-fallback
[2026-08-10T13:17:20.055Z] COMPANY: "IRIS RegTech Solutions Limited" | QUERIES: ["IRIS RegTech Solutions Limited" official website] | CANDIDATES: [] | SELECTED: "" | CONFIDENCE: FAILED | TIME: 0ms | REASON: Resolved via readymade-fallback
[2026-08-10T13:17:20.055Z] COMPANY: "Iris Clothings Limited" | QUERIES: ["Iris Clothings Limited" official website] | CANDIDATES: [] | SELECTED: "" | CONFIDENCE: FAILED | TIME: 0ms | REASON: Resolved via readymade-fallback
[2026-08-10T13:17:20.075Z] COMPANY: "IRM Energy Limited" | QUERIES: ["IRM Energy Limited" official website] | CANDIDATES: [] | SELECTED: "" | CONFIDENCE: FAILED | TIME: 0ms | REASON: Resolved via readymade-fallback
[2026-08-10T13:17:20.076Z] COMPANY: "Intrasoft Technologies Limited" | QUERIES: ["Intrasoft Technologies Limited" official website] | CANDIDATES: [] | SELECTED: "" | CONFIDENCE: FAILED | TIME: 0ms | REASON: Resolved via readymade-fallback
[2026-08-10T13:17:20.089Z] COMPANY: "Isgec Heavy Engineering Limited" | QUERIES: ["Isgec Heavy Engineering Limited" official website] | CANDIDATES: [] | SELECTED: "" | CONFIDENCE: FAILED | TIME: 0ms | REASON: Resolved via readymade-fallback
[2026-08-10T13:17:20.090Z] COMPANY: "Ishan Dyes and Chemicals Limited" | QUERIES: ["Ishan Dyes and Chemicals Limited" official website] | CANDIDATES: [] | SELECTED: "" | CONFIDENCE: FAILED | TIME: 0ms | REASON: Resolved via readymade-fallback
[2026-08-10T13:17:20.090Z] COMPANY: "ITC Limited" | QUERIES: ["ITC Limited" official website] | CANDIDATES: [] | SELECTED: "" | CONFIDENCE: FAILED | TIME: 0ms | REASON: Resolved via readymade-fallback
[2026-08-10T13:17:20.091Z] COMPANY: "ITC Hotels Limited" | QUERIES: ["ITC Hotels Limited" official website] | CANDIDATES: [] | SELECTED: "" | CONFIDENCE: FAILED | TIME: 0ms | REASON: Resolved via readymade-fallback
[2026-08-10T13:17:20.108Z] COMPANY: "India Tourism Development Corporation Limited" | QUERIES: ["India Tourism Development Corporation Limited" official website] | CANDIDATES: [] | SELECTED: "" | CONFIDENCE: FAILED | TIME: 0ms | REASON: Resolved via readymade-fallback
[2026-08-10T13:17:20.113Z] COMPANY: "ITI Limited" | QUERIES: ["ITI Limited" official website] | CANDIDATES: [] | SELECTED: "" | CONFIDENCE: FAILED | TIME: 0ms | REASON: Resolved via readymade-fallback
[2026-08-10T13:17:20.114Z] COMPANY: "Ivalue Infosolutions Limited" | QUERIES: ["Ivalue Infosolutions Limited" official website] | CANDIDATES: [] | SELECTED: "" | CONFIDENCE: FAILED | TIME: 0ms | REASON: Resolved via readymade-fallback
[2026-08-10T13:17:20.125Z] COMPANY: "IL&FS Investment Managers Limited" | QUERIES: ["IL&FS Investment Managers Limited" official website] | CANDIDATES: [] | SELECTED: "" | CONFIDENCE: FAILED | TIME: 0ms | REASON: Resolved via readymade-fallback
[2026-08-10T13:17:20.126Z] COMPANY: "IVP Limited" | QUERIES: ["IVP Limited" official website] | CANDIDATES: [] | SELECTED: "" | CONFIDENCE: FAILED | TIME: 0ms | REASON: Resolved via readymade-fallback
[2026-08-10T13:17:20.134Z] COMPANY: "The Indian Wood Products Company Limited" | QUERIES: ["The Indian Wood Products Company Limited" official website] | CANDIDATES: [] | SELECTED: "" | CONFIDENCE: FAILED | TIME: 0ms | REASON: Resolved via readymade-fallback
[2026-08-10T13:17:20.140Z] COMPANY: "Le Travenues Technology Limited" | QUERIES: ["Le Travenues Technology Limited" official website] | CANDIDATES: [] | SELECTED: "" | CONFIDENCE: FAILED | TIME: 0ms | REASON: Resolved via readymade-fallback
[2026-08-10T13:17:20.146Z] COMPANY: "IZMO Limited" | QUERIES: ["IZMO Limited" official website] | CANDIDATES: [] | SELECTED: "" | CONFIDENCE: FAILED | TIME: 0ms | REASON: Resolved via readymade-fallback
[2026-08-10T13:17:20.153Z] COMPANY: "The Jammu & Kashmir Bank Limited" | QUERIES: ["The Jammu & Kashmir Bank Limited" official website] | CANDIDATES: [] | SELECTED: "" | CONFIDENCE: FAILED | TIME: 0ms | REASON: Resolved via readymade-fallback
[2026-08-10T13:17:20.157Z] COMPANY: "Jagran Prakashan Limited" | QUERIES: ["Jagran Prakashan Limited" official website] | CANDIDATES: [] | SELECTED: "" | CONFIDENCE: FAILED | TIME: 0ms | REASON: Resolved via readymade-fallback
[2026-08-10T13:17:20.161Z] COMPANY: "Jagsonpal Pharmaceuticals Limited" | QUERIES: ["Jagsonpal Pharmaceuticals Limited" official website] | CANDIDATES: [] | SELECTED: "" | CONFIDENCE: FAILED | TIME: 1ms | REASON: Resolved via readymade-fallback
[2026-08-10T13:17:20.168Z] COMPANY: "Jai Balaji Industries Limited" | QUERIES: ["Jai Balaji Industries Limited" official website] | CANDIDATES: [] | SELECTED: "" | CONFIDENCE: FAILED | TIME: 0ms | REASON: Resolved via readymade-fallback
[2026-08-10T13:17:20.169Z] COMPANY: "Jai Corp Limited" | QUERIES: ["Jai Corp Limited" official website] | CANDIDATES: [] | SELECTED: "" | CONFIDENCE: FAILED | TIME: 0ms | REASON: Resolved via readymade-fallback
[2026-08-10T13:17:20.179Z] COMPANY: "Jain Resource Recycling Limited" | QUERIES: ["Jain Resource Recycling Limited" official website] | CANDIDATES: [] | SELECTED: "" | CONFIDENCE: FAILED | TIME: 0ms | REASON: Resolved via readymade-fallback
[2026-08-10T13:17:20.179Z] COMPANY: "Nandani Creation Limited" | QUERIES: ["Nandani Creation Limited" official website] | CANDIDATES: [] | SELECTED: "" | CONFIDENCE: FAILED | TIME: 0ms | REASON: Resolved via readymade-fallback
[2026-08-10T13:17:20.188Z] COMPANY: "Jamna Auto Industries Limited" | QUERIES: ["Jamna Auto Industries Limited" official website] | CANDIDATES: [] | SELECTED: "" | CONFIDENCE: FAILED | TIME: 0ms | REASON: Resolved via readymade-fallback
[2026-08-10T13:17:20.189Z] COMPANY: "Jaro Institute of Technology Management and Research Limited" | QUERIES: ["Jaro Institute of Technology Management and Research Limited" official website] | CANDIDATES: [] | SELECTED: "" | CONFIDENCE: FAILED | TIME: 0ms | REASON: Resolved via readymade-fallback
[2026-08-10T13:17:20.194Z] COMPANY: "Jash Engineering Limited" | QUERIES: ["Jash Engineering Limited" official website] | CANDIDATES: [] | SELECTED: "" | CONFIDENCE: FAILED | TIME: 0ms | REASON: Resolved via readymade-fallback
[2026-08-10T13:17:20.197Z] COMPANY: "Jayant Agro Organics Limited" | QUERIES: ["Jayant Agro Organics Limited" official website] | CANDIDATES: [] | SELECTED: "" | CONFIDENCE: FAILED | TIME: 0ms | REASON: Resolved via readymade-fallback
[2026-08-10T13:17:20.204Z] COMPANY: "Jay Bharat Maruti Limited" | QUERIES: ["Jay Bharat Maruti Limited" official website] | CANDIDATES: [] | SELECTED: "" | CONFIDENCE: FAILED | TIME: 0ms | REASON: Resolved via readymade-fallback
[2026-08-10T13:17:20.205Z] COMPANY: "Jaykay Enterprises Limited" | QUERIES: ["Jaykay Enterprises Limited" official website] | CANDIDATES: [] | SELECTED: "" | CONFIDENCE: FAILED | TIME: 0ms | REASON: Resolved via readymade-fallback
[2026-08-10T13:17:20.206Z] COMPANY: "Jayaswal Neco Industries Limited" | QUERIES: ["Jayaswal Neco Industries Limited" official website] | CANDIDATES: [] | SELECTED: "" | CONFIDENCE: FAILED | TIME: 0ms | REASON: Resolved via readymade-fallback
[2026-08-10T13:17:20.219Z] COMPANY: "Jayshree Tea & Industries Limited" | QUERIES: ["Jayshree Tea & Industries Limited" official website] | CANDIDATES: [] | SELECTED: "" | CONFIDENCE: FAILED | TIME: 0ms | REASON: Resolved via readymade-fallback
[2026-08-10T13:17:20.220Z] COMPANY: "JBM Auto Limited" | QUERIES: ["JBM Auto Limited" official website] | CANDIDATES: [] | SELECTED: "" | CONFIDENCE: FAILED | TIME: 0ms | REASON: Resolved via readymade-fallback
[2026-08-10T13:17:20.223Z] COMPANY: "Jet Freight Logistics Limited" | QUERIES: ["Jet Freight Logistics Limited" official website] | CANDIDATES: [] | SELECTED: "" | CONFIDENCE: FAILED | TIME: 0ms | REASON: Resolved via readymade-fallback
[2026-08-10T13:17:20.227Z] COMPANY: "J.G.Chemicals Limited" | QUERIES: ["J.G.Chemicals Limited" official website] | CANDIDATES: [] | SELECTED: "" | CONFIDENCE: FAILED | TIME: 0ms | REASON: Resolved via readymade-fallback
[2026-08-10T13:17:20.233Z] COMPANY: "JHS Svendgaard Laboratories Limited" | QUERIES: ["JHS Svendgaard Laboratories Limited" official website] | CANDIDATES: [] | SELECTED: "" | CONFIDENCE: FAILED | TIME: 0ms | REASON: Resolved via readymade-fallback
[2026-08-10T13:17:20.234Z] COMPANY: "Jindal Photo Limited" | QUERIES: ["Jindal Photo Limited" official website] | CANDIDATES: [] | SELECTED: "" | CONFIDENCE: FAILED | TIME: 0ms | REASON: Resolved via readymade-fallback
[2026-08-10T13:17:20.243Z] COMPANY: "Jindal Poly Films Limited" | QUERIES: ["Jindal Poly Films Limited" official website] | CANDIDATES: [] | SELECTED: "" | CONFIDENCE: FAILED | TIME: 0ms | REASON: Resolved via readymade-fallback
[2026-08-10T13:17:20.247Z] COMPANY: "Jindal Saw Limited" | QUERIES: ["Jindal Saw Limited" official website] | CANDIDATES: [] | SELECTED: "" | CONFIDENCE: FAILED | TIME: 0ms | REASON: Resolved via readymade-fallback
[2026-08-10T13:17:20.252Z] COMPANY: "JINDAL STEEL LIMITED" | QUERIES: ["JINDAL STEEL LIMITED" official website] | CANDIDATES: [] | SELECTED: "" | CONFIDENCE: FAILED | TIME: 0ms | REASON: Resolved via readymade-fallback
[2026-08-10T13:17:20.256Z] COMPANY: "Jindal Drilling And Industries Limited" | QUERIES: ["Jindal Drilling And Industries Limited" official website] | CANDIDATES: [] | SELECTED: "" | CONFIDENCE: FAILED | TIME: 0ms | REASON: Resolved via readymade-fallback
[2026-08-10T13:17:20.259Z] COMPANY: "Jindal Worldwide Limited" | QUERIES: ["Jindal Worldwide Limited" official website] | CANDIDATES: [] | SELECTED: "" | CONFIDENCE: FAILED | TIME: 0ms | REASON: Resolved via readymade-fallback
[2026-08-10T13:17:20.266Z] COMPANY: "Jio Financial Services Limited" | QUERIES: ["Jio Financial Services Limited" official website] | CANDIDATES: [] | SELECTED: "" | CONFIDENCE: FAILED | TIME: 0ms | REASON: Resolved via readymade-fallback
[2026-08-10T13:17:20.267Z] COMPANY: "Jain Irrigation Systems Limited" | QUERIES: ["Jain Irrigation Systems Limited" official website] | CANDIDATES: [] | SELECTED: "" | CONFIDENCE: FAILED | TIME: 0ms | REASON: Resolved via readymade-fallback
[2026-08-10T13:17:20.271Z] COMPANY: "Jain Irrigation Systems Limited" | QUERIES: ["Jain Irrigation Systems Limited" official website] | CANDIDATES: [] | SELECTED: "" | CONFIDENCE: FAILED | TIME: 0ms | REASON: Resolved via readymade-fallback
[2026-08-10T13:17:20.280Z] COMPANY: "JITF Infralogistics Limited" | QUERIES: ["JITF Infralogistics Limited" official website] | CANDIDATES: [] | SELECTED: "" | CONFIDENCE: FAILED | TIME: 0ms | REASON: Resolved via readymade-fallback
[2026-08-10T13:17:20.281Z] COMPANY: "JK Cement Limited" | QUERIES: ["JK Cement Limited" official website] | CANDIDATES: [] | SELECTED: "" | CONFIDENCE: FAILED | TIME: 0ms | REASON: Resolved via readymade-fallback
[2026-08-10T13:17:20.288Z] COMPANY: "J.Kumar Infraprojects Limited" | QUERIES: ["J.Kumar Infraprojects Limited" official website] | CANDIDATES: [] | SELECTED: "" | CONFIDENCE: FAILED | TIME: 0ms | REASON: Resolved via readymade-fallback
[2026-08-10T13:17:20.294Z] COMPANY: "Jinkushal Industries Limited" | QUERIES: ["Jinkushal Industries Limited" official website] | CANDIDATES: [] | SELECTED: "" | CONFIDENCE: FAILED | TIME: 1ms | REASON: Resolved via readymade-fallback
[2026-08-10T13:17:20.294Z] COMPANY: "JK Lakshmi Cement Limited" | QUERIES: ["JK Lakshmi Cement Limited" official website] | CANDIDATES: [] | SELECTED: "" | CONFIDENCE: FAILED | TIME: 0ms | REASON: Resolved via readymade-fallback
[2026-08-10T13:17:20.307Z] COMPANY: "JK Paper Limited" | QUERIES: ["JK Paper Limited" official website] | CANDIDATES: [] | SELECTED: "" | CONFIDENCE: FAILED | TIME: 0ms | REASON: Resolved via readymade-fallback
[2026-08-10T13:17:20.308Z] COMPANY: "JK Tyre & Industries Limited" | QUERIES: ["JK Tyre & Industries Limited" official website] | CANDIDATES: [] | SELECTED: "" | CONFIDENCE: FAILED | TIME: 0ms | REASON: Resolved via readymade-fallback
[2026-08-10T13:17:20.311Z] COMPANY: "Jupiter Life Line Hospitals Limited" | QUERIES: ["Jupiter Life Line Hospitals Limited" official website] | CANDIDATES: [] | SELECTED: "" | CONFIDENCE: FAILED | TIME: 0ms | REASON: Resolved via readymade-fallback
[2026-08-10T13:17:20.315Z] COMPANY: "Jullundur Motor Agency (Delhi) Limited" | QUERIES: ["Jullundur Motor Agency (Delhi) Limited" official website] | CANDIDATES: [] | SELECTED: "" | CONFIDENCE: FAILED | TIME: 0ms | REASON: Resolved via readymade-fallback
[2026-08-10T13:17:20.316Z] COMPANY: "JM Financial Limited" | QUERIES: ["JM Financial Limited" official website] | CANDIDATES: [] | SELECTED: "" | CONFIDENCE: FAILED | TIME: 0ms | REASON: Resolved via readymade-fallback
[2026-08-10T13:17:20.321Z] COMPANY: "JNK India Limited" | QUERIES: ["JNK India Limited" official website] | CANDIDATES: [] | SELECTED: "" | CONFIDENCE: FAILED | TIME: 0ms | REASON: Resolved via readymade-fallback
[2026-08-10T13:17:20.322Z] COMPANY: "Jocil Limited" | QUERIES: ["Jocil Limited" official website] | CANDIDATES: [] | SELECTED: "" | CONFIDENCE: FAILED | TIME: 0ms | REASON: Resolved via readymade-fallback
[2026-08-10T13:17:20.324Z] COMPANY: "Jindal Poly Investment and Finance Company Limited" | QUERIES: ["Jindal Poly Investment and Finance Company Limited" official website] | CANDIDATES: [] | SELECTED: "" | CONFIDENCE: FAILED | TIME: 0ms | REASON: Resolved via readymade-fallback
[2026-08-10T13:17:20.325Z] COMPANY: "Jaiprakash Power Ventures Limited" | QUERIES: ["Jaiprakash Power Ventures Limited" official website] | CANDIDATES: [] | SELECTED: "" | CONFIDENCE: FAILED | TIME: 0ms | REASON: Resolved via readymade-fallback
[2026-08-10T13:17:20.325Z] COMPANY: "Jana Small Finance Bank Limited" | QUERIES: ["Jana Small Finance Bank Limited" official website] | CANDIDATES: [] | SELECTED: "" | CONFIDENCE: FAILED | TIME: 0ms | REASON: Resolved via readymade-fallback
[2026-08-10T13:17:20.326Z] COMPANY: "Jindal Stainless Limited" | QUERIES: ["Jindal Stainless Limited" official website] | CANDIDATES: [] | SELECTED: "" | CONFIDENCE: FAILED | TIME: 0ms | REASON: Resolved via readymade-fallback
[2026-08-10T13:17:20.328Z] COMPANY: "Jeena Sikho Lifecare Limited" | QUERIES: ["Jeena Sikho Lifecare Limited" official website] | CANDIDATES: [] | SELECTED: "" | CONFIDENCE: FAILED | TIME: 0ms | REASON: Resolved via readymade-fallback
[2026-08-10T13:17:20.332Z] COMPANY: "JSW Cement Limited" | QUERIES: ["JSW Cement Limited" official website] | CANDIDATES: [] | SELECTED: "" | CONFIDENCE: FAILED | TIME: 0ms | REASON: Resolved via readymade-fallback
[2026-08-10T13:17:20.335Z] COMPANY: "JSW Dulux Limited" | QUERIES: ["JSW Dulux Limited" official website] | CANDIDATES: [] | SELECTED: "" | CONFIDENCE: FAILED | TIME: 0ms | REASON: Resolved via readymade-fallback
[2026-08-10T13:17:20.337Z] COMPANY: "JSW Energy Limited" | QUERIES: ["JSW Energy Limited" official website] | CANDIDATES: [] | SELECTED: "" | CONFIDENCE: FAILED | TIME: 0ms | REASON: Resolved via readymade-fallback
[2026-08-10T13:17:20.338Z] COMPANY: "JSW Holdings Limited" | QUERIES: ["JSW Holdings Limited" official website] | CANDIDATES: [] | SELECTED: "" | CONFIDENCE: FAILED | TIME: 0ms | REASON: Resolved via readymade-fallback
[2026-08-10T13:17:20.339Z] COMPANY: "JSW Infrastructure Limited" | QUERIES: ["JSW Infrastructure Limited" official website] | CANDIDATES: [] | SELECTED: "" | CONFIDENCE: FAILED | TIME: 0ms | REASON: Resolved via readymade-fallback
[2026-08-10T13:17:20.349Z] COMPANY: "JSW Steel Limited" | QUERIES: ["JSW Steel Limited" official website] | CANDIDATES: [] | SELECTED: "" | CONFIDENCE: FAILED | TIME: 0ms | REASON: Resolved via readymade-fallback
[2026-08-10T13:17:20.351Z] COMPANY: "Jtekt India Limited" | QUERIES: ["Jtekt India Limited" official website] | CANDIDATES: [] | SELECTED: "" | CONFIDENCE: FAILED | TIME: 0ms | REASON: Resolved via readymade-fallback
[2026-08-10T13:17:20.354Z] COMPANY: "JTL INDUSTRIES LIMITED" | QUERIES: ["JTL INDUSTRIES LIMITED" official website] | CANDIDATES: [] | SELECTED: "" | CONFIDENCE: FAILED | TIME: 0ms | REASON: Resolved via readymade-fallback
[2026-08-10T13:17:20.356Z] COMPANY: "Jubilant Agri and Consumer Products Limited" | QUERIES: ["Jubilant Agri and Consumer Products Limited" official website] | CANDIDATES: [] | SELECTED: "" | CONFIDENCE: FAILED | TIME: 0ms | REASON: Resolved via readymade-fallback
[2026-08-10T13:17:20.360Z] COMPANY: "Jubilant Foodworks Limited" | QUERIES: ["Jubilant Foodworks Limited" official website] | CANDIDATES: [] | SELECTED: "" | CONFIDENCE: FAILED | TIME: 0ms | REASON: Resolved via readymade-fallback
[2026-08-10T13:17:20.361Z] COMPANY: "Jubilant Ingrevia Limited" | QUERIES: ["Jubilant Ingrevia Limited" official website] | CANDIDATES: [] | SELECTED: "" | CONFIDENCE: FAILED | TIME: 0ms | REASON: Resolved via readymade-fallback
[2026-08-10T13:17:20.366Z] COMPANY: "Jubilant Pharmova Limited" | QUERIES: ["Jubilant Pharmova Limited" official website] | CANDIDATES: [] | SELECTED: "" | CONFIDENCE: FAILED | TIME: 0ms | REASON: Resolved via readymade-fallback
[2026-08-10T13:17:20.366Z] COMPANY: "Juniper Hotels Limited" | QUERIES: ["Juniper Hotels Limited" official website] | CANDIDATES: [] | SELECTED: "" | CONFIDENCE: FAILED | TIME: 0ms | REASON: Resolved via readymade-fallback
[2026-08-10T13:17:20.368Z] COMPANY: "Just Dial Limited" | QUERIES: ["Just Dial Limited" official website] | CANDIDATES: [] | SELECTED: "" | CONFIDENCE: FAILED | TIME: 0ms | REASON: Resolved via readymade-fallback
[2026-08-10T13:17:20.370Z] COMPANY: "Jupiter Wagons Limited" | QUERIES: ["Jupiter Wagons Limited" official website] | CANDIDATES: [] | SELECTED: "" | CONFIDENCE: FAILED | TIME: 0ms | REASON: Resolved via readymade-fallback
[2026-08-10T13:17:20.371Z] COMPANY: "Jyothy Labs Limited" | QUERIES: ["Jyothy Labs Limited" official website] | CANDIDATES: [] | SELECTED: "" | CONFIDENCE: FAILED | TIME: 0ms | REASON: Resolved via readymade-fallback
[2026-08-10T13:17:20.371Z] COMPANY: "Jyoti CNC Automation Limited" | QUERIES: ["Jyoti CNC Automation Limited" official website] | CANDIDATES: [] | SELECTED: "" | CONFIDENCE: FAILED | TIME: 0ms | REASON: Resolved via readymade-fallback
[2026-08-10T13:17:20.372Z] COMPANY: "Jyoti Structures Limited" | QUERIES: ["Jyoti Structures Limited" official website] | CANDIDATES: [] | SELECTED: "" | CONFIDENCE: FAILED | TIME: 0ms | REASON: Resolved via readymade-fallback
[2026-08-10T13:17:20.376Z] COMPANY: "Kabra Extrusion Technik Limited" | QUERIES: ["Kabra Extrusion Technik Limited" official website] | CANDIDATES: [] | SELECTED: "" | CONFIDENCE: FAILED | TIME: 0ms | REASON: Resolved via readymade-fallback
[2026-08-10T13:17:20.379Z] COMPANY: "Kajaria Ceramics Limited" | QUERIES: ["Kajaria Ceramics Limited" official website] | CANDIDATES: [] | SELECTED: "" | CONFIDENCE: FAILED | TIME: 0ms | REASON: Resolved via readymade-fallback
[2026-08-10T13:17:20.380Z] COMPANY: "Kakatiya Cement Sugar & Industries Limited" | QUERIES: ["Kakatiya Cement Sugar & Industries Limited" official website] | CANDIDATES: [] | SELECTED: "" | CONFIDENCE: FAILED | TIME: 0ms | REASON: Resolved via readymade-fallback
[2026-08-10T13:17:20.381Z] COMPANY: "Sai Silks (Kalamandir) Limited" | QUERIES: ["Sai Silks (Kalamandir) Limited" official website] | CANDIDATES: [] | SELECTED: "" | CONFIDENCE: FAILED | TIME: 0ms | REASON: Resolved via readymade-fallback
[2026-08-10T13:17:20.382Z] COMPANY: "Kalpataru Limited" | QUERIES: ["Kalpataru Limited" official website] | CANDIDATES: [] | SELECTED: "" | CONFIDENCE: FAILED | TIME: 0ms | REASON: Resolved via readymade-fallback
[2026-08-10T13:17:20.385Z] COMPANY: "Kalyani Commercials Limited" | QUERIES: ["Kalyani Commercials Limited" official website] | CANDIDATES: [] | SELECTED: "" | CONFIDENCE: FAILED | TIME: 0ms | REASON: Resolved via readymade-fallback
[2026-08-10T13:17:20.388Z] COMPANY: "Kalyani Forge Limited" | QUERIES: ["Kalyani Forge Limited" official website] | CANDIDATES: [] | SELECTED: "" | CONFIDENCE: FAILED | TIME: 0ms | REASON: Resolved via readymade-fallback
[2026-08-10T13:17:20.390Z] COMPANY: "Kalyan Jewellers India Limited" | QUERIES: ["Kalyan Jewellers India Limited" official website] | CANDIDATES: [] | SELECTED: "" | CONFIDENCE: FAILED | TIME: 0ms | REASON: Resolved via readymade-fallback
[2026-08-10T13:17:20.391Z] COMPANY: "Kama Holdings Limited" | QUERIES: ["Kama Holdings Limited" official website] | CANDIDATES: [] | SELECTED: "" | CONFIDENCE: FAILED | TIME: 0ms | REASON: Resolved via readymade-fallback
[2026-08-10T13:17:20.392Z] COMPANY: "Kamat Hotels (I) Limited" | QUERIES: ["Kamat Hotels (I) Limited" official website] | CANDIDATES: [] | SELECTED: "" | CONFIDENCE: FAILED | TIME: 0ms | REASON: Resolved via readymade-fallback
[2026-08-10T13:17:20.393Z] COMPANY: "Kamdhenu Limited" | QUERIES: ["Kamdhenu Limited" official website] | CANDIDATES: [] | SELECTED: "" | CONFIDENCE: FAILED | TIME: 0ms | REASON: Resolved via readymade-fallback
[2026-08-10T13:17:20.394Z] COMPANY: "Kamdhenu Ventures Limited" | QUERIES: ["Kamdhenu Ventures Limited" official website] | CANDIDATES: [] | SELECTED: "" | CONFIDENCE: FAILED | TIME: 0ms | REASON: Resolved via readymade-fallback
[2026-08-10T13:17:20.396Z] COMPANY: "Kanani Industries Limited" | QUERIES: ["Kanani Industries Limited" official website] | CANDIDATES: [] | SELECTED: "" | CONFIDENCE: FAILED | TIME: 0ms | REASON: Resolved via readymade-fallback
[2026-08-10T13:17:20.397Z] COMPANY: "Kanchi Karpooram Limited" | QUERIES: ["Kanchi Karpooram Limited" official website] | CANDIDATES: [] | SELECTED: "" | CONFIDENCE: FAILED | TIME: 0ms | REASON: Resolved via readymade-fallback
[2026-08-10T13:17:20.398Z] COMPANY: "Kanoria Chemicals & Industries Limited" | QUERIES: ["Kanoria Chemicals & Industries Limited" official website] | CANDIDATES: [] | SELECTED: "" | CONFIDENCE: FAILED | TIME: 0ms | REASON: Resolved via readymade-fallback
[2026-08-10T13:17:20.399Z] COMPANY: "Kanpur Plastipack Limited" | QUERIES: ["Kanpur Plastipack Limited" official website] | CANDIDATES: [] | SELECTED: "" | CONFIDENCE: FAILED | TIME: 0ms | REASON: Resolved via readymade-fallback
[2026-08-10T13:17:20.400Z] COMPANY: "Kansai Nerolac Paints Limited" | QUERIES: ["Kansai Nerolac Paints Limited" official website] | CANDIDATES: [] | SELECTED: "" | CONFIDENCE: FAILED | TIME: 0ms | REASON: Resolved via readymade-fallback
[2026-08-10T13:17:20.401Z] COMPANY: "Kapston Services Limited" | QUERIES: ["Kapston Services Limited" official website] | CANDIDATES: [] | SELECTED: "" | CONFIDENCE: FAILED | TIME: 0ms | REASON: Resolved via readymade-fallback
[2026-08-10T13:17:20.403Z] COMPANY: "Karma Energy Limited" | QUERIES: ["Karma Energy Limited" official website] | CANDIDATES: [] | SELECTED: "" | CONFIDENCE: FAILED | TIME: 0ms | REASON: Resolved via readymade-fallback
[2026-08-10T13:17:20.407Z] COMPANY: "Karur Vysya Bank Limited" | QUERIES: ["Karur Vysya Bank Limited" official website] | CANDIDATES: [] | SELECTED: "" | CONFIDENCE: FAILED | TIME: 0ms | REASON: Resolved via readymade-fallback
[2026-08-10T13:17:20.410Z] COMPANY: "Kaushalya Infrastructure Development Corporation Limited" | QUERIES: ["Kaushalya Infrastructure Development Corporation Limited" official website] | CANDIDATES: [] | SELECTED: "" | CONFIDENCE: FAILED | TIME: 1ms | REASON: Resolved via readymade-fallback
[2026-08-10T13:17:20.412Z] COMPANY: "Kavveri Defence & Wireless Technologies Limited" | QUERIES: ["Kavveri Defence & Wireless Technologies Limited" official website] | CANDIDATES: [] | SELECTED: "" | CONFIDENCE: FAILED | TIME: 0ms | REASON: Resolved via readymade-fallback
[2026-08-10T13:17:20.414Z] COMPANY: "Kaya Limited" | QUERIES: ["Kaya Limited" official website] | CANDIDATES: [] | SELECTED: "" | CONFIDENCE: FAILED | TIME: 0ms | REASON: Resolved via readymade-fallback
[2026-08-10T13:17:20.416Z] COMPANY: "Kaynes Technology India Limited" | QUERIES: ["Kaynes Technology India Limited" official website] | CANDIDATES: [] | SELECTED: "" | CONFIDENCE: FAILED | TIME: 0ms | REASON: Resolved via readymade-fallback
[2026-08-10T13:17:20.419Z] COMPANY: "KCP Limited" | QUERIES: ["KCP Limited" official website] | CANDIDATES: [] | SELECTED: "" | CONFIDENCE: FAILED | TIME: 0ms | REASON: Resolved via readymade-fallback
[2026-08-10T13:17:20.420Z] COMPANY: "KCP Sugar and Industries Corporation Limited" | QUERIES: ["KCP Sugar and Industries Corporation Limited" official website] | CANDIDATES: [] | SELECTED: "" | CONFIDENCE: FAILED | TIME: 0ms | REASON: Resolved via readymade-fallback
[2026-08-10T13:17:20.423Z] COMPANY: "KDDL Limited" | QUERIES: ["KDDL Limited" official website] | CANDIDATES: [] | SELECTED: "" | CONFIDENCE: FAILED | TIME: 0ms | REASON: Resolved via readymade-fallback
[2026-08-10T13:17:20.426Z] COMPANY: "KEC International Limited" | QUERIES: ["KEC International Limited" official website] | CANDIDATES: [] | SELECTED: "" | CONFIDENCE: FAILED | TIME: 0ms | REASON: Resolved via readymade-fallback
[2026-08-10T13:17:20.427Z] COMPANY: "Kirloskar Electric Company Limited" | QUERIES: ["Kirloskar Electric Company Limited" official website] | CANDIDATES: [] | SELECTED: "" | CONFIDENCE: FAILED | TIME: 0ms | REASON: Resolved via readymade-fallback
[2026-08-10T13:17:20.430Z] COMPANY: "DSJ Keep Learning Limited" | QUERIES: ["DSJ Keep Learning Limited" official website] | CANDIDATES: [] | SELECTED: "" | CONFIDENCE: FAILED | TIME: 0ms | REASON: Resolved via readymade-fallback
[2026-08-10T13:17:20.431Z] COMPANY: "KEI Industries Limited" | QUERIES: ["KEI Industries Limited" official website] | CANDIDATES: [] | SELECTED: "" | CONFIDENCE: FAILED | TIME: 0ms | REASON: Resolved via readymade-fallback
[2026-08-10T13:17:20.433Z] COMPANY: "Kellton Tech Solutions Limited" | QUERIES: ["Kellton Tech Solutions Limited" official website] | CANDIDATES: [] | SELECTED: "" | CONFIDENCE: FAILED | TIME: 0ms | REASON: Resolved via readymade-fallback
[2026-08-10T13:17:20.436Z] COMPANY: "Kennametal India Limited" | QUERIES: ["Kennametal India Limited" official website] | CANDIDATES: [] | SELECTED: "" | CONFIDENCE: FAILED | TIME: 0ms | REASON: Resolved via readymade-fallback
[2026-08-10T13:17:20.440Z] COMPANY: "Kernex Microsystems (India) Limited" | QUERIES: ["Kernex Microsystems (India) Limited" official website] | CANDIDATES: [] | SELECTED: "" | CONFIDENCE: FAILED | TIME: 0ms | REASON: Resolved via readymade-fallback
[2026-08-10T13:17:20.444Z] COMPANY: "Kesoram Industries Limited" | QUERIES: ["Kesoram Industries Limited" official website] | CANDIDATES: [] | SELECTED: "" | CONFIDENCE: FAILED | TIME: 0ms | REASON: Resolved via readymade-fallback
[2026-08-10T13:17:20.447Z] COMPANY: "Keynote Financial Services Limited" | QUERIES: ["Keynote Financial Services Limited" official website] | CANDIDATES: [] | SELECTED: "" | CONFIDENCE: FAILED | TIME: 0ms | REASON: Resolved via readymade-fallback
[2026-08-10T13:17:20.448Z] COMPANY: "Kfin Technologies Limited" | QUERIES: ["Kfin Technologies Limited" official website] | CANDIDATES: [] | SELECTED: "" | CONFIDENCE: FAILED | TIME: 0ms | REASON: Resolved via readymade-fallback
[2026-08-10T13:17:20.453Z] COMPANY: "Khadim India Limited" | QUERIES: ["Khadim India Limited" official website] | CANDIDATES: [] | SELECTED: "" | CONFIDENCE: FAILED | TIME: 0ms | REASON: Resolved via readymade-fallback
[2026-08-10T13:17:20.454Z] COMPANY: "Khaitan Chemicals & Fertilizers Limited" | QUERIES: ["Khaitan Chemicals & Fertilizers Limited" official website] | CANDIDATES: [] | SELECTED: "" | CONFIDENCE: FAILED | TIME: 0ms | REASON: Resolved via readymade-fallback
[2026-08-10T13:17:20.457Z] COMPANY: "Khaitan (India) Limited" | QUERIES: ["Khaitan (India) Limited" official website] | CANDIDATES: [] | SELECTED: "" | CONFIDENCE: FAILED | TIME: 0ms | REASON: Resolved via readymade-fallback
[2026-08-10T13:17:20.458Z] COMPANY: "Khandwala Securities Limited" | QUERIES: ["Khandwala Securities Limited" official website] | CANDIDATES: [] | SELECTED: "" | CONFIDENCE: FAILED | TIME: 0ms | REASON: Resolved via readymade-fallback
[2026-08-10T13:17:20.460Z] COMPANY: "Kalyani Investment Company Limited" | QUERIES: ["Kalyani Investment Company Limited" official website] | CANDIDATES: [] | SELECTED: "" | CONFIDENCE: FAILED | TIME: 0ms | REASON: Resolved via readymade-fallback
[2026-08-10T13:17:20.463Z] COMPANY: "Kilitch Drugs (India) Limited" | QUERIES: ["Kilitch Drugs (India) Limited" official website] | CANDIDATES: [] | SELECTED: "" | CONFIDENCE: FAILED | TIME: 0ms | REASON: Resolved via readymade-fallback
[2026-08-10T13:17:20.464Z] COMPANY: "Krishna Institute of Medical Sciences Limited" | QUERIES: ["Krishna Institute of Medical Sciences Limited" official website] | CANDIDATES: [] | SELECTED: "" | CONFIDENCE: FAILED | TIME: 0ms | REASON: Resolved via readymade-fallback
[2026-08-10T13:17:20.465Z] COMPANY: "Kingfa Science & Technology (India) Limited" | QUERIES: ["Kingfa Science & Technology (India) Limited" official website] | CANDIDATES: [] | SELECTED: "" | CONFIDENCE: FAILED | TIME: 0ms | REASON: Resolved via readymade-fallback
[2026-08-10T13:17:20.469Z] COMPANY: "KIOCL Limited" | QUERIES: ["KIOCL Limited" official website] | CANDIDATES: [] | SELECTED: "" | CONFIDENCE: FAILED | TIME: 0ms | REASON: Resolved via readymade-fallback
[2026-08-10T13:17:20.470Z] COMPANY: "Kiran Vyapar Limited" | QUERIES: ["Kiran Vyapar Limited" official website] | CANDIDATES: [] | SELECTED: "" | CONFIDENCE: FAILED | TIME: 0ms | REASON: Resolved via readymade-fallback
[2026-08-10T13:17:20.474Z] COMPANY: "Kiri Industries Limited" | QUERIES: ["Kiri Industries Limited" official website] | CANDIDATES: [] | SELECTED: "" | CONFIDENCE: FAILED | TIME: 0ms | REASON: Resolved via readymade-fallback
[2026-08-10T13:17:20.477Z] COMPANY: "Kirloskar Ferrous Industries Limited" | QUERIES: ["Kirloskar Ferrous Industries Limited" official website] | CANDIDATES: [] | SELECTED: "" | CONFIDENCE: FAILED | TIME: 0ms | REASON: Resolved via readymade-fallback
[2026-08-10T13:17:20.478Z] COMPANY: "Kirloskar Brothers Limited" | QUERIES: ["Kirloskar Brothers Limited" official website] | CANDIDATES: [] | SELECTED: "" | CONFIDENCE: FAILED | TIME: 0ms | REASON: Resolved via readymade-fallback
[2026-08-10T13:17:20.479Z] COMPANY: "Kirloskar Oil Engines Limited" | QUERIES: ["Kirloskar Oil Engines Limited" official website] | CANDIDATES: [] | SELECTED: "" | CONFIDENCE: FAILED | TIME: 0ms | REASON: Resolved via readymade-fallback
[2026-08-10T13:17:20.483Z] COMPANY: "Kirloskar Industries Limited" | QUERIES: ["Kirloskar Industries Limited" official website] | CANDIDATES: [] | SELECTED: "" | CONFIDENCE: FAILED | TIME: 0ms | REASON: Resolved via readymade-fallback
[2026-08-10T13:17:20.486Z] COMPANY: "Kirloskar Pneumatic Company Limited" | QUERIES: ["Kirloskar Pneumatic Company Limited" official website] | CANDIDATES: [] | SELECTED: "" | CONFIDENCE: FAILED | TIME: 0ms | REASON: Resolved via readymade-fallback
[2026-08-10T13:17:20.490Z] COMPANY: "OnEMI Technology Solutions Limited" | QUERIES: ["OnEMI Technology Solutions Limited" official website] | CANDIDATES: [] | SELECTED: "" | CONFIDENCE: FAILED | TIME: 0ms | REASON: Resolved via readymade-fallback
[2026-08-10T13:17:20.491Z] COMPANY: "Kitex Garments Limited" | QUERIES: ["Kitex Garments Limited" official website] | CANDIDATES: [] | SELECTED: "" | CONFIDENCE: FAILED | TIME: 0ms | REASON: Resolved via readymade-fallback
[2026-08-10T13:17:20.492Z] COMPANY: "Kewal Kiran Clothing Limited" | QUERIES: ["Kewal Kiran Clothing Limited" official website] | CANDIDATES: [] | SELECTED: "" | CONFIDENCE: FAILED | TIME: 0ms | REASON: Resolved via readymade-fallback
[2026-08-10T13:17:20.494Z] COMPANY: "Kilburn Engineering Limited" | QUERIES: ["Kilburn Engineering Limited" official website] | CANDIDATES: [] | SELECTED: "" | CONFIDENCE: FAILED | TIME: 0ms | REASON: Resolved via readymade-fallback
[2026-08-10T13:17:20.495Z] COMPANY: "Knowledge Marine & Engineering Works Limited" | QUERIES: ["Knowledge Marine & Engineering Works Limited" official website] | CANDIDATES: [] | SELECTED: "" | CONFIDENCE: FAILED | TIME: 0ms | REASON: Resolved via readymade-fallback
[2026-08-10T13:17:20.500Z] COMPANY: "K.M.Sugar Mills Limited" | QUERIES: ["K.M.Sugar Mills Limited" official website] | CANDIDATES: [] | SELECTED: "" | CONFIDENCE: FAILED | TIME: 0ms | REASON: Resolved via readymade-fallback
[2026-08-10T13:17:20.502Z] COMPANY: "Knack Packaging Limited" | QUERIES: ["Knack Packaging Limited" official website] | CANDIDATES: [] | SELECTED: "" | CONFIDENCE: FAILED | TIME: 0ms | REASON: Resolved via readymade-fallback
[2026-08-10T13:17:20.506Z] COMPANY: "KN Agri Resources Limited" | QUERIES: ["KN Agri Resources Limited" official website] | CANDIDATES: [] | SELECTED: "" | CONFIDENCE: FAILED | TIME: 0ms | REASON: Resolved via readymade-fallback
[2026-08-10T13:17:20.509Z] COMPANY: "KNR Constructions Limited" | QUERIES: ["KNR Constructions Limited" official website] | CANDIDATES: [] | SELECTED: "" | CONFIDENCE: FAILED | TIME: 0ms | REASON: Resolved via readymade-fallback
[2026-08-10T13:17:20.513Z] COMPANY: "Kohinoor Foods Limited" | QUERIES: ["Kohinoor Foods Limited" official website] | CANDIDATES: [] | SELECTED: "" | CONFIDENCE: FAILED | TIME: 0ms | REASON: Resolved via readymade-fallback
[2026-08-10T13:17:20.515Z] COMPANY: "Kokuyo Camlin Limited" | QUERIES: ["Kokuyo Camlin Limited" official website] | CANDIDATES: [] | SELECTED: "" | CONFIDENCE: FAILED | TIME: 0ms | REASON: Resolved via readymade-fallback
[2026-08-10T13:17:20.517Z] COMPANY: "Kolte - Patil Developers Limited" | QUERIES: ["Kolte - Patil Developers Limited" official website] | CANDIDATES: [] | SELECTED: "" | CONFIDENCE: FAILED | TIME: 0ms | REASON: Resolved via readymade-fallback
[2026-08-10T13:17:20.520Z] COMPANY: "Kopran Limited" | QUERIES: ["Kopran Limited" official website] | CANDIDATES: [] | SELECTED: "" | CONFIDENCE: FAILED | TIME: 0ms | REASON: Resolved via readymade-fallback
[2026-08-10T13:17:20.522Z] COMPANY: "Kotak Mahindra Bank Limited" | QUERIES: ["Kotak Mahindra Bank Limited" official website] | CANDIDATES: [] | SELECTED: "" | CONFIDENCE: FAILED | TIME: 0ms | REASON: Resolved via readymade-fallback
[2026-08-10T13:17:20.524Z] COMPANY: "Kothari Sugars And Chemicals Limited" | QUERIES: ["Kothari Sugars And Chemicals Limited" official website] | CANDIDATES: [] | SELECTED: "" | CONFIDENCE: FAILED | TIME: 0ms | REASON: Resolved via readymade-fallback
[2026-08-10T13:17:20.528Z] COMPANY: "Kothari Petrochemicals Limited" | QUERIES: ["Kothari Petrochemicals Limited" official website] | CANDIDATES: [] | SELECTED: "" | CONFIDENCE: FAILED | TIME: 0ms | REASON: Resolved via readymade-fallback
[2026-08-10T13:17:20.531Z] COMPANY: "Kothari Products Limited" | QUERIES: ["Kothari Products Limited" official website] | CANDIDATES: [] | SELECTED: "" | CONFIDENCE: FAILED | TIME: 0ms | REASON: Resolved via readymade-fallback
[2026-08-10T13:17:20.534Z] COMPANY: "Kothari Industrial Corporation Limited" | QUERIES: ["Kothari Industrial Corporation Limited" official website] | CANDIDATES: [] | SELECTED: "" | CONFIDENCE: FAILED | TIME: 0ms | REASON: Resolved via readymade-fallback
[2026-08-10T13:17:20.535Z] COMPANY: "Kotyark Industries Limited" | QUERIES: ["Kotyark Industries Limited" official website] | CANDIDATES: [] | SELECTED: "" | CONFIDENCE: FAILED | TIME: 0ms | REASON: Resolved via readymade-fallback
[2026-08-10T13:17:20.536Z] COMPANY: "Kovai Medical Center & Hospital Limited" | QUERIES: ["Kovai Medical Center & Hospital Limited" official website] | CANDIDATES: [] | SELECTED: "" | CONFIDENCE: FAILED | TIME: 0ms | REASON: Resolved via readymade-fallback
[2026-08-10T13:17:20.539Z] COMPANY: "K.P. Energy Limited" | QUERIES: ["K.P. Energy Limited" official website] | CANDIDATES: [] | SELECTED: "" | CONFIDENCE: FAILED | TIME: 0ms | REASON: Resolved via readymade-fallback
[2026-08-10T13:17:20.540Z] COMPANY: "KPI Green Energy Limited" | QUERIES: ["KPI Green Energy Limited" official website] | CANDIDATES: [] | SELECTED: "" | CONFIDENCE: FAILED | TIME: 0ms | REASON: Resolved via readymade-fallback
[2026-08-10T13:17:20.542Z] COMPANY: "Kalpataru Projects International Limited" | QUERIES: ["Kalpataru Projects International Limited" official website] | CANDIDATES: [] | SELECTED: "" | CONFIDENCE: FAILED | TIME: 0ms | REASON: Resolved via readymade-fallback
[2026-08-10T13:17:20.543Z] COMPANY: "KPIT Technologies Limited" | QUERIES: ["KPIT Technologies Limited" official website] | CANDIDATES: [] | SELECTED: "" | CONFIDENCE: FAILED | TIME: 0ms | REASON: Resolved via readymade-fallback
[2026-08-10T13:17:20.543Z] COMPANY: "Kwality Pharmaceuticals Limited" | QUERIES: ["Kwality Pharmaceuticals Limited" official website] | CANDIDATES: [] | SELECTED: "" | CONFIDENCE: FAILED | TIME: 0ms | REASON: Resolved via readymade-fallback
[2026-08-10T13:17:20.544Z] COMPANY: "K.P.R. Mill Limited" | QUERIES: ["K.P.R. Mill Limited" official website] | CANDIDATES: [] | SELECTED: "" | CONFIDENCE: FAILED | TIME: 0ms | REASON: Resolved via readymade-fallback
[2026-08-10T13:17:20.545Z] COMPANY: "KRBL Limited" | QUERIES: ["KRBL Limited" official website] | CANDIDATES: [] | SELECTED: "" | CONFIDENCE: FAILED | TIME: 0ms | REASON: Resolved via readymade-fallback
[2026-08-10T13:17:20.546Z] COMPANY: "Krebs Biochemicals and Industries Limited" | QUERIES: ["Krebs Biochemicals and Industries Limited" official website] | CANDIDATES: [] | SELECTED: "" | CONFIDENCE: FAILED | TIME: 0ms | REASON: Resolved via readymade-fallback
[2026-08-10T13:17:20.549Z] COMPANY: "Kridhan Infra Limited" | QUERIES: ["Kridhan Infra Limited" official website] | CANDIDATES: [] | SELECTED: "" | CONFIDENCE: FAILED | TIME: 0ms | REASON: Resolved via readymade-fallback
[2026-08-10T13:17:20.550Z] COMPANY: "Krishana Phoschem Limited" | QUERIES: ["Krishana Phoschem Limited" official website] | CANDIDATES: [] | SELECTED: "" | CONFIDENCE: FAILED | TIME: 0ms | REASON: Resolved via readymade-fallback
[2026-08-10T13:17:20.551Z] COMPANY: "Krishival Foods Limited" | QUERIES: ["Krishival Foods Limited" official website] | CANDIDATES: [] | SELECTED: "" | CONFIDENCE: FAILED | TIME: 0ms | REASON: Resolved via readymade-fallback
[2026-08-10T13:17:20.558Z] COMPANY: "Krishna Defence And Allied Industries Limited" | QUERIES: ["Krishna Defence And Allied Industries Limited" official website] | CANDIDATES: [] | SELECTED: "" | CONFIDENCE: FAILED | TIME: 1ms | REASON: Resolved via readymade-fallback
[2026-08-10T13:17:20.558Z] COMPANY: "Kriti Industries (India) Limited" | QUERIES: ["Kriti Industries (India) Limited" official website] | CANDIDATES: [] | SELECTED: "" | CONFIDENCE: FAILED | TIME: 0ms | REASON: Resolved via readymade-fallback
[2026-08-10T13:17:20.563Z] COMPANY: "Kritika Wires Limited" | QUERIES: ["Kritika Wires Limited" official website] | CANDIDATES: [] | SELECTED: "" | CONFIDENCE: FAILED | TIME: 4ms | REASON: Resolved via readymade-fallback
[2026-08-10T13:17:20.564Z] COMPANY: "Kriti Nutrients Limited" | QUERIES: ["Kriti Nutrients Limited" official website] | CANDIDATES: [] | SELECTED: "" | CONFIDENCE: FAILED | TIME: 0ms | REASON: Resolved via readymade-fallback
[2026-08-10T13:17:20.566Z] COMPANY: "KRN Heat Exchanger and Refrigeration Limited" | QUERIES: ["KRN Heat Exchanger and Refrigeration Limited" official website] | CANDIDATES: [] | SELECTED: "" | CONFIDENCE: FAILED | TIME: 0ms | REASON: Resolved via readymade-fallback
[2026-08-10T13:17:20.567Z] COMPANY: "Kronox Lab Sciences Limited" | QUERIES: ["Kronox Lab Sciences Limited" official website] | CANDIDATES: [] | SELECTED: "" | CONFIDENCE: FAILED | TIME: 0ms | REASON: Resolved via readymade-fallback
[2026-08-10T13:17:20.571Z] COMPANY: "Kross Limited" | QUERIES: ["Kross Limited" official website] | CANDIDATES: [] | SELECTED: "" | CONFIDENCE: FAILED | TIME: 0ms | REASON: Resolved via readymade-fallback
[2026-08-10T13:17:20.575Z] COMPANY: "Krsnaa Diagnostics Limited" | QUERIES: ["Krsnaa Diagnostics Limited" official website] | CANDIDATES: [] | SELECTED: "" | CONFIDENCE: FAILED | TIME: 0ms | REASON: Resolved via readymade-fallback
[2026-08-10T13:17:20.578Z] COMPANY: "Krystal Integrated Services Limited" | QUERIES: ["Krystal Integrated Services Limited" official website] | CANDIDATES: [] | SELECTED: "" | CONFIDENCE: FAILED | TIME: 0ms | REASON: Resolved via readymade-fallback
[2026-08-10T13:17:20.579Z] COMPANY: "Ksb Limited" | QUERIES: ["Ksb Limited" official website] | CANDIDATES: [] | SELECTED: "" | CONFIDENCE: FAILED | TIME: 1ms | REASON: Resolved via readymade-fallback
[2026-08-10T13:17:20.583Z] COMPANY: "Kaveri Seed Company Limited" | QUERIES: ["Kaveri Seed Company Limited" official website] | CANDIDATES: [] | SELECTED: "" | CONFIDENCE: FAILED | TIME: 0ms | REASON: Resolved via readymade-fallback
[2026-08-10T13:17:20.585Z] COMPANY: "KSH International Limited" | QUERIES: ["KSH International Limited" official website] | CANDIDATES: [] | SELECTED: "" | CONFIDENCE: FAILED | TIME: 1ms | REASON: Resolved via readymade-fallback
[2026-08-10T13:17:20.587Z] COMPANY: "Kshitij Polyline Limited" | QUERIES: ["Kshitij Polyline Limited" official website] | CANDIDATES: [] | SELECTED: "" | CONFIDENCE: FAILED | TIME: 1ms | REASON: Resolved via readymade-fallback
[2026-08-10T13:17:20.588Z] COMPANY: "Kalyani Steels Limited" | QUERIES: ["Kalyani Steels Limited" official website] | CANDIDATES: [] | SELECTED: "" | CONFIDENCE: FAILED | TIME: 0ms | REASON: Resolved via readymade-fallback
[2026-08-10T13:17:20.589Z] COMPANY: "Ksolves India Limited" | QUERIES: ["Ksolves India Limited" official website] | CANDIDATES: [] | SELECTED: "" | CONFIDENCE: FAILED | TIME: 0ms | REASON: Resolved via readymade-fallback
[2026-08-10T13:17:20.592Z] COMPANY: "KSR Footwear Limited" | QUERIES: ["KSR Footwear Limited" official website] | CANDIDATES: [] | SELECTED: "" | CONFIDENCE: FAILED | TIME: 0ms | REASON: Resolved via readymade-fallback
[2026-08-10T13:17:20.593Z] COMPANY: "The Karnataka Bank Limited" | QUERIES: ["The Karnataka Bank Limited" official website] | CANDIDATES: [] | SELECTED: "" | CONFIDENCE: FAILED | TIME: 0ms | REASON: Resolved via readymade-fallback
[2026-08-10T13:17:20.595Z] COMPANY: "Kuantum Papers Limited" | QUERIES: ["Kuantum Papers Limited" official website] | CANDIDATES: [] | SELECTED: "" | CONFIDENCE: FAILED | TIME: 0ms | REASON: Resolved via readymade-fallback
[2026-08-10T13:17:20.597Z] COMPANY: "Kusumgar Limited" | QUERIES: ["Kusumgar Limited" official website] | CANDIDATES: [] | SELECTED: "" | CONFIDENCE: FAILED | TIME: 0ms | REASON: Resolved via readymade-fallback
[2026-08-10T13:17:20.598Z] COMPANY: "Kwality Wall's (India) Limited" | QUERIES: ["Kwality Wall's (India) Limited" official website] | CANDIDATES: [] | SELECTED: "" | CONFIDENCE: FAILED | TIME: 0ms | REASON: Resolved via readymade-fallback
[2026-08-10T13:17:20.601Z] COMPANY: "Lagnam Spintex Limited" | QUERIES: ["Lagnam Spintex Limited" official website] | CANDIDATES: [] | SELECTED: "" | CONFIDENCE: FAILED | TIME: 1ms | REASON: Resolved via readymade-fallback
[2026-08-10T13:17:20.602Z] COMPANY: "Lahoti Overseas Limited" | QUERIES: ["Lahoti Overseas Limited" official website] | CANDIDATES: [] | SELECTED: "" | CONFIDENCE: FAILED | TIME: 0ms | REASON: Resolved via readymade-fallback
[2026-08-10T13:17:20.604Z] COMPANY: "Lakshmi Precision Screws Limited" | QUERIES: ["Lakshmi Precision Screws Limited" official website] | CANDIDATES: [] | SELECTED: "" | CONFIDENCE: FAILED | TIME: 1ms | REASON: Resolved via readymade-fallback
[2026-08-10T13:17:20.606Z] COMPANY: "Lorenzini Apparels Limited" | QUERIES: ["Lorenzini Apparels Limited" official website] | CANDIDATES: [] | SELECTED: "" | CONFIDENCE: FAILED | TIME: 0ms | REASON: Resolved via readymade-fallback
[2026-08-10T13:17:20.608Z] COMPANY: "Dr. Lal Path Labs Ltd." | QUERIES: ["Dr. Lal Path Labs Ltd." official website] | CANDIDATES: [] | SELECTED: "" | CONFIDENCE: FAILED | TIME: 0ms | REASON: Resolved via readymade-fallback
[2026-08-10T13:17:20.610Z] COMPANY: "Lambodhara Textiles Limited" | QUERIES: ["Lambodhara Textiles Limited" official website] | CANDIDATES: [] | SELECTED: "" | CONFIDENCE: FAILED | TIME: 1ms | REASON: Resolved via readymade-fallback
[2026-08-10T13:17:20.611Z] COMPANY: "Lancor Holdings Limited" | QUERIES: ["Lancor Holdings Limited" official website] | CANDIDATES: [] | SELECTED: "" | CONFIDENCE: FAILED | TIME: 0ms | REASON: Resolved via readymade-fallback
[2026-08-10T13:17:20.613Z] COMPANY: "Landmark Cars Limited" | QUERIES: ["Landmark Cars Limited" official website] | CANDIDATES: [] | SELECTED: "" | CONFIDENCE: FAILED | TIME: 1ms | REASON: Resolved via readymade-fallback
[2026-08-10T13:17:20.615Z] COMPANY: "Landsmill Green Limited" | QUERIES: ["Landsmill Green Limited" official website] | CANDIDATES: [] | SELECTED: "" | CONFIDENCE: FAILED | TIME: 0ms | REASON: Resolved via readymade-fallback
[2026-08-10T13:17:20.617Z] COMPANY: "La Opala RG Limited" | QUERIES: ["La Opala RG Limited" official website] | CANDIDATES: [] | SELECTED: "" | CONFIDENCE: FAILED | TIME: 0ms | REASON: Resolved via readymade-fallback
[2026-08-10T13:17:20.619Z] COMPANY: "Lasa Supergenerics Limited" | QUERIES: ["Lasa Supergenerics Limited" official website] | CANDIDATES: [] | SELECTED: "" | CONFIDENCE: FAILED | TIME: 0ms | REASON: Resolved via readymade-fallback
[2026-08-10T13:17:20.619Z] COMPANY: "Laser Power & Infra Limited" | QUERIES: ["Laser Power & Infra Limited" official website] | CANDIDATES: [] | SELECTED: "" | CONFIDENCE: FAILED | TIME: 0ms | REASON: Resolved via readymade-fallback
[2026-08-10T13:17:20.622Z] COMPANY: "Latent View Analytics Limited" | QUERIES: ["Latent View Analytics Limited" official website] | CANDIDATES: [] | SELECTED: "" | CONFIDENCE: FAILED | TIME: 0ms | REASON: Resolved via readymade-fallback
[2026-08-10T13:17:20.624Z] COMPANY: "Latteys Industries Limited" | QUERIES: ["Latteys Industries Limited" official website] | CANDIDATES: [] | SELECTED: "" | CONFIDENCE: FAILED | TIME: 0ms | REASON: Resolved via readymade-fallback
[2026-08-10T13:17:20.626Z] COMPANY: "Laurus Labs Limited" | QUERIES: ["Laurus Labs Limited" official website] | CANDIDATES: [] | SELECTED: "" | CONFIDENCE: FAILED | TIME: 2ms | REASON: Resolved via readymade-fallback
[2026-08-10T13:17:20.626Z] COMPANY: "Laxmi Cotspin Limited" | QUERIES: ["Laxmi Cotspin Limited" official website] | CANDIDATES: [] | SELECTED: "" | CONFIDENCE: FAILED | TIME: 0ms | REASON: Resolved via readymade-fallback
[2026-08-10T13:17:20.629Z] COMPANY: "Laxmi Dental Limited" | QUERIES: ["Laxmi Dental Limited" official website] | CANDIDATES: [] | SELECTED: "" | CONFIDENCE: FAILED | TIME: 0ms | REASON: Resolved via readymade-fallback
[2026-08-10T13:17:20.629Z] COMPANY: "Laxmi India Finance Limited" | QUERIES: ["Laxmi India Finance Limited" official website] | CANDIDATES: [] | SELECTED: "" | CONFIDENCE: FAILED | TIME: 0ms | REASON: Resolved via readymade-fallback
[2026-08-10T13:17:20.631Z] COMPANY: "LCC Infotech Limited" | QUERIES: ["LCC Infotech Limited" official website] | CANDIDATES: [] | SELECTED: "" | CONFIDENCE: FAILED | TIME: 0ms | REASON: Resolved via readymade-fallback
[2026-08-10T13:17:20.632Z] COMPANY: "Lohia Corp Limited" | QUERIES: ["Lohia Corp Limited" official website] | CANDIDATES: [] | SELECTED: "" | CONFIDENCE: FAILED | TIME: 0ms | REASON: Resolved via readymade-fallback
[2026-08-10T13:17:20.633Z] COMPANY: "Le Merite Exports Limited" | QUERIES: ["Le Merite Exports Limited" official website] | CANDIDATES: [] | SELECTED: "" | CONFIDENCE: FAILED | TIME: 0ms | REASON: Resolved via readymade-fallback
[2026-08-10T13:17:20.635Z] COMPANY: "Lemon Tree Hotels Limited" | QUERIES: ["Lemon Tree Hotels Limited" official website] | CANDIDATES: [] | SELECTED: "" | CONFIDENCE: FAILED | TIME: 0ms | REASON: Resolved via readymade-fallback
[2026-08-10T13:17:20.637Z] COMPANY: "Lenskart Solutions Limited" | QUERIES: ["Lenskart Solutions Limited" official website] | CANDIDATES: [] | SELECTED: "" | CONFIDENCE: FAILED | TIME: 1ms | REASON: Resolved via readymade-fallback
[2026-08-10T13:17:20.640Z] COMPANY: "Lexus Granito (India) Limited" | QUERIES: ["Lexus Granito (India) Limited" official website] | CANDIDATES: [] | SELECTED: "" | CONFIDENCE: FAILED | TIME: 0ms | REASON: Resolved via readymade-fallback
[2026-08-10T13:17:20.640Z] COMPANY: "Lakshmi Finance & Industrial Corporation Limited" | QUERIES: ["Lakshmi Finance & Industrial Corporation Limited" official website] | CANDIDATES: [] | SELECTED: "" | CONFIDENCE: FAILED | TIME: 0ms | REASON: Resolved via readymade-fallback
[2026-08-10T13:17:20.642Z] COMPANY: "LG Balakrishnan & Bros Limited" | QUERIES: ["LG Balakrishnan & Bros Limited" official website] | CANDIDATES: [] | SELECTED: "" | CONFIDENCE: FAILED | TIME: 0ms | REASON: Resolved via readymade-fallback
[2026-08-10T13:17:20.644Z] COMPANY: "LG Electronics India Limited" | QUERIES: ["LG Electronics India Limited" official website] | CANDIDATES: [] | SELECTED: "" | CONFIDENCE: FAILED | TIME: 0ms | REASON: Resolved via readymade-fallback
[2026-08-10T13:17:20.648Z] COMPANY: "Laxmi Goldorna House Limited" | QUERIES: ["Laxmi Goldorna House Limited" official website] | CANDIDATES: [] | SELECTED: "" | CONFIDENCE: FAILED | TIME: 0ms | REASON: Resolved via readymade-fallback
[2026-08-10T13:17:20.651Z] COMPANY: "Libas Consumer Products Limited" | QUERIES: ["Libas Consumer Products Limited" official website] | CANDIDATES: [] | SELECTED: "" | CONFIDENCE: FAILED | TIME: 0ms | REASON: Resolved via readymade-fallback
[2026-08-10T13:17:20.653Z] COMPANY: "Liberty Shoes Limited" | QUERIES: ["Liberty Shoes Limited" official website] | CANDIDATES: [] | SELECTED: "" | CONFIDENCE: FAILED | TIME: 0ms | REASON: Resolved via readymade-fallback
[2026-08-10T13:17:20.655Z] COMPANY: "LIC Housing Finance Limited" | QUERIES: ["LIC Housing Finance Limited" official website] | CANDIDATES: [] | SELECTED: "" | CONFIDENCE: FAILED | TIME: 0ms | REASON: Resolved via readymade-fallback
[2026-08-10T13:17:20.661Z] COMPANY: "Life Insurance Corporation Of India" | QUERIES: ["Life Insurance Corporation Of India" official website] | CANDIDATES: [] | SELECTED: "" | CONFIDENCE: FAILED | TIME: 0ms | REASON: Resolved via readymade-fallback
[2026-08-10T13:17:20.662Z] COMPANY: "Likhitha Infrastructure Limited" | QUERIES: ["Likhitha Infrastructure Limited" official website] | CANDIDATES: [] | SELECTED: "" | CONFIDENCE: FAILED | TIME: 0ms | REASON: Resolved via readymade-fallback
[2026-08-10T13:17:20.663Z] COMPANY: "Linc Limited" | QUERIES: ["Linc Limited" official website] | CANDIDATES: [] | SELECTED: "" | CONFIDENCE: FAILED | TIME: 0ms | REASON: Resolved via readymade-fallback
[2026-08-10T13:17:20.667Z] COMPANY: "Lincoln Pharmaceuticals Limited" | QUERIES: ["Lincoln Pharmaceuticals Limited" official website] | CANDIDATES: [] | SELECTED: "" | CONFIDENCE: FAILED | TIME: 0ms | REASON: Resolved via readymade-fallback
[2026-08-10T13:17:20.668Z] COMPANY: "Linde India Limited" | QUERIES: ["Linde India Limited" official website] | CANDIDATES: [] | SELECTED: "" | CONFIDENCE: FAILED | TIME: 0ms | REASON: Resolved via readymade-fallback
[2026-08-10T13:17:20.668Z] COMPANY: "LLOYDS ENGINEERING WORKS LIMITED" | QUERIES: ["LLOYDS ENGINEERING WORKS LIMITED" official website] | CANDIDATES: [] | SELECTED: "" | CONFIDENCE: FAILED | TIME: 0ms | REASON: Resolved via readymade-fallback
[2026-08-10T13:17:20.674Z] COMPANY: "Lloyds Enterprises Limited" | QUERIES: ["Lloyds Enterprises Limited" official website] | CANDIDATES: [] | SELECTED: "" | CONFIDENCE: FAILED | TIME: 0ms | REASON: Resolved via readymade-fallback
[2026-08-10T13:17:20.678Z] COMPANY: "Lloyds Metals And Energy Limited" | QUERIES: ["Lloyds Metals And Energy Limited" official website] | CANDIDATES: [] | SELECTED: "" | CONFIDENCE: FAILED | TIME: 0ms | REASON: Resolved via readymade-fallback
[2026-08-10T13:17:20.679Z] COMPANY: "LMW Limited" | QUERIES: ["LMW Limited" official website] | CANDIDATES: [] | SELECTED: "" | CONFIDENCE: FAILED | TIME: 0ms | REASON: Resolved via readymade-fallback
[2026-08-10T13:17:20.680Z] COMPANY: "Lodha Developers Limited" | QUERIES: ["Lodha Developers Limited" official website] | CANDIDATES: [] | SELECTED: "" | CONFIDENCE: FAILED | TIME: 0ms | REASON: Resolved via readymade-fallback
[2026-08-10T13:17:20.681Z] COMPANY: "Lokesh Machines Limited" | QUERIES: ["Lokesh Machines Limited" official website] | CANDIDATES: [] | SELECTED: "" | CONFIDENCE: FAILED | TIME: 0ms | REASON: Resolved via readymade-fallback
[2026-08-10T13:17:20.682Z] COMPANY: "Lords Chloro Alkali Limited" | QUERIES: ["Lords Chloro Alkali Limited" official website] | CANDIDATES: [] | SELECTED: "" | CONFIDENCE: FAILED | TIME: 0ms | REASON: Resolved via readymade-fallback
[2026-08-10T13:17:20.682Z] COMPANY: "Sri Lotus Developers and Realty Limited" | QUERIES: ["Sri Lotus Developers and Realty Limited" official website] | CANDIDATES: [] | SELECTED: "" | CONFIDENCE: FAILED | TIME: 0ms | REASON: Resolved via readymade-fallback
[2026-08-10T13:17:20.683Z] COMPANY: "Lotus Eye Hospital and Institute Limited" | QUERIES: ["Lotus Eye Hospital and Institute Limited" official website] | CANDIDATES: [] | SELECTED: "" | CONFIDENCE: FAILED | TIME: 0ms | REASON: Resolved via readymade-fallback
[2026-08-10T13:17:20.683Z] COMPANY: "Lovable Lingerie Limited" | QUERIES: ["Lovable Lingerie Limited" official website] | CANDIDATES: [] | SELECTED: "" | CONFIDENCE: FAILED | TIME: 0ms | REASON: Resolved via readymade-fallback
[2026-08-10T13:17:20.684Z] COMPANY: "Loyal Textile Mills Limited" | QUERIES: ["Loyal Textile Mills Limited" official website] | CANDIDATES: [] | SELECTED: "" | CONFIDENCE: FAILED | TIME: 0ms | REASON: Resolved via readymade-fallback
[2026-08-10T13:17:20.685Z] COMPANY: "Landmark Property Development Company Limited" | QUERIES: ["Landmark Property Development Company Limited" official website] | CANDIDATES: [] | SELECTED: "" | CONFIDENCE: FAILED | TIME: 0ms | REASON: Resolved via readymade-fallback
[2026-08-10T13:17:20.685Z] COMPANY: "Larsen & Toubro Limited" | QUERIES: ["Larsen & Toubro Limited" official website] | CANDIDATES: [] | SELECTED: "" | CONFIDENCE: FAILED | TIME: 0ms | REASON: Resolved via readymade-fallback
[2026-08-10T13:17:20.687Z] COMPANY: "L&T Finance Limited" | QUERIES: ["L&T Finance Limited" official website] | CANDIDATES: [] | SELECTED: "" | CONFIDENCE: FAILED | TIME: 0ms | REASON: Resolved via readymade-fallback
[2026-08-10T13:17:20.688Z] COMPANY: "LT Foods Limited" | QUERIES: ["LT Foods Limited" official website] | CANDIDATES: [] | SELECTED: "" | CONFIDENCE: FAILED | TIME: 0ms | REASON: Resolved via readymade-fallback
[2026-08-10T13:17:20.694Z] COMPANY: "LTM Limited" | QUERIES: ["LTM Limited" official website] | CANDIDATES: [] | SELECTED: "" | CONFIDENCE: FAILED | TIME: 0ms | REASON: Resolved via readymade-fallback
[2026-08-10T13:17:20.699Z] COMPANY: "L&T Technology Services Limited" | QUERIES: ["L&T Technology Services Limited" official website] | CANDIDATES: [] | SELECTED: "" | CONFIDENCE: FAILED | TIME: 0ms | REASON: Resolved via readymade-fallback
[2026-08-10T13:17:20.700Z] COMPANY: "Lumax Industries Limited" | QUERIES: ["Lumax Industries Limited" official website] | CANDIDATES: [] | SELECTED: "" | CONFIDENCE: FAILED | TIME: 0ms | REASON: Resolved via readymade-fallback
[2026-08-10T13:17:20.704Z] COMPANY: "Lumax Auto Technologies Limited" | QUERIES: ["Lumax Auto Technologies Limited" official website] | CANDIDATES: [] | SELECTED: "" | CONFIDENCE: FAILED | TIME: 0ms | REASON: Resolved via readymade-fallback
[2026-08-10T13:17:20.705Z] COMPANY: "Lupin Limited" | QUERIES: ["Lupin Limited" official website] | CANDIDATES: [] | SELECTED: "" | CONFIDENCE: FAILED | TIME: 0ms | REASON: Resolved via readymade-fallback
[2026-08-10T13:17:20.706Z] COMPANY: "Lux Industries Limited" | QUERIES: ["Lux Industries Limited" official website] | CANDIDATES: [] | SELECTED: "" | CONFIDENCE: FAILED | TIME: 0ms | REASON: Resolved via readymade-fallback
[2026-08-10T13:17:20.710Z] COMPANY: "Laxmi Organic Industries Limited" | QUERIES: ["Laxmi Organic Industries Limited" official website] | CANDIDATES: [] | SELECTED: "" | CONFIDENCE: FAILED | TIME: 0ms | REASON: Resolved via readymade-fallback
[2026-08-10T13:17:20.714Z] COMPANY: "Lyka Labs Limited" | QUERIES: ["Lyka Labs Limited" official website] | CANDIDATES: [] | SELECTED: "" | CONFIDENCE: FAILED | TIME: 0ms | REASON: Resolved via readymade-fallback
[2026-08-10T13:17:20.716Z] COMPANY: "Mahindra & Mahindra Limited" | QUERIES: ["Mahindra & Mahindra Limited" official website] | CANDIDATES: [] | SELECTED: "" | CONFIDENCE: FAILED | TIME: 0ms | REASON: Resolved via readymade-fallback
[2026-08-10T13:17:20.717Z] COMPANY: "Mahindra & Mahindra Financial Services Limited" | QUERIES: ["Mahindra & Mahindra Financial Services Limited" official website] | CANDIDATES: [] | SELECTED: "" | CONFIDENCE: FAILED | TIME: 0ms | REASON: Resolved via readymade-fallback
[2026-08-10T13:17:20.725Z] COMPANY: "Maan Aluminium Limited" | QUERIES: ["Maan Aluminium Limited" official website] | CANDIDATES: [] | SELECTED: "" | CONFIDENCE: FAILED | TIME: 0ms | REASON: Resolved via readymade-fallback
[2026-08-10T13:17:20.728Z] COMPANY: "Macpower CNC Machines Limited" | QUERIES: ["Macpower CNC Machines Limited" official website] | CANDIDATES: [] | SELECTED: "" | CONFIDENCE: FAILED | TIME: 0ms | REASON: Resolved via readymade-fallback
[2026-08-10T13:17:20.731Z] COMPANY: "Madhav Marbles and Granites Limited" | QUERIES: ["Madhav Marbles and Granites Limited" official website] | CANDIDATES: [] | SELECTED: "" | CONFIDENCE: FAILED | TIME: 0ms | REASON: Resolved via readymade-fallback
[2026-08-10T13:17:20.734Z] COMPANY: "Madhav Infra Projects Limited" | QUERIES: ["Madhav Infra Projects Limited" official website] | CANDIDATES: [] | SELECTED: "" | CONFIDENCE: FAILED | TIME: 0ms | REASON: Resolved via readymade-fallback
[2026-08-10T13:17:20.739Z] COMPANY: "Madhucon Projects Limited" | QUERIES: ["Madhucon Projects Limited" official website] | CANDIDATES: [] | SELECTED: "" | CONFIDENCE: FAILED | TIME: 1ms | REASON: Resolved via readymade-fallback
[2026-08-10T13:17:20.741Z] COMPANY: "Madras Fertilizers Limited" | QUERIES: ["Madras Fertilizers Limited" official website] | CANDIDATES: [] | SELECTED: "" | CONFIDENCE: FAILED | TIME: 0ms | REASON: Resolved via readymade-fallback
[2026-08-10T13:17:20.741Z] COMPANY: "Mafatlal Industries Limited" | QUERIES: ["Mafatlal Industries Limited" official website] | CANDIDATES: [] | SELECTED: "" | CONFIDENCE: FAILED | TIME: 0ms | REASON: Resolved via readymade-fallback
[2026-08-10T13:17:20.744Z] COMPANY: "Magadh Sugar & Energy Limited" | QUERIES: ["Magadh Sugar & Energy Limited" official website] | CANDIDATES: [] | SELECTED: "" | CONFIDENCE: FAILED | TIME: 0ms | REASON: Resolved via readymade-fallback
[2026-08-10T13:17:20.748Z] COMPANY: "Magnum Ventures Limited" | QUERIES: ["Magnum Ventures Limited" official website] | CANDIDATES: [] | SELECTED: "" | CONFIDENCE: FAILED | TIME: 0ms | REASON: Resolved via readymade-fallback
[2026-08-10T13:17:20.751Z] COMPANY: "Bank of Maharashtra" | QUERIES: ["Bank of Maharashtra" official website] | CANDIDATES: [] | SELECTED: "" | CONFIDENCE: FAILED | TIME: 0ms | REASON: Resolved via readymade-fallback
[2026-08-10T13:17:20.755Z] COMPANY: "Maha Rashtra Apex Corporation Limited" | QUERIES: ["Maha Rashtra Apex Corporation Limited" official website] | CANDIDATES: [] | SELECTED: "" | CONFIDENCE: FAILED | TIME: 0ms | REASON: Resolved via readymade-fallback
[2026-08-10T13:17:20.756Z] COMPANY: "Mahamaya Steel Industries Limited" | QUERIES: ["Mahamaya Steel Industries Limited" official website] | CANDIDATES: [] | SELECTED: "" | CONFIDENCE: FAILED | TIME: 0ms | REASON: Resolved via readymade-fallback
[2026-08-10T13:17:20.760Z] COMPANY: "Mahindra EPC Irrigation Limited" | QUERIES: ["Mahindra EPC Irrigation Limited" official website] | CANDIDATES: [] | SELECTED: "" | CONFIDENCE: FAILED | TIME: 0ms | REASON: Resolved via readymade-fallback
[2026-08-10T13:17:20.761Z] COMPANY: "Maheshwari Logistics Limited" | QUERIES: ["Maheshwari Logistics Limited" official website] | CANDIDATES: [] | SELECTED: "" | CONFIDENCE: FAILED | TIME: 0ms | REASON: Resolved via readymade-fallback
[2026-08-10T13:17:20.765Z] COMPANY: "Mahindra Lifespace Developers Limited" | QUERIES: ["Mahindra Lifespace Developers Limited" official website] | CANDIDATES: [] | SELECTED: "" | CONFIDENCE: FAILED | TIME: 0ms | REASON: Resolved via readymade-fallback
[2026-08-10T13:17:20.768Z] COMPANY: "Mahindra Logistics Limited" | QUERIES: ["Mahindra Logistics Limited" official website] | CANDIDATES: [] | SELECTED: "" | CONFIDENCE: FAILED | TIME: 0ms | REASON: Resolved via readymade-fallback
[2026-08-10T13:17:20.771Z] COMPANY: "Maharashtra Scooters Limited" | QUERIES: ["Maharashtra Scooters Limited" official website] | CANDIDATES: [] | SELECTED: "" | CONFIDENCE: FAILED | TIME: 0ms | REASON: Resolved via readymade-fallback
[2026-08-10T13:17:20.774Z] COMPANY: "Maharashtra Seamless Limited" | QUERIES: ["Maharashtra Seamless Limited" official website] | CANDIDATES: [] | SELECTED: "" | CONFIDENCE: FAILED | TIME: 0ms | REASON: Resolved via readymade-fallback
[2026-08-10T13:17:20.775Z] COMPANY: "Maithan Alloys Limited" | QUERIES: ["Maithan Alloys Limited" official website] | CANDIDATES: [] | SELECTED: "" | CONFIDENCE: FAILED | TIME: 0ms | REASON: Resolved via readymade-fallback
[2026-08-10T13:17:20.777Z] COMPANY: "Majestic Auto Limited" | QUERIES: ["Majestic Auto Limited" official website] | CANDIDATES: [] | SELECTED: "" | CONFIDENCE: FAILED | TIME: 0ms | REASON: Resolved via readymade-fallback
[2026-08-10T13:17:20.779Z] COMPANY: "Mallcom (India) Limited" | QUERIES: ["Mallcom (India) Limited" official website] | CANDIDATES: [] | SELECTED: "" | CONFIDENCE: FAILED | TIME: 0ms | REASON: Resolved via readymade-fallback
[2026-08-10T13:17:20.783Z] COMPANY: "Malu Paper Mills Limited" | QUERIES: ["Malu Paper Mills Limited" official website] | CANDIDATES: [] | SELECTED: "" | CONFIDENCE: FAILED | TIME: 0ms | REASON: Resolved via readymade-fallback
[2026-08-10T13:17:20.787Z] COMPANY: "Mamata Machinery Limited" | QUERIES: ["Mamata Machinery Limited" official website] | CANDIDATES: [] | SELECTED: "" | CONFIDENCE: FAILED | TIME: 0ms | REASON: Resolved via readymade-fallback
[2026-08-10T13:17:20.788Z] COMPANY: "Manaksia Aluminium Company Limited" | QUERIES: ["Manaksia Aluminium Company Limited" official website] | CANDIDATES: [] | SELECTED: "" | CONFIDENCE: FAILED | TIME: 0ms | REASON: Resolved via readymade-fallback
[2026-08-10T13:17:20.791Z] COMPANY: "Manaksia Coated Metals & Industries Limited" | QUERIES: ["Manaksia Coated Metals & Industries Limited" official website] | CANDIDATES: [] | SELECTED: "" | CONFIDENCE: FAILED | TIME: 0ms | REASON: Resolved via readymade-fallback
[2026-08-10T13:17:20.793Z] COMPANY: "Manaksia Limited" | QUERIES: ["Manaksia Limited" official website] | CANDIDATES: [] | SELECTED: "" | CONFIDENCE: FAILED | TIME: 0ms | REASON: Resolved via readymade-fallback
[2026-08-10T13:17:20.795Z] COMPANY: "Manaksia Steels Limited" | QUERIES: ["Manaksia Steels Limited" official website] | CANDIDATES: [] | SELECTED: "" | CONFIDENCE: FAILED | TIME: 0ms | REASON: Resolved via readymade-fallback
[2026-08-10T13:17:20.796Z] COMPANY: "Manali Petrochemicals Limited" | QUERIES: ["Manali Petrochemicals Limited" official website] | CANDIDATES: [] | SELECTED: "" | CONFIDENCE: FAILED | TIME: 0ms | REASON: Resolved via readymade-fallback
[2026-08-10T13:17:20.797Z] COMPANY: "Manappuram Finance Limited" | QUERIES: ["Manappuram Finance Limited" official website] | CANDIDATES: [] | SELECTED: "" | CONFIDENCE: FAILED | TIME: 0ms | REASON: Resolved via readymade-fallback
[2026-08-10T13:17:20.800Z] COMPANY: "Manba Finance Limited" | QUERIES: ["Manba Finance Limited" official website] | CANDIDATES: [] | SELECTED: "" | CONFIDENCE: FAILED | TIME: 0ms | REASON: Resolved via readymade-fallback
[2026-08-10T13:17:20.801Z] COMPANY: "Mangal Credit and Fincorp Limited" | QUERIES: ["Mangal Credit and Fincorp Limited" official website] | CANDIDATES: [] | SELECTED: "" | CONFIDENCE: FAILED | TIME: 0ms | REASON: Resolved via readymade-fallback
[2026-08-10T13:17:20.806Z] COMPANY: "Mangalam Drugs And Organics Limited" | QUERIES: ["Mangalam Drugs And Organics Limited" official website] | CANDIDATES: [] | SELECTED: "" | CONFIDENCE: FAILED | TIME: 0ms | REASON: Resolved via readymade-fallback
[2026-08-10T13:17:20.807Z] COMPANY: "Mangalam Cement Limited" | QUERIES: ["Mangalam Cement Limited" official website] | CANDIDATES: [] | SELECTED: "" | CONFIDENCE: FAILED | TIME: 0ms | REASON: Resolved via readymade-fallback
[2026-08-10T13:17:20.808Z] COMPANY: "Man Industries (India) Limited" | QUERIES: ["Man Industries (India) Limited" official website] | CANDIDATES: [] | SELECTED: "" | CONFIDENCE: FAILED | TIME: 0ms | REASON: Resolved via readymade-fallback
[2026-08-10T13:17:20.809Z] COMPANY: "Man Infraconstruction Limited" | QUERIES: ["Man Infraconstruction Limited" official website] | CANDIDATES: [] | SELECTED: "" | CONFIDENCE: FAILED | TIME: 0ms | REASON: Resolved via readymade-fallback
[2026-08-10T13:17:20.812Z] COMPANY: "Mankind Pharma Limited" | QUERIES: ["Mankind Pharma Limited" official website] | CANDIDATES: [] | SELECTED: "" | CONFIDENCE: FAILED | TIME: 0ms | REASON: Resolved via readymade-fallback
[2026-08-10T13:17:20.813Z] COMPANY: "Manomay Tex India Limited" | QUERIES: ["Manomay Tex India Limited" official website] | CANDIDATES: [] | SELECTED: "" | CONFIDENCE: FAILED | TIME: 0ms | REASON: Resolved via readymade-fallback
[2026-08-10T13:17:20.814Z] COMPANY: "Manorama Industries Limited" | QUERIES: ["Manorama Industries Limited" official website] | CANDIDATES: [] | SELECTED: "" | CONFIDENCE: FAILED | TIME: 0ms | REASON: Resolved via readymade-fallback
[2026-08-10T13:17:20.815Z] COMPANY: "Mangalam Organics Limited" | QUERIES: ["Mangalam Organics Limited" official website] | CANDIDATES: [] | SELECTED: "" | CONFIDENCE: FAILED | TIME: 0ms | REASON: Resolved via readymade-fallback
[2026-08-10T13:17:20.816Z] COMPANY: "Manugraph India Limited" | QUERIES: ["Manugraph India Limited" official website] | CANDIDATES: [] | SELECTED: "" | CONFIDENCE: FAILED | TIME: 0ms | REASON: Resolved via readymade-fallback
[2026-08-10T13:17:20.819Z] COMPANY: "Vedant Fashions Limited" | QUERIES: ["Vedant Fashions Limited" official website] | CANDIDATES: [] | SELECTED: "" | CONFIDENCE: FAILED | TIME: 0ms | REASON: Resolved via readymade-fallback
[2026-08-10T13:17:20.820Z] COMPANY: "C.E. Info Systems Limited" | QUERIES: ["C.E. Info Systems Limited" official website] | CANDIDATES: [] | SELECTED: "" | CONFIDENCE: FAILED | TIME: 0ms | REASON: Resolved via readymade-fallback
[2026-08-10T13:17:20.821Z] COMPANY: "Maral Overseas Limited" | QUERIES: ["Maral Overseas Limited" official website] | CANDIDATES: [] | SELECTED: "" | CONFIDENCE: FAILED | TIME: 0ms | REASON: Resolved via readymade-fallback
[2026-08-10T13:17:20.822Z] COMPANY: "Marathon Nextgen Realty Limited" | QUERIES: ["Marathon Nextgen Realty Limited" official website] | CANDIDATES: [] | SELECTED: "" | CONFIDENCE: FAILED | TIME: 0ms | REASON: Resolved via readymade-fallback
[2026-08-10T13:17:20.823Z] COMPANY: "Marico Limited" | QUERIES: ["Marico Limited" official website] | CANDIDATES: [] | SELECTED: "" | CONFIDENCE: FAILED | TIME: 0ms | REASON: Resolved via readymade-fallback
[2026-08-10T13:17:20.827Z] COMPANY: "Marine Electricals (India) Limited" | QUERIES: ["Marine Electricals (India) Limited" official website] | CANDIDATES: [] | SELECTED: "" | CONFIDENCE: FAILED | TIME: 0ms | REASON: Resolved via readymade-fallback
[2026-08-10T13:17:20.828Z] COMPANY: "Markolines Pavement Technologies Limited" | QUERIES: ["Markolines Pavement Technologies Limited" official website] | CANDIDATES: [] | SELECTED: "" | CONFIDENCE: FAILED | TIME: 0ms | REASON: Resolved via readymade-fallback
[2026-08-10T13:17:20.829Z] COMPANY: "Marksans Pharma Limited" | QUERIES: ["Marksans Pharma Limited" official website] | CANDIDATES: [] | SELECTED: "" | CONFIDENCE: FAILED | TIME: 0ms | REASON: Resolved via readymade-fallback
[2026-08-10T13:17:20.833Z] COMPANY: "Marsons Limited" | QUERIES: ["Marsons Limited" official website] | CANDIDATES: [] | SELECTED: "" | CONFIDENCE: FAILED | TIME: 0ms | REASON: Resolved via readymade-fallback
[2026-08-10T13:17:20.835Z] COMPANY: "Maruti Suzuki India Limited" | QUERIES: ["Maruti Suzuki India Limited" official website] | CANDIDATES: [] | SELECTED: "" | CONFIDENCE: FAILED | TIME: 0ms | REASON: Resolved via readymade-fallback
[2026-08-10T13:17:20.837Z] COMPANY: "MAS Financial Services Limited" | QUERIES: ["MAS Financial Services Limited" official website] | CANDIDATES: [] | SELECTED: "" | CONFIDENCE: FAILED | TIME: 0ms | REASON: Resolved via readymade-fallback
[2026-08-10T13:17:20.838Z] COMPANY: "Mask Investments Limited" | QUERIES: ["Mask Investments Limited" official website] | CANDIDATES: [] | SELECTED: "" | CONFIDENCE: FAILED | TIME: 0ms | REASON: Resolved via readymade-fallback
[2026-08-10T13:17:20.838Z] COMPANY: "Mastek Limited" | QUERIES: ["Mastek Limited" official website] | CANDIDATES: [] | SELECTED: "" | CONFIDENCE: FAILED | TIME: 0ms | REASON: Resolved via readymade-fallback
[2026-08-10T13:17:20.839Z] COMPANY: "Master Trust Limited" | QUERIES: ["Master Trust Limited" official website] | CANDIDATES: [] | SELECTED: "" | CONFIDENCE: FAILED | TIME: 0ms | REASON: Resolved via readymade-fallback
[2026-08-10T13:17:20.843Z] COMPANY: "Matrimony.Com Limited" | QUERIES: ["Matrimony.Com Limited" official website] | CANDIDATES: [] | SELECTED: "" | CONFIDENCE: FAILED | TIME: 0ms | REASON: Resolved via readymade-fallback
[2026-08-10T13:17:20.844Z] COMPANY: "Mawana Sugars Limited" | QUERIES: ["Mawana Sugars Limited" official website] | CANDIDATES: [] | SELECTED: "" | CONFIDENCE: FAILED | TIME: 0ms | REASON: Resolved via readymade-fallback
[2026-08-10T13:17:20.845Z] COMPANY: "Max Estates Limited" | QUERIES: ["Max Estates Limited" official website] | CANDIDATES: [] | SELECTED: "" | CONFIDENCE: FAILED | TIME: 0ms | REASON: Resolved via readymade-fallback
[2026-08-10T13:17:20.846Z] COMPANY: "Max Healthcare Institute Limited" | QUERIES: ["Max Healthcare Institute Limited" official website] | CANDIDATES: [] | SELECTED: "" | CONFIDENCE: FAILED | TIME: 0ms | REASON: Resolved via readymade-fallback
[2026-08-10T13:17:20.850Z] COMPANY: "Max India Limited" | QUERIES: ["Max India Limited" official website] | CANDIDATES: [] | SELECTED: "" | CONFIDENCE: FAILED | TIME: 0ms | REASON: Resolved via readymade-fallback
[2026-08-10T13:17:20.850Z] COMPANY: "Mayur Uniquoters Ltd" | QUERIES: ["Mayur Uniquoters Ltd" official website] | CANDIDATES: [] | SELECTED: "" | CONFIDENCE: FAILED | TIME: 0ms | REASON: Resolved via readymade-fallback
[2026-08-10T13:17:20.851Z] COMPANY: "Mazda Limited" | QUERIES: ["Mazda Limited" official website] | CANDIDATES: [] | SELECTED: "" | CONFIDENCE: FAILED | TIME: 0ms | REASON: Resolved via readymade-fallback
[2026-08-10T13:17:20.852Z] COMPANY: "Mazagon Dock Shipbuilders Limited" | QUERIES: ["Mazagon Dock Shipbuilders Limited" official website] | CANDIDATES: [] | SELECTED: "" | CONFIDENCE: FAILED | TIME: 0ms | REASON: Resolved via readymade-fallback
[2026-08-10T13:17:20.855Z] COMPANY: "Madhya Bharat Agro Products Limited" | QUERIES: ["Madhya Bharat Agro Products Limited" official website] | CANDIDATES: [] | SELECTED: "" | CONFIDENCE: FAILED | TIME: 0ms | REASON: Resolved via readymade-fallback
[2026-08-10T13:17:20.856Z] COMPANY: "M & B Engineering Limited" | QUERIES: ["M & B Engineering Limited" official website] | CANDIDATES: [] | SELECTED: "" | CONFIDENCE: FAILED | TIME: 0ms | REASON: Resolved via readymade-fallback
[2026-08-10T13:17:20.861Z] COMPANY: "MBL Infrastructure Limited" | QUERIES: ["MBL Infrastructure Limited" official website] | CANDIDATES: [] | SELECTED: "" | CONFIDENCE: FAILED | TIME: 1ms | REASON: Resolved via readymade-fallback
[2026-08-10T13:17:20.861Z] COMPANY: "Mac Charles India Limited" | QUERIES: ["Mac Charles India Limited" official website] | CANDIDATES: [] | SELECTED: "" | CONFIDENCE: FAILED | TIME: 0ms | REASON: Resolved via readymade-fallback
[2026-08-10T13:17:20.862Z] COMPANY: "M TEK COPPER LIMITED" | QUERIES: ["M TEK COPPER LIMITED" official website] | CANDIDATES: [] | SELECTED: "" | CONFIDENCE: FAILED | TIME: 0ms | REASON: Resolved via readymade-fallback
[2026-08-10T13:17:20.868Z] COMPANY: "Mcleod Russel India Limited" | QUERIES: ["Mcleod Russel India Limited" official website] | CANDIDATES: [] | SELECTED: "" | CONFIDENCE: FAILED | TIME: 0ms | REASON: Resolved via readymade-fallback
[2026-08-10T13:17:20.871Z] COMPANY: "Magellanic Cloud Limited" | QUERIES: ["Magellanic Cloud Limited" official website] | CANDIDATES: [] | SELECTED: "" | CONFIDENCE: FAILED | TIME: 0ms | REASON: Resolved via readymade-fallback
[2026-08-10T13:17:20.875Z] COMPANY: "Multi Commodity Exchange of India Limited" | QUERIES: ["Multi Commodity Exchange of India Limited" official website] | CANDIDATES: [] | SELECTED: "" | CONFIDENCE: FAILED | TIME: 0ms | REASON: Resolved via readymade-fallback
[2026-08-10T13:17:20.878Z] COMPANY: "Global Health Limited" | QUERIES: ["Global Health Limited" official website] | CANDIDATES: [] | SELECTED: "" | CONFIDENCE: FAILED | TIME: 0ms | REASON: Resolved via readymade-fallback
[2026-08-10T13:17:20.879Z] COMPANY: "Medi Assist Healthcare Services Limited" | QUERIES: ["Medi Assist Healthcare Services Limited" official website] | CANDIDATES: [] | SELECTED: "" | CONFIDENCE: FAILED | TIME: 0ms | REASON: Resolved via readymade-fallback
[2026-08-10T13:17:20.881Z] COMPANY: "Medicamen Biotech Limited" | QUERIES: ["Medicamen Biotech Limited" official website] | CANDIDATES: [] | SELECTED: "" | CONFIDENCE: FAILED | TIME: 0ms | REASON: Resolved via readymade-fallback
[2026-08-10T13:17:20.882Z] COMPANY: "Medico Remedies Limited" | QUERIES: ["Medico Remedies Limited" official website] | CANDIDATES: [] | SELECTED: "" | CONFIDENCE: FAILED | TIME: 0ms | REASON: Resolved via readymade-fallback
[2026-08-10T13:17:20.885Z] COMPANY: "Medplus Health Services Limited" | QUERIES: ["Medplus Health Services Limited" official website] | CANDIDATES: [] | SELECTED: "" | CONFIDENCE: FAILED | TIME: 0ms | REASON: Resolved via readymade-fallback
[2026-08-10T13:17:20.886Z] COMPANY: "Meesho Limited" | QUERIES: ["Meesho Limited" official website] | CANDIDATES: [] | SELECTED: "" | CONFIDENCE: FAILED | TIME: 0ms | REASON: Resolved via readymade-fallback
[2026-08-10T13:17:20.887Z] COMPANY: "Megastar Foods Limited" | QUERIES: ["Megastar Foods Limited" official website] | CANDIDATES: [] | SELECTED: "" | CONFIDENCE: FAILED | TIME: 0ms | REASON: Resolved via readymade-fallback
[2026-08-10T13:17:20.888Z] COMPANY: "Mangal Electrical Industries Limited" | QUERIES: ["Mangal Electrical Industries Limited" official website] | CANDIDATES: [] | SELECTED: "" | CONFIDENCE: FAILED | TIME: 0ms | REASON: Resolved via readymade-fallback
[2026-08-10T13:17:20.889Z] COMPANY: "Menon Pistons Limited" | QUERIES: ["Menon Pistons Limited" official website] | CANDIDATES: [] | SELECTED: "" | CONFIDENCE: FAILED | TIME: 0ms | REASON: Resolved via readymade-fallback
[2026-08-10T13:17:20.892Z] COMPANY: "Menon Bearings Limited" | QUERIES: ["Menon Bearings Limited" official website] | CANDIDATES: [] | SELECTED: "" | CONFIDENCE: FAILED | TIME: 0ms | REASON: Resolved via readymade-fallback
[2026-08-10T13:17:20.893Z] COMPANY: "MEP Infrastructure Developers Limited" | QUERIES: ["MEP Infrastructure Developers Limited" official website] | CANDIDATES: [] | SELECTED: "" | CONFIDENCE: FAILED | TIME: 0ms | REASON: Resolved via readymade-fallback
[2026-08-10T13:17:20.894Z] COMPANY: "Mercantile Ventures Limited" | QUERIES: ["Mercantile Ventures Limited" official website] | CANDIDATES: [] | SELECTED: "" | CONFIDENCE: FAILED | TIME: 0ms | REASON: Resolved via readymade-fallback
[2026-08-10T13:17:20.897Z] COMPANY: "Mercury Ev-Tech Limited" | QUERIES: ["Mercury Ev-Tech Limited" official website] | CANDIDATES: [] | SELECTED: "" | CONFIDENCE: FAILED | TIME: 0ms | REASON: Resolved via readymade-fallback
[2026-08-10T13:17:20.900Z] COMPANY: "Metro Brands Limited" | QUERIES: ["Metro Brands Limited" official website] | CANDIDATES: [] | SELECTED: "" | CONFIDENCE: FAILED | TIME: 0ms | REASON: Resolved via readymade-fallback
[2026-08-10T13:17:20.902Z] COMPANY: "Metroglobal Limited" | QUERIES: ["Metroglobal Limited" official website] | CANDIDATES: [] | SELECTED: "" | CONFIDENCE: FAILED | TIME: 0ms | REASON: Resolved via readymade-fallback
[2026-08-10T13:17:20.903Z] COMPANY: "Metropolis Healthcare Limited" | QUERIES: ["Metropolis Healthcare Limited" official website] | CANDIDATES: [] | SELECTED: "" | CONFIDENCE: FAILED | TIME: 0ms | REASON: Resolved via readymade-fallback
[2026-08-10T13:17:20.904Z] COMPANY: "Mahalaxmi Fabric Mills Limited" | QUERIES: ["Mahalaxmi Fabric Mills Limited" official website] | CANDIDATES: [] | SELECTED: "" | CONFIDENCE: FAILED | TIME: 0ms | REASON: Resolved via readymade-fallback
[2026-08-10T13:17:20.905Z] COMPANY: "Max Financial Services Limited" | QUERIES: ["Max Financial Services Limited" official website] | CANDIDATES: [] | SELECTED: "" | CONFIDENCE: FAILED | TIME: 0ms | REASON: Resolved via readymade-fallback
[2026-08-10T13:17:20.907Z] COMPANY: "Mangalam Global Enterprise Limited" | QUERIES: ["Mangalam Global Enterprise Limited" official website] | CANDIDATES: [] | SELECTED: "" | CONFIDENCE: FAILED | TIME: 0ms | REASON: Resolved via readymade-fallback
[2026-08-10T13:17:20.910Z] COMPANY: "Mahanagar Gas Limited" | QUERIES: ["Mahanagar Gas Limited" official website] | CANDIDATES: [] | SELECTED: "" | CONFIDENCE: FAILED | TIME: 0ms | REASON: Resolved via readymade-fallback
[2026-08-10T13:17:20.913Z] COMPANY: "Mahalaxmi Rubtech Limited" | QUERIES: ["Mahalaxmi Rubtech Limited" official website] | CANDIDATES: [] | SELECTED: "" | CONFIDENCE: FAILED | TIME: 0ms | REASON: Resolved via readymade-fallback
[2026-08-10T13:17:20.915Z] COMPANY: "Mahindra Holidays & Resorts India Limited" | QUERIES: ["Mahindra Holidays & Resorts India Limited" official website] | CANDIDATES: [] | SELECTED: "" | CONFIDENCE: FAILED | TIME: 0ms | REASON: Resolved via readymade-fallback
[2026-08-10T13:17:20.917Z] COMPANY: "MIC Electronics Limited" | QUERIES: ["MIC Electronics Limited" official website] | CANDIDATES: [] | SELECTED: "" | CONFIDENCE: FAILED | TIME: 0ms | REASON: Resolved via readymade-fallback
[2026-08-10T13:17:20.918Z] COMPANY: "Mishra Dhatu Nigam Limited" | QUERIES: ["Mishra Dhatu Nigam Limited" official website] | CANDIDATES: [] | SELECTED: "" | CONFIDENCE: FAILED | TIME: 0ms | REASON: Resolved via readymade-fallback
[2026-08-10T13:17:20.919Z] COMPANY: "Midwest Limited" | QUERIES: ["Midwest Limited" official website] | CANDIDATES: [] | SELECTED: "" | CONFIDENCE: FAILED | TIME: 0ms | REASON: Resolved via readymade-fallback
[2026-08-10T13:17:20.921Z] COMPANY: "Minda Corporation Limited" | QUERIES: ["Minda Corporation Limited" official website] | CANDIDATES: [] | SELECTED: "" | CONFIDENCE: FAILED | TIME: 0ms | REASON: Resolved via readymade-fallback
[2026-08-10T13:17:20.922Z] COMPANY: "Mindteck (India) Limited" | QUERIES: ["Mindteck (India) Limited" official website] | CANDIDATES: [] | SELECTED: "" | CONFIDENCE: FAILED | TIME: 0ms | REASON: Resolved via readymade-fallback
[2026-08-10T13:17:20.926Z] COMPANY: "Mirza International Limited" | QUERIES: ["Mirza International Limited" official website] | CANDIDATES: [] | SELECTED: "" | CONFIDENCE: FAILED | TIME: 0ms | REASON: Resolved via readymade-fallback
[2026-08-10T13:17:20.927Z] COMPANY: "MITCON Consultancy & Engineering Services Limited" | QUERIES: ["MITCON Consultancy & Engineering Services Limited" official website] | CANDIDATES: [] | SELECTED: "" | CONFIDENCE: FAILED | TIME: 0ms | REASON: Resolved via readymade-fallback
[2026-08-10T13:17:20.928Z] COMPANY: "Mittal Life Style Limited" | QUERIES: ["Mittal Life Style Limited" official website] | CANDIDATES: [] | SELECTED: "" | CONFIDENCE: FAILED | TIME: 0ms | REASON: Resolved via readymade-fallback
[2026-08-10T13:17:20.929Z] COMPANY: "M K Proteins Limited" | QUERIES: ["M K Proteins Limited" official website] | CANDIDATES: [] | SELECTED: "" | CONFIDENCE: FAILED | TIME: 0ms | REASON: Resolved via readymade-fallback
[2026-08-10T13:17:20.930Z] COMPANY: "MM Forgings Limited" | QUERIES: ["MM Forgings Limited" official website] | CANDIDATES: [] | SELECTED: "" | CONFIDENCE: FAILED | TIME: 0ms | REASON: Resolved via readymade-fallback
[2026-08-10T13:17:20.931Z] COMPANY: "MMP Industries Limited" | QUERIES: ["MMP Industries Limited" official website] | CANDIDATES: [] | SELECTED: "" | CONFIDENCE: FAILED | TIME: 0ms | REASON: Resolved via readymade-fallback
[2026-08-10T13:17:20.932Z] COMPANY: "MMTC Limited" | QUERIES: ["MMTC Limited" official website] | CANDIDATES: [] | SELECTED: "" | CONFIDENCE: FAILED | TIME: 0ms | REASON: Resolved via readymade-fallback
[2026-08-10T13:17:20.933Z] COMPANY: "Media Matrix Worldwide Limited" | QUERIES: ["Media Matrix Worldwide Limited" official website] | CANDIDATES: [] | SELECTED: "" | CONFIDENCE: FAILED | TIME: 0ms | REASON: Resolved via readymade-fallback
[2026-08-10T13:17:20.935Z] COMPANY: "One Mobikwik Systems Limited" | QUERIES: ["One Mobikwik Systems Limited" official website] | CANDIDATES: [] | SELECTED: "" | CONFIDENCE: FAILED | TIME: 0ms | REASON: Resolved via readymade-fallback
[2026-08-10T13:17:20.937Z] COMPANY: "Modi Naturals Limited" | QUERIES: ["Modi Naturals Limited" official website] | CANDIDATES: [] | SELECTED: "" | CONFIDENCE: FAILED | TIME: 0ms | REASON: Resolved via readymade-fallback
[2026-08-10T13:17:20.939Z] COMPANY: "Modi Rubber Limited" | QUERIES: ["Modi Rubber Limited" official website] | CANDIDATES: [] | SELECTED: "" | CONFIDENCE: FAILED | TIME: 0ms | REASON: Resolved via readymade-fallback
[2026-08-10T13:17:20.941Z] COMPANY: "Modis Navnirman Limited" | QUERIES: ["Modis Navnirman Limited" official website] | CANDIDATES: [] | SELECTED: "" | CONFIDENCE: FAILED | TIME: 0ms | REASON: Resolved via readymade-fallback
[2026-08-10T13:17:20.942Z] COMPANY: "MODISON LIMITED" | QUERIES: ["MODISON LIMITED" official website] | CANDIDATES: [] | SELECTED: "" | CONFIDENCE: FAILED | TIME: 0ms | REASON: Resolved via readymade-fallback
[2026-08-10T13:17:20.943Z] COMPANY: "Modern Threads (India) Limited" | QUERIES: ["Modern Threads (India) Limited" official website] | CANDIDATES: [] | SELECTED: "" | CONFIDENCE: FAILED | TIME: 1ms | REASON: Resolved via readymade-fallback
[2026-08-10T13:17:20.944Z] COMPANY: "Mohit Industries Limited" | QUERIES: ["Mohit Industries Limited" official website] | CANDIDATES: [] | SELECTED: "" | CONFIDENCE: FAILED | TIME: 0ms | REASON: Resolved via readymade-fallback
[2026-08-10T13:17:20.946Z] COMPANY: "MOIL Limited" | QUERIES: ["MOIL Limited" official website] | CANDIDATES: [] | SELECTED: "" | CONFIDENCE: FAILED | TIME: 0ms | REASON: Resolved via readymade-fallback
[2026-08-10T13:17:20.947Z] COMPANY: "Moksh Ornaments Limited" | QUERIES: ["Moksh Ornaments Limited" official website] | CANDIDATES: [] | SELECTED: "" | CONFIDENCE: FAILED | TIME: 0ms | REASON: Resolved via readymade-fallback
[2026-08-10T13:17:20.948Z] COMPANY: "Meghmani Organics Limited" | QUERIES: ["Meghmani Organics Limited" official website] | CANDIDATES: [] | SELECTED: "" | CONFIDENCE: FAILED | TIME: 1ms | REASON: Resolved via readymade-fallback
[2026-08-10T13:17:20.948Z] COMPANY: "Mold-Tek Technologies Limited" | QUERIES: ["Mold-Tek Technologies Limited" official website] | CANDIDATES: [] | SELECTED: "" | CONFIDENCE: FAILED | TIME: 0ms | REASON: Resolved via readymade-fallback
[2026-08-10T13:17:20.949Z] COMPANY: "Mold-Tek Packaging Limited" | QUERIES: ["Mold-Tek Packaging Limited" official website] | CANDIDATES: [] | SELECTED: "" | CONFIDENCE: FAILED | TIME: 0ms | REASON: Resolved via readymade-fallback
[2026-08-10T13:17:20.950Z] COMPANY: "Monarch Networth Capital Limited" | QUERIES: ["Monarch Networth Capital Limited" official website] | CANDIDATES: [] | SELECTED: "" | CONFIDENCE: FAILED | TIME: 0ms | REASON: Resolved via readymade-fallback
[2026-08-10T13:17:20.953Z] COMPANY: "Moneyboxx Finance Limited" | QUERIES: ["Moneyboxx Finance Limited" official website] | CANDIDATES: [] | SELECTED: "" | CONFIDENCE: FAILED | TIME: 0ms | REASON: Resolved via readymade-fallback
[2026-08-10T13:17:20.954Z] COMPANY: "Monte Carlo Fashions Limited" | QUERIES: ["Monte Carlo Fashions Limited" official website] | CANDIDATES: [] | SELECTED: "" | CONFIDENCE: FAILED | TIME: 0ms | REASON: Resolved via readymade-fallback
[2026-08-10T13:17:20.955Z] COMPANY: "Morepen Laboratories Limited" | QUERIES: ["Morepen Laboratories Limited" official website] | CANDIDATES: [] | SELECTED: "" | CONFIDENCE: FAILED | TIME: 0ms | REASON: Resolved via readymade-fallback
[2026-08-10T13:17:20.956Z] COMPANY: "Moschip Technologies Limited" | QUERIES: ["Moschip Technologies Limited" official website] | CANDIDATES: [] | SELECTED: "" | CONFIDENCE: FAILED | TIME: 0ms | REASON: Resolved via readymade-fallback
[2026-08-10T13:17:20.957Z] COMPANY: "Samvardhana Motherson International Limited" | QUERIES: ["Samvardhana Motherson International Limited" official website] | CANDIDATES: [] | SELECTED: "" | CONFIDENCE: FAILED | TIME: 0ms | REASON: Resolved via readymade-fallback
[2026-08-10T13:17:20.958Z] COMPANY: "Motilal Oswal Financial Services Limited" | QUERIES: ["Motilal Oswal Financial Services Limited" official website] | CANDIDATES: [] | SELECTED: "" | CONFIDENCE: FAILED | TIME: 0ms | REASON: Resolved via readymade-fallback
[2026-08-10T13:17:20.959Z] COMPANY: "Motisons Jewellers Limited" | QUERIES: ["Motisons Jewellers Limited" official website] | CANDIDATES: [] | SELECTED: "" | CONFIDENCE: FAILED | TIME: 0ms | REASON: Resolved via readymade-fallback
[2026-08-10T13:17:20.962Z] COMPANY: "The Motor & General Finance Limited" | QUERIES: ["The Motor & General Finance Limited" official website] | CANDIDATES: [] | SELECTED: "" | CONFIDENCE: FAILED | TIME: 0ms | REASON: Resolved via readymade-fallback
[2026-08-10T13:17:20.963Z] COMPANY: "MphasiS Limited" | QUERIES: ["MphasiS Limited" official website] | CANDIDATES: [] | SELECTED: "" | CONFIDENCE: FAILED | TIME: 0ms | REASON: Resolved via readymade-fallback
[2026-08-10T13:17:20.964Z] COMPANY: "MPS Limited" | QUERIES: ["MPS Limited" official website] | CANDIDATES: [] | SELECTED: "" | CONFIDENCE: FAILED | TIME: 0ms | REASON: Resolved via readymade-fallback
[2026-08-10T13:17:20.966Z] COMPANY: "MRF Limited" | QUERIES: ["MRF Limited" official website] | CANDIDATES: [] | SELECTED: "" | CONFIDENCE: FAILED | TIME: 0ms | REASON: Resolved via readymade-fallback
[2026-08-10T13:17:20.970Z] COMPANY: "Mangalore Refinery and Petrochemicals Limited" | QUERIES: ["Mangalore Refinery and Petrochemicals Limited" official website] | CANDIDATES: [] | SELECTED: "" | CONFIDENCE: FAILED | TIME: 0ms | REASON: Resolved via readymade-fallback
[2026-08-10T13:17:20.973Z] COMPANY: "MSP Steel & Power Limited" | QUERIES: ["MSP Steel & Power Limited" official website] | CANDIDATES: [] | SELECTED: "" | CONFIDENCE: FAILED | TIME: 0ms | REASON: Resolved via readymade-fallback
[2026-08-10T13:17:20.976Z] COMPANY: "Mstc Limited" | QUERIES: ["Mstc Limited" official website] | CANDIDATES: [] | SELECTED: "" | CONFIDENCE: FAILED | TIME: 0ms | REASON: Resolved via readymade-fallback
[2026-08-10T13:17:20.978Z] COMPANY: "Motherson Sumi Wiring India Limited" | QUERIES: ["Motherson Sumi Wiring India Limited" official website] | CANDIDATES: [] | SELECTED: "" | CONFIDENCE: FAILED | TIME: 0ms | REASON: Resolved via readymade-fallback
[2026-08-10T13:17:20.979Z] COMPANY: "Mtar Technologies Limited" | QUERIES: ["Mtar Technologies Limited" official website] | CANDIDATES: [] | SELECTED: "" | CONFIDENCE: FAILED | TIME: 0ms | REASON: Resolved via readymade-fallback
[2026-08-10T13:17:20.981Z] COMPANY: "MT Educare Limited" | QUERIES: ["MT Educare Limited" official website] | CANDIDATES: [] | SELECTED: "" | CONFIDENCE: FAILED | TIME: 0ms | REASON: Resolved via readymade-fallback
[2026-08-10T13:17:20.985Z] COMPANY: "Mahanagar Telephone Nigam Limited" | QUERIES: ["Mahanagar Telephone Nigam Limited" official website] | CANDIDATES: [] | SELECTED: "" | CONFIDENCE: FAILED | TIME: 0ms | REASON: Resolved via readymade-fallback
[2026-08-10T13:17:20.986Z] COMPANY: "Mufin Green Finance Limited" | QUERIES: ["Mufin Green Finance Limited" official website] | CANDIDATES: [] | SELECTED: "" | CONFIDENCE: FAILED | TIME: 0ms | REASON: Resolved via readymade-fallback
[2026-08-10T13:17:20.987Z] COMPANY: "Credo Brands Marketing Limited" | QUERIES: ["Credo Brands Marketing Limited" official website] | CANDIDATES: [] | SELECTED: "" | CONFIDENCE: FAILED | TIME: 0ms | REASON: Resolved via readymade-fallback
[2026-08-10T13:17:20.989Z] COMPANY: "Mukand Limited" | QUERIES: ["Mukand Limited" official website] | CANDIDATES: [] | SELECTED: "" | CONFIDENCE: FAILED | TIME: 0ms | REASON: Resolved via readymade-fallback
[2026-08-10T13:17:20.993Z] COMPANY: "Mukka Proteins Limited" | QUERIES: ["Mukka Proteins Limited" official website] | CANDIDATES: [] | SELECTED: "" | CONFIDENCE: FAILED | TIME: 0ms | REASON: Resolved via readymade-fallback
[2026-08-10T13:17:20.996Z] COMPANY: "Mukta Arts Limited" | QUERIES: ["Mukta Arts Limited" official website] | CANDIDATES: [] | SELECTED: "" | CONFIDENCE: FAILED | TIME: 0ms | REASON: Resolved via readymade-fallback
[2026-08-10T13:17:20.997Z] COMPANY: "Munjal Auto Industries Limited" | QUERIES: ["Munjal Auto Industries Limited" official website] | CANDIDATES: [] | SELECTED: "" | CONFIDENCE: FAILED | TIME: 0ms | REASON: Resolved via readymade-fallback
[2026-08-10T13:17:20.998Z] COMPANY: "Munjal Showa Limited" | QUERIES: ["Munjal Showa Limited" official website] | CANDIDATES: [] | SELECTED: "" | CONFIDENCE: FAILED | TIME: 0ms | REASON: Resolved via readymade-fallback
[2026-08-10T13:17:20.999Z] COMPANY: "Murudeshwar Ceramics Limited" | QUERIES: ["Murudeshwar Ceramics Limited" official website] | CANDIDATES: [] | SELECTED: "" | CONFIDENCE: FAILED | TIME: 0ms | REASON: Resolved via readymade-fallback
[2026-08-10T13:17:21.003Z] COMPANY: "Muthoot Capital Services Limited" | QUERIES: ["Muthoot Capital Services Limited" official website] | CANDIDATES: [] | SELECTED: "" | CONFIDENCE: FAILED | TIME: 0ms | REASON: Resolved via readymade-fallback
[2026-08-10T13:17:21.006Z] COMPANY: "Muthoot Finance Limited" | QUERIES: ["Muthoot Finance Limited" official website] | CANDIDATES: [] | SELECTED: "" | CONFIDENCE: FAILED | TIME: 0ms | REASON: Resolved via readymade-fallback
[2026-08-10T13:17:21.008Z] COMPANY: "Muthoot Microfin Limited" | QUERIES: ["Muthoot Microfin Limited" official website] | CANDIDATES: [] | SELECTED: "" | CONFIDENCE: FAILED | TIME: 0ms | REASON: Resolved via readymade-fallback
[2026-08-10T13:17:21.009Z] COMPANY: "Manoj Vaibhav Gems N Jewellers Limited" | QUERIES: ["Manoj Vaibhav Gems N Jewellers Limited" official website] | CANDIDATES: [] | SELECTED: "" | CONFIDENCE: FAILED | TIME: 0ms | REASON: Resolved via readymade-fallback
[2026-08-10T13:17:21.010Z] COMPANY: "Mangalam Worldwide Limited" | QUERIES: ["Mangalam Worldwide Limited" official website] | CANDIDATES: [] | SELECTED: "" | CONFIDENCE: FAILED | TIME: 0ms | REASON: Resolved via readymade-fallback
[2026-08-10T13:17:21.011Z] COMPANY: "NACL Industries Limited" | QUERIES: ["NACL Industries Limited" official website] | CANDIDATES: [] | SELECTED: "" | CONFIDENCE: FAILED | TIME: 0ms | REASON: Resolved via readymade-fallback
[2026-08-10T13:17:21.015Z] COMPANY: "Nagreeka Capital & Infrastructure Limited" | QUERIES: ["Nagreeka Capital & Infrastructure Limited" official website] | CANDIDATES: [] | SELECTED: "" | CONFIDENCE: FAILED | TIME: 0ms | REASON: Resolved via readymade-fallback
[2026-08-10T13:17:21.018Z] COMPANY: "Nagreeka Exports Limited" | QUERIES: ["Nagreeka Exports Limited" official website] | CANDIDATES: [] | SELECTED: "" | CONFIDENCE: FAILED | TIME: 0ms | REASON: Resolved via readymade-fallback
[2026-08-10T13:17:21.021Z] COMPANY: "Nahar Capital and Financial Services Limited" | QUERIES: ["Nahar Capital and Financial Services Limited" official website] | CANDIDATES: [] | SELECTED: "" | CONFIDENCE: FAILED | TIME: 0ms | REASON: Resolved via readymade-fallback
[2026-08-10T13:17:21.023Z] COMPANY: "Nahar Industrial Enterprises Limited" | QUERIES: ["Nahar Industrial Enterprises Limited" official website] | CANDIDATES: [] | SELECTED: "" | CONFIDENCE: FAILED | TIME: 0ms | REASON: Resolved via readymade-fallback
[2026-08-10T13:17:21.025Z] COMPANY: "Nahar Poly Films Limited" | QUERIES: ["Nahar Poly Films Limited" official website] | CANDIDATES: [] | SELECTED: "" | CONFIDENCE: FAILED | TIME: 0ms | REASON: Resolved via readymade-fallback
[2026-08-10T13:17:21.027Z] COMPANY: "Nahar Spinning Mills Limited" | QUERIES: ["Nahar Spinning Mills Limited" official website] | CANDIDATES: [] | SELECTED: "" | CONFIDENCE: FAILED | TIME: 0ms | REASON: Resolved via readymade-fallback
[2026-08-10T13:17:21.027Z] COMPANY: "Nippon Life India Asset Management Limited" | QUERIES: ["Nippon Life India Asset Management Limited" official website] | CANDIDATES: [] | SELECTED: "" | CONFIDENCE: FAILED | TIME: 0ms | REASON: Resolved via readymade-fallback
[2026-08-10T13:17:21.028Z] COMPANY: "Narmada Agrobase Limited" | QUERIES: ["Narmada Agrobase Limited" official website] | CANDIDATES: [] | SELECTED: "" | CONFIDENCE: FAILED | TIME: 0ms | REASON: Resolved via readymade-fallback
[2026-08-10T13:17:21.031Z] COMPANY: "Natural Capsules Limited" | QUERIES: ["Natural Capsules Limited" official website] | CANDIDATES: [] | SELECTED: "" | CONFIDENCE: FAILED | TIME: 0ms | REASON: Resolved via readymade-fallback
[2026-08-10T13:17:21.035Z] COMPANY: "Natco Pharma Limited" | QUERIES: ["Natco Pharma Limited" official website] | CANDIDATES: [] | SELECTED: "" | CONFIDENCE: FAILED | TIME: 0ms | REASON: Resolved via readymade-fallback
[2026-08-10T13:17:21.037Z] COMPANY: "Nath Bio-Genes (India) Limited" | QUERIES: ["Nath Bio-Genes (India) Limited" official website] | CANDIDATES: [] | SELECTED: "" | CONFIDENCE: FAILED | TIME: 0ms | REASON: Resolved via readymade-fallback
[2026-08-10T13:17:21.038Z] COMPANY: "National Aluminium Company Limited" | QUERIES: ["National Aluminium Company Limited" official website] | CANDIDATES: [] | SELECTED: "" | CONFIDENCE: FAILED | TIME: 0ms | REASON: Resolved via readymade-fallback
[2026-08-10T13:17:21.041Z] COMPANY: "National Standard (India) Limited" | QUERIES: ["National Standard (India) Limited" official website] | CANDIDATES: [] | SELECTED: "" | CONFIDENCE: FAILED | TIME: 0ms | REASON: Resolved via readymade-fallback
[2026-08-10T13:17:21.042Z] COMPANY: "Info Edge (India) Limited" | QUERIES: ["Info Edge (India) Limited" official website] | CANDIDATES: [] | SELECTED: "" | CONFIDENCE: FAILED | TIME: 0ms | REASON: Resolved via readymade-fallback
[2026-08-10T13:17:21.043Z] COMPANY: "NAVA LIMITED" | QUERIES: ["NAVA LIMITED" official website] | CANDIDATES: [] | SELECTED: "" | CONFIDENCE: FAILED | TIME: 0ms | REASON: Resolved via readymade-fallback
[2026-08-10T13:17:21.045Z] COMPANY: "Navin Fluorine International Limited" | QUERIES: ["Navin Fluorine International Limited" official website] | CANDIDATES: [] | SELECTED: "" | CONFIDENCE: FAILED | TIME: 0ms | REASON: Resolved via readymade-fallback
[2026-08-10T13:17:21.047Z] COMPANY: "Navkar Corporation Limited" | QUERIES: ["Navkar Corporation Limited" official website] | CANDIDATES: [] | SELECTED: "" | CONFIDENCE: FAILED | TIME: 0ms | REASON: Resolved via readymade-fallback
[2026-08-10T13:17:21.049Z] COMPANY: "Navkar Urbanstructure Limited" | QUERIES: ["Navkar Urbanstructure Limited" official website] | CANDIDATES: [] | SELECTED: "" | CONFIDENCE: FAILED | TIME: 0ms | REASON: Resolved via readymade-fallback
[2026-08-10T13:17:21.051Z] COMPANY: "Navneet Education Limited" | QUERIES: ["Navneet Education Limited" official website] | CANDIDATES: [] | SELECTED: "" | CONFIDENCE: FAILED | TIME: 0ms | REASON: Resolved via readymade-fallback
[2026-08-10T13:17:21.052Z] COMPANY: "Nazara Technologies Limited" | QUERIES: ["Nazara Technologies Limited" official website] | CANDIDATES: [] | SELECTED: "" | CONFIDENCE: FAILED | TIME: 0ms | REASON: Resolved via readymade-fallback
[2026-08-10T13:17:21.053Z] COMPANY: "NBCC (India) Limited" | QUERIES: ["NBCC (India) Limited" official website] | CANDIDATES: [] | SELECTED: "" | CONFIDENCE: FAILED | TIME: 0ms | REASON: Resolved via readymade-fallback
[2026-08-10T13:17:21.055Z] COMPANY: "N. B. I. Industrial Finance Company Limited" | QUERIES: ["N. B. I. Industrial Finance Company Limited" official website] | CANDIDATES: [] | SELECTED: "" | CONFIDENCE: FAILED | TIME: 0ms | REASON: Resolved via readymade-fallback
[2026-08-10T13:17:21.058Z] COMPANY: "NCC Limited" | QUERIES: ["NCC Limited" official website] | CANDIDATES: [] | SELECTED: "" | CONFIDENCE: FAILED | TIME: 0ms | REASON: Resolved via readymade-fallback
[2026-08-10T13:17:21.059Z] COMPANY: "NCL Industries Limited" | QUERIES: ["NCL Industries Limited" official website] | CANDIDATES: [] | SELECTED: "" | CONFIDENCE: FAILED | TIME: 0ms | REASON: Resolved via readymade-fallback
[2026-08-10T13:17:21.060Z] COMPANY: "Naga Dhunseri Group Limited" | QUERIES: ["Naga Dhunseri Group Limited" official website] | CANDIDATES: [] | SELECTED: "" | CONFIDENCE: FAILED | TIME: 0ms | REASON: Resolved via readymade-fallback
[2026-08-10T13:17:21.062Z] COMPANY: "Nandan Denim Limited" | QUERIES: ["Nandan Denim Limited" official website] | CANDIDATES: [] | SELECTED: "" | CONFIDENCE: FAILED | TIME: 0ms | REASON: Resolved via readymade-fallback
[2026-08-10T13:17:21.062Z] COMPANY: "NDL Ventures Limited" | QUERIES: ["NDL Ventures Limited" official website] | CANDIDATES: [] | SELECTED: "" | CONFIDENCE: FAILED | TIME: 0ms | REASON: Resolved via readymade-fallback
[2026-08-10T13:17:21.063Z] COMPANY: "Ndr Auto Components Limited" | QUERIES: ["Ndr Auto Components Limited" official website] | CANDIDATES: [] | SELECTED: "" | CONFIDENCE: FAILED | TIME: 0ms | REASON: Resolved via readymade-fallback
[2026-08-10T13:17:21.065Z] COMPANY: "New Delhi Television Limited" | QUERIES: ["New Delhi Television Limited" official website] | CANDIDATES: [] | SELECTED: "" | CONFIDENCE: FAILED | TIME: 0ms | REASON: Resolved via readymade-fallback
[2026-08-10T13:17:21.066Z] COMPANY: "Neelamalai Agro Industries Limited" | QUERIES: ["Neelamalai Agro Industries Limited" official website] | CANDIDATES: [] | SELECTED: "" | CONFIDENCE: FAILED | TIME: 0ms | REASON: Resolved via readymade-fallback
[2026-08-10T13:17:21.067Z] COMPANY: "North Eastern Carrying Corporation Limited" | QUERIES: ["North Eastern Carrying Corporation Limited" official website] | CANDIDATES: [] | SELECTED: "" | CONFIDENCE: FAILED | TIME: 0ms | REASON: Resolved via readymade-fallback
[2026-08-10T13:17:21.070Z] COMPANY: "Nectar Lifesciences Limited" | QUERIES: ["Nectar Lifesciences Limited" official website] | CANDIDATES: [] | SELECTED: "" | CONFIDENCE: FAILED | TIME: 0ms | REASON: Resolved via readymade-fallback
[2026-08-10T13:17:21.071Z] COMPANY: "Nelcast Limited" | QUERIES: ["Nelcast Limited" official website] | CANDIDATES: [] | SELECTED: "" | CONFIDENCE: FAILED | TIME: 0ms | REASON: Resolved via readymade-fallback
[2026-08-10T13:17:21.073Z] COMPANY: "NELCO Limited" | QUERIES: ["NELCO Limited" official website] | CANDIDATES: [] | SELECTED: "" | CONFIDENCE: FAILED | TIME: 0ms | REASON: Resolved via readymade-fallback
[2026-08-10T13:17:21.077Z] COMPANY: "Neogen Chemicals Limited" | QUERIES: ["Neogen Chemicals Limited" official website] | CANDIDATES: [] | SELECTED: "" | CONFIDENCE: FAILED | TIME: 0ms | REASON: Resolved via readymade-fallback
[2026-08-10T13:17:21.079Z] COMPANY: "Nephrocare Health Services Limited" | QUERIES: ["Nephrocare Health Services Limited" official website] | CANDIDATES: [] | SELECTED: "" | CONFIDENCE: FAILED | TIME: 1ms | REASON: Resolved via readymade-fallback
[2026-08-10T13:17:21.082Z] COMPANY: "Nesco Limited" | QUERIES: ["Nesco Limited" official website] | CANDIDATES: [] | SELECTED: "" | CONFIDENCE: FAILED | TIME: 0ms | REASON: Resolved via readymade-fallback
[2026-08-10T13:17:21.085Z] COMPANY: "Nestle India Limited" | QUERIES: ["Nestle India Limited" official website] | CANDIDATES: [] | SELECTED: "" | CONFIDENCE: FAILED | TIME: 0ms | REASON: Resolved via readymade-fallback
[2026-08-10T13:17:21.087Z] COMPANY: "Netweb Technologies India Limited" | QUERIES: ["Netweb Technologies India Limited" official website] | CANDIDATES: [] | SELECTED: "" | CONFIDENCE: FAILED | TIME: 0ms | REASON: Resolved via readymade-fallback
[2026-08-10T13:17:21.088Z] COMPANY: "Network18 Media & Investments Limited" | QUERIES: ["Network18 Media & Investments Limited" official website] | CANDIDATES: [] | SELECTED: "" | CONFIDENCE: FAILED | TIME: 0ms | REASON: Resolved via readymade-fallback
[2026-08-10T13:17:21.090Z] COMPANY: "Neuland Laboratories Limited" | QUERIES: ["Neuland Laboratories Limited" official website] | CANDIDATES: [] | SELECTED: "" | CONFIDENCE: FAILED | TIME: 0ms | REASON: Resolved via readymade-fallback
[2026-08-10T13:17:21.091Z] COMPANY: "Newgen Software Technologies Limited" | QUERIES: ["Newgen Software Technologies Limited" official website] | CANDIDATES: [] | SELECTED: "" | CONFIDENCE: FAILED | TIME: 0ms | REASON: Resolved via readymade-fallback
[2026-08-10T13:17:21.092Z] COMPANY: "Next Mediaworks Limited" | QUERIES: ["Next Mediaworks Limited" official website] | CANDIDATES: [] | SELECTED: "" | CONFIDENCE: FAILED | TIME: 0ms | REASON: Resolved via readymade-fallback
[2026-08-10T13:17:21.092Z] COMPANY: "National Fertilizers Limited" | QUERIES: ["National Fertilizers Limited" official website] | CANDIDATES: [] | SELECTED: "" | CONFIDENCE: FAILED | TIME: 0ms | REASON: Resolved via readymade-fallback
[2026-08-10T13:17:21.093Z] COMPANY: "Nakoda Group of Industries Limited" | QUERIES: ["Nakoda Group of Industries Limited" official website] | CANDIDATES: [] | SELECTED: "" | CONFIDENCE: FAILED | TIME: 0ms | REASON: Resolved via readymade-fallback
[2026-08-10T13:17:21.093Z] COMPANY: "NGL Fine-Chem Limited" | QUERIES: ["NGL Fine-Chem Limited" official website] | CANDIDATES: [] | SELECTED: "" | CONFIDENCE: FAILED | TIME: 0ms | REASON: Resolved via readymade-fallback
[2026-08-10T13:17:21.097Z] COMPANY: "Narayana Hrudayalaya Ltd." | QUERIES: ["Narayana Hrudayalaya Ltd." official website] | CANDIDATES: [] | SELECTED: "" | CONFIDENCE: FAILED | TIME: 0ms | REASON: Resolved via readymade-fallback
[2026-08-10T13:17:21.099Z] COMPANY: "NHPC Limited" | QUERIES: ["NHPC Limited" official website] | CANDIDATES: [] | SELECTED: "" | CONFIDENCE: FAILED | TIME: 0ms | REASON: Resolved via readymade-fallback
[2026-08-10T13:17:21.102Z] COMPANY: "The New India Assurance Company Limited" | QUERIES: ["The New India Assurance Company Limited" official website] | CANDIDATES: [] | SELECTED: "" | CONFIDENCE: FAILED | TIME: 0ms | REASON: Resolved via readymade-fallback
[2026-08-10T13:17:21.105Z] COMPANY: "NIBE Limited" | QUERIES: ["NIBE Limited" official website] | CANDIDATES: [] | SELECTED: "" | CONFIDENCE: FAILED | TIME: 0ms | REASON: Resolved via readymade-fallback
[2026-08-10T13:17:21.105Z] COMPANY: "NRB Industrial Bearings Limited" | QUERIES: ["NRB Industrial Bearings Limited" official website] | CANDIDATES: [] | SELECTED: "" | CONFIDENCE: FAILED | TIME: 0ms | REASON: Resolved via readymade-fallback
[2026-08-10T13:17:21.106Z] COMPANY: "NIIT Limited" | QUERIES: ["NIIT Limited" official website] | CANDIDATES: [] | SELECTED: "" | CONFIDENCE: FAILED | TIME: 0ms | REASON: Resolved via readymade-fallback
[2026-08-10T13:17:21.106Z] COMPANY: "NIIT Learning Systems Limited" | QUERIES: ["NIIT Learning Systems Limited" official website] | CANDIDATES: [] | SELECTED: "" | CONFIDENCE: FAILED | TIME: 0ms | REASON: Resolved via readymade-fallback
[2026-08-10T13:17:21.107Z] COMPANY: "Nila Infrastructures Limited" | QUERIES: ["Nila Infrastructures Limited" official website] | CANDIDATES: [] | SELECTED: "" | CONFIDENCE: FAILED | TIME: 0ms | REASON: Resolved via readymade-fallback
[2026-08-10T13:17:21.109Z] COMPANY: "Nila Spaces Limited" | QUERIES: ["Nila Spaces Limited" official website] | CANDIDATES: [] | SELECTED: "" | CONFIDENCE: FAILED | TIME: 0ms | REASON: Resolved via readymade-fallback
[2026-08-10T13:17:21.113Z] COMPANY: "Nile Limited" | QUERIES: ["Nile Limited" official website] | CANDIDATES: [] | SELECTED: "" | CONFIDENCE: FAILED | TIME: 0ms | REASON: Resolved via readymade-fallback
[2026-08-10T13:17:21.117Z] COMPANY: "Nilkamal Limited" | QUERIES: ["Nilkamal Limited" official website] | CANDIDATES: [] | SELECTED: "" | CONFIDENCE: FAILED | TIME: 0ms | REASON: Resolved via readymade-fallback
[2026-08-10T13:17:21.118Z] COMPANY: "Nimbus Projects Limited" | QUERIES: ["Nimbus Projects Limited" official website] | CANDIDATES: [] | SELECTED: "" | CONFIDENCE: FAILED | TIME: 0ms | REASON: Resolved via readymade-fallback
[2026-08-10T13:17:21.119Z] COMPANY: "NINtec Systems Limited" | QUERIES: ["NINtec Systems Limited" official website] | CANDIDATES: [] | SELECTED: "" | CONFIDENCE: FAILED | TIME: 0ms | REASON: Resolved via readymade-fallback
[2026-08-10T13:17:21.122Z] COMPANY: "Indo-National Limited" | QUERIES: ["Indo-National Limited" official website] | CANDIDATES: [] | SELECTED: "" | CONFIDENCE: FAILED | TIME: 0ms | REASON: Resolved via readymade-fallback
[2026-08-10T13:17:21.126Z] COMPANY: "Niraj Cement Structurals Limited" | QUERIES: ["Niraj Cement Structurals Limited" official website] | CANDIDATES: [] | SELECTED: "" | CONFIDENCE: FAILED | TIME: 0ms | REASON: Resolved via readymade-fallback
[2026-08-10T13:17:21.130Z] COMPANY: "Niraj Ispat Industries Limited" | QUERIES: ["Niraj Ispat Industries Limited" official website] | CANDIDATES: [] | SELECTED: "" | CONFIDENCE: FAILED | TIME: 0ms | REASON: Resolved via readymade-fallback
[2026-08-10T13:17:21.131Z] COMPANY: "Nirlon Limited" | QUERIES: ["Nirlon Limited" official website] | CANDIDATES: [] | SELECTED: "" | CONFIDENCE: FAILED | TIME: 0ms | REASON: Resolved via readymade-fallback
[2026-08-10T13:17:21.135Z] COMPANY: "Nitco Limited" | QUERIES: ["Nitco Limited" official website] | CANDIDATES: [] | SELECTED: "" | CONFIDENCE: FAILED | TIME: 0ms | REASON: Resolved via readymade-fallback
[2026-08-10T13:17:21.140Z] COMPANY: "Nitin Spinners Limited" | QUERIES: ["Nitin Spinners Limited" official website] | CANDIDATES: [] | SELECTED: "" | CONFIDENCE: FAILED | TIME: 0ms | REASON: Resolved via readymade-fallback
[2026-08-10T13:17:21.141Z] COMPANY: "Nitiraj Engineers Limited" | QUERIES: ["Nitiraj Engineers Limited" official website] | CANDIDATES: [] | SELECTED: "" | CONFIDENCE: FAILED | TIME: 0ms | REASON: Resolved via readymade-fallback
[2026-08-10T13:17:21.144Z] COMPANY: "Nitta Gelatin India Limited" | QUERIES: ["Nitta Gelatin India Limited" official website] | CANDIDATES: [] | SELECTED: "" | CONFIDENCE: FAILED | TIME: 0ms | REASON: Resolved via readymade-fallback
[2026-08-10T13:17:21.150Z] COMPANY: "Niva Bupa Health Insurance Company Limited" | QUERIES: ["Niva Bupa Health Insurance Company Limited" official website] | CANDIDATES: [] | SELECTED: "" | CONFIDENCE: FAILED | TIME: 0ms | REASON: Resolved via readymade-fallback
[2026-08-10T13:17:21.153Z] COMPANY: "NK Industries Limited" | QUERIES: ["NK Industries Limited" official website] | CANDIDATES: [] | SELECTED: "" | CONFIDENCE: FAILED | TIME: 0ms | REASON: Resolved via readymade-fallback
[2026-08-10T13:17:21.157Z] COMPANY: "NLC India Limited" | QUERIES: ["NLC India Limited" official website] | CANDIDATES: [] | SELECTED: "" | CONFIDENCE: FAILED | TIME: 0ms | REASON: Resolved via readymade-fallback
[2026-08-10T13:17:21.158Z] COMPANY: "NMDC Limited" | QUERIES: ["NMDC Limited" official website] | CANDIDATES: [] | SELECTED: "" | CONFIDENCE: FAILED | TIME: 0ms | REASON: Resolved via readymade-fallback
[2026-08-10T13:17:21.159Z] COMPANY: "NOCIL Limited" | QUERIES: ["NOCIL Limited" official website] | CANDIDATES: [] | SELECTED: "" | CONFIDENCE: FAILED | TIME: 0ms | REASON: Resolved via readymade-fallback
[2026-08-10T13:17:21.161Z] COMPANY: "Noida Toll Bridge Company Limited" | QUERIES: ["Noida Toll Bridge Company Limited" official website] | CANDIDATES: [] | SELECTED: "" | CONFIDENCE: FAILED | TIME: 0ms | REASON: Resolved via readymade-fallback
[2026-08-10T13:17:21.164Z] COMPANY: "Norben Tea & Exports Limited" | QUERIES: ["Norben Tea & Exports Limited" official website] | CANDIDATES: [] | SELECTED: "" | CONFIDENCE: FAILED | TIME: 0ms | REASON: Resolved via readymade-fallback
[2026-08-10T13:17:21.166Z] COMPANY: "Northern Arc Capital Limited" | QUERIES: ["Northern Arc Capital Limited" official website] | CANDIDATES: [] | SELECTED: "" | CONFIDENCE: FAILED | TIME: 0ms | REASON: Resolved via readymade-fallback
[2026-08-10T13:17:21.168Z] COMPANY: "Nova Agritech Limited" | QUERIES: ["Nova Agritech Limited" official website] | CANDIDATES: [] | SELECTED: "" | CONFIDENCE: FAILED | TIME: 0ms | REASON: Resolved via readymade-fallback
[2026-08-10T13:17:21.169Z] COMPANY: "Novartis India Limited" | QUERIES: ["Novartis India Limited" official website] | CANDIDATES: [] | SELECTED: "" | CONFIDENCE: FAILED | TIME: 0ms | REASON: Resolved via readymade-fallback
[2026-08-10T13:17:21.172Z] COMPANY: "Network People Services Technologies Limited" | QUERIES: ["Network People Services Technologies Limited" official website] | CANDIDATES: [] | SELECTED: "" | CONFIDENCE: FAILED | TIME: 0ms | REASON: Resolved via readymade-fallback
[2026-08-10T13:17:21.176Z] COMPANY: "N R Agarwal Industries Limited" | QUERIES: ["N R Agarwal Industries Limited" official website] | CANDIDATES: [] | SELECTED: "" | CONFIDENCE: FAILED | TIME: 0ms | REASON: Resolved via readymade-fallback
[2026-08-10T13:17:21.179Z] COMPANY: "NRB Bearing Limited" | QUERIES: ["NRB Bearing Limited" official website] | CANDIDATES: [] | SELECTED: "" | CONFIDENCE: FAILED | TIME: 0ms | REASON: Resolved via readymade-fallback
[2026-08-10T13:17:21.180Z] COMPANY: "Nupur Recyclers Limited" | QUERIES: ["Nupur Recyclers Limited" official website] | CANDIDATES: [] | SELECTED: "" | CONFIDENCE: FAILED | TIME: 0ms | REASON: Resolved via readymade-fallback
[2026-08-10T13:17:21.183Z] COMPANY: "Nalwa Sons Investments Limited" | QUERIES: ["Nalwa Sons Investments Limited" official website] | CANDIDATES: [] | SELECTED: "" | CONFIDENCE: FAILED | TIME: 0ms | REASON: Resolved via readymade-fallback
[2026-08-10T13:17:21.185Z] COMPANY: "NMDC Steel Limited" | QUERIES: ["NMDC Steel Limited" official website] | CANDIDATES: [] | SELECTED: "" | CONFIDENCE: FAILED | TIME: 0ms | REASON: Resolved via readymade-fallback
[2026-08-10T13:17:21.187Z] COMPANY: "NTPC Limited" | QUERIES: ["NTPC Limited" official website] | CANDIDATES: [] | SELECTED: "" | CONFIDENCE: FAILED | TIME: 0ms | REASON: Resolved via readymade-fallback
[2026-08-10T13:17:21.194Z] COMPANY: "NTPC Green Energy Limited" | QUERIES: ["NTPC Green Energy Limited" official website] | CANDIDATES: [] | SELECTED: "" | CONFIDENCE: FAILED | TIME: 0ms | REASON: Resolved via readymade-fallback
[2026-08-10T13:17:21.196Z] COMPANY: "Nucleus Software Exports Limited" | QUERIES: ["Nucleus Software Exports Limited" official website] | CANDIDATES: [] | SELECTED: "" | CONFIDENCE: FAILED | TIME: 0ms | REASON: Resolved via readymade-fallback
[2026-08-10T13:17:21.198Z] COMPANY: "Nureca Limited" | QUERIES: ["Nureca Limited" official website] | CANDIDATES: [] | SELECTED: "" | CONFIDENCE: FAILED | TIME: 0ms | REASON: Resolved via readymade-fallback
[2026-08-10T13:17:21.204Z] COMPANY: "Nuvama Wealth Management Limited" | QUERIES: ["Nuvama Wealth Management Limited" official website] | CANDIDATES: [] | SELECTED: "" | CONFIDENCE: FAILED | TIME: 0ms | REASON: Resolved via readymade-fallback
[2026-08-10T13:17:21.206Z] COMPANY: "Nuvoco Vistas Corporation Limited" | QUERIES: ["Nuvoco Vistas Corporation Limited" official website] | CANDIDATES: [] | SELECTED: "" | CONFIDENCE: FAILED | TIME: 0ms | REASON: Resolved via readymade-fallback
[2026-08-10T13:17:21.210Z] COMPANY: "FSN E-Commerce Ventures Limited" | QUERIES: ["FSN E-Commerce Ventures Limited" official website] | CANDIDATES: [] | SELECTED: "" | CONFIDENCE: FAILED | TIME: 0ms | REASON: Resolved via readymade-fallback
[2026-08-10T13:17:21.212Z] COMPANY: "Oriental Aromatics Limited" | QUERIES: ["Oriental Aromatics Limited" official website] | CANDIDATES: [] | SELECTED: "" | CONFIDENCE: FAILED | TIME: 0ms | REASON: Resolved via readymade-fallback
[2026-08-10T13:17:21.219Z] COMPANY: "OBCL Limited" | QUERIES: ["OBCL Limited" official website] | CANDIDATES: [] | SELECTED: "" | CONFIDENCE: FAILED | TIME: 0ms | REASON: Resolved via readymade-fallback
[2026-08-10T13:17:21.222Z] COMPANY: "Oberoi Realty Limited" | QUERIES: ["Oberoi Realty Limited" official website] | CANDIDATES: [] | SELECTED: "" | CONFIDENCE: FAILED | TIME: 0ms | REASON: Resolved via readymade-fallback
[2026-08-10T13:17:21.227Z] COMPANY: "OCCL Limited" | QUERIES: ["OCCL Limited" official website] | CANDIDATES: [] | SELECTED: "" | CONFIDENCE: FAILED | TIME: 0ms | REASON: Resolved via readymade-fallback
[2026-08-10T13:17:21.228Z] COMPANY: "Odigma Consultancy Solutions Limited" | QUERIES: ["Odigma Consultancy Solutions Limited" official website] | CANDIDATES: [] | SELECTED: "" | CONFIDENCE: FAILED | TIME: 0ms | REASON: Resolved via readymade-fallback
[2026-08-10T13:17:21.234Z] COMPANY: "Oracle Financial Services Software Limited" | QUERIES: ["Oracle Financial Services Software Limited" official website] | CANDIDATES: [] | SELECTED: "" | CONFIDENCE: FAILED | TIME: 0ms | REASON: Resolved via readymade-fallback
[2026-08-10T13:17:21.238Z] COMPANY: "Oil India Limited" | QUERIES: ["Oil India Limited" official website] | CANDIDATES: [] | SELECTED: "" | CONFIDENCE: FAILED | TIME: 0ms | REASON: Resolved via readymade-fallback
[2026-08-10T13:17:21.239Z] COMPANY: "Oil Country Tubular Limited" | QUERIES: ["Oil Country Tubular Limited" official website] | CANDIDATES: [] | SELECTED: "" | CONFIDENCE: FAILED | TIME: 0ms | REASON: Resolved via readymade-fallback
[2026-08-10T13:17:21.242Z] COMPANY: "Ola Electric Mobility Limited" | QUERIES: ["Ola Electric Mobility Limited" official website] | CANDIDATES: [] | SELECTED: "" | CONFIDENCE: FAILED | TIME: 0ms | REASON: Resolved via readymade-fallback
[2026-08-10T13:17:21.243Z] COMPANY: "Olectra Greentech Limited" | QUERIES: ["Olectra Greentech Limited" official website] | CANDIDATES: [] | SELECTED: "" | CONFIDENCE: FAILED | TIME: 0ms | REASON: Resolved via readymade-fallback
[2026-08-10T13:17:21.243Z] COMPANY: "Omax Autos Limited" | QUERIES: ["Omax Autos Limited" official website] | CANDIDATES: [] | SELECTED: "" | CONFIDENCE: FAILED | TIME: 0ms | REASON: Resolved via readymade-fallback
[2026-08-10T13:17:21.252Z] COMPANY: "Omaxe Limited" | QUERIES: ["Omaxe Limited" official website] | CANDIDATES: [] | SELECTED: "" | CONFIDENCE: FAILED | TIME: 0ms | REASON: Resolved via readymade-fallback
[2026-08-10T13:17:21.253Z] COMPANY: "Om Freight Forwarders Limited" | QUERIES: ["Om Freight Forwarders Limited" official website] | CANDIDATES: [] | SELECTED: "" | CONFIDENCE: FAILED | TIME: 0ms | REASON: Resolved via readymade-fallback
[2026-08-10T13:17:21.253Z] COMPANY: "OM INFRA LIMITED" | QUERIES: ["OM INFRA LIMITED" official website] | CANDIDATES: [] | SELECTED: "" | CONFIDENCE: FAILED | TIME: 0ms | REASON: Resolved via readymade-fallback
[2026-08-10T13:17:21.256Z] COMPANY: "Omnitech Engineering Limited" | QUERIES: ["Omnitech Engineering Limited" official website] | CANDIDATES: [] | SELECTED: "" | CONFIDENCE: FAILED | TIME: 0ms | REASON: Resolved via readymade-fallback
[2026-08-10T13:17:21.257Z] COMPANY: "Om Power Transmission Limited" | QUERIES: ["Om Power Transmission Limited" official website] | CANDIDATES: [] | SELECTED: "" | CONFIDENCE: FAILED | TIME: 0ms | REASON: Resolved via readymade-fallback
[2026-08-10T13:17:21.260Z] COMPANY: "Onelife Capital Advisors Limited" | QUERIES: ["Onelife Capital Advisors Limited" official website] | CANDIDATES: [] | SELECTED: "" | CONFIDENCE: FAILED | TIME: 0ms | REASON: Resolved via readymade-fallback
[2026-08-10T13:17:21.263Z] COMPANY: "One Point One Solutions Limited" | QUERIES: ["One Point One Solutions Limited" official website] | CANDIDATES: [] | SELECTED: "" | CONFIDENCE: FAILED | TIME: 0ms | REASON: Resolved via readymade-fallback
[2026-08-10T13:17:21.265Z] COMPANY: "Onesource Specialty Pharma Limited" | QUERIES: ["Onesource Specialty Pharma Limited" official website] | CANDIDATES: [] | SELECTED: "" | CONFIDENCE: FAILED | TIME: 0ms | REASON: Resolved via readymade-fallback
[2026-08-10T13:17:21.268Z] COMPANY: "Oil & Natural Gas Corporation Limited" | QUERIES: ["Oil & Natural Gas Corporation Limited" official website] | CANDIDATES: [] | SELECTED: "" | CONFIDENCE: FAILED | TIME: 0ms | REASON: Resolved via readymade-fallback
[2026-08-10T13:17:21.270Z] COMPANY: "Onida Electronics Limited" | QUERIES: ["Onida Electronics Limited" official website] | CANDIDATES: [] | SELECTED: "" | CONFIDENCE: FAILED | TIME: 0ms | REASON: Resolved via readymade-fallback
[2026-08-10T13:17:21.273Z] COMPANY: "OnMobile Global Limited" | QUERIES: ["OnMobile Global Limited" official website] | CANDIDATES: [] | SELECTED: "" | CONFIDENCE: FAILED | TIME: 0ms | REASON: Resolved via readymade-fallback
[2026-08-10T13:17:21.277Z] COMPANY: "Onward Technologies Limited" | QUERIES: ["Onward Technologies Limited" official website] | CANDIDATES: [] | SELECTED: "" | CONFIDENCE: FAILED | TIME: 0ms | REASON: Resolved via readymade-fallback
[2026-08-10T13:17:21.278Z] COMPANY: "Optiemus Infracom Limited" | QUERIES: ["Optiemus Infracom Limited" official website] | CANDIDATES: [] | SELECTED: "" | CONFIDENCE: FAILED | TIME: 0ms | REASON: Resolved via readymade-fallback
[2026-08-10T13:17:21.280Z] COMPANY: "Orbit Exports Limited" | QUERIES: ["Orbit Exports Limited" official website] | CANDIDATES: [] | SELECTED: "" | CONFIDENCE: FAILED | TIME: 0ms | REASON: Resolved via readymade-fallback
[2026-08-10T13:17:21.282Z] COMPANY: "Orchasp Limited" | QUERIES: ["Orchasp Limited" official website] | CANDIDATES: [] | SELECTED: "" | CONFIDENCE: FAILED | TIME: 0ms | REASON: Resolved via readymade-fallback
[2026-08-10T13:17:21.287Z] COMPANY: "Orchid Pharma Limited" | QUERIES: ["Orchid Pharma Limited" official website] | CANDIDATES: [] | SELECTED: "" | CONFIDENCE: FAILED | TIME: 0ms | REASON: Resolved via readymade-fallback
[2026-08-10T13:17:21.287Z] COMPANY: "Oricon Enterprises Limited" | QUERIES: ["Oricon Enterprises Limited" official website] | CANDIDATES: [] | SELECTED: "" | CONFIDENCE: FAILED | TIME: 0ms | REASON: Resolved via readymade-fallback
[2026-08-10T13:17:21.288Z] COMPANY: "Oriental Trimex Limited" | QUERIES: ["Oriental Trimex Limited" official website] | CANDIDATES: [] | SELECTED: "" | CONFIDENCE: FAILED | TIME: 0ms | REASON: Resolved via readymade-fallback
[2026-08-10T13:17:21.292Z] COMPANY: "Orient Bell Limited" | QUERIES: ["Orient Bell Limited" official website] | CANDIDATES: [] | SELECTED: "" | CONFIDENCE: FAILED | TIME: 0ms | REASON: Resolved via readymade-fallback
[2026-08-10T13:17:21.292Z] COMPANY: "Orient Cement Limited" | QUERIES: ["Orient Cement Limited" official website] | CANDIDATES: [] | SELECTED: "" | CONFIDENCE: FAILED | TIME: 0ms | REASON: Resolved via readymade-fallback
[2026-08-10T13:17:21.293Z] COMPANY: "ORIENT CERATECH LIMITED" | QUERIES: ["ORIENT CERATECH LIMITED" official website] | CANDIDATES: [] | SELECTED: "" | CONFIDENCE: FAILED | TIME: 0ms | REASON: Resolved via readymade-fallback
[2026-08-10T13:17:21.296Z] COMPANY: "Orient Electric Limited" | QUERIES: ["Orient Electric Limited" official website] | CANDIDATES: [] | SELECTED: "" | CONFIDENCE: FAILED | TIME: 0ms | REASON: Resolved via readymade-fallback
[2026-08-10T13:17:21.300Z] COMPANY: "Oriental Hotels Limited" | QUERIES: ["Oriental Hotels Limited" official website] | CANDIDATES: [] | SELECTED: "" | CONFIDENCE: FAILED | TIME: 0ms | REASON: Resolved via readymade-fallback
[2026-08-10T13:17:21.302Z] COMPANY: "Orient Press Limited" | QUERIES: ["Orient Press Limited" official website] | CANDIDATES: [] | SELECTED: "" | CONFIDENCE: FAILED | TIME: 0ms | REASON: Resolved via readymade-fallback
[2026-08-10T13:17:21.305Z] COMPANY: "Orient Paper & Industries Limited" | QUERIES: ["Orient Paper & Industries Limited" official website] | CANDIDATES: [] | SELECTED: "" | CONFIDENCE: FAILED | TIME: 0ms | REASON: Resolved via readymade-fallback
[2026-08-10T13:17:21.310Z] COMPANY: "Orient Technologies Limited" | QUERIES: ["Orient Technologies Limited" official website] | CANDIDATES: [] | SELECTED: "" | CONFIDENCE: FAILED | TIME: 0ms | REASON: Resolved via readymade-fallback
[2026-08-10T13:17:21.311Z] COMPANY: "The Orissa Minerals Development Company Limited" | QUERIES: ["The Orissa Minerals Development Company Limited" official website] | CANDIDATES: [] | SELECTED: "" | CONFIDENCE: FAILED | TIME: 0ms | REASON: Resolved via readymade-fallback
[2026-08-10T13:17:21.314Z] COMPANY: "Orkla India Limited" | QUERIES: ["Orkla India Limited" official website] | CANDIDATES: [] | SELECTED: "" | CONFIDENCE: FAILED | TIME: 0ms | REASON: Resolved via readymade-fallback
[2026-08-10T13:17:21.315Z] COMPANY: "Ortel Communications Limited" | QUERIES: ["Ortel Communications Limited" official website] | CANDIDATES: [] | SELECTED: "" | CONFIDENCE: FAILED | TIME: 0ms | REASON: Resolved via readymade-fallback
[2026-08-10T13:17:21.318Z] COMPANY: "ORTIN GLOBAL LIMITED" | QUERIES: ["ORTIN GLOBAL LIMITED" official website] | CANDIDATES: [] | SELECTED: "" | CONFIDENCE: FAILED | TIME: 0ms | REASON: Resolved via readymade-fallback
[2026-08-10T13:17:21.319Z] COMPANY: "Osia Hyper Retail Limited" | QUERIES: ["Osia Hyper Retail Limited" official website] | CANDIDATES: [] | SELECTED: "" | CONFIDENCE: FAILED | TIME: 0ms | REASON: Resolved via readymade-fallback
[2026-08-10T13:17:21.320Z] COMPANY: "Oswal Agro Mills Limited" | QUERIES: ["Oswal Agro Mills Limited" official website] | CANDIDATES: [] | SELECTED: "" | CONFIDENCE: FAILED | TIME: 0ms | REASON: Resolved via readymade-fallback
[2026-08-10T13:17:21.324Z] COMPANY: "Oswal Greentech Limited" | QUERIES: ["Oswal Greentech Limited" official website] | CANDIDATES: [] | SELECTED: "" | CONFIDENCE: FAILED | TIME: 0ms | REASON: Resolved via readymade-fallback
[2026-08-10T13:17:21.327Z] COMPANY: "Oswal Pumps Limited" | QUERIES: ["Oswal Pumps Limited" official website] | CANDIDATES: [] | SELECTED: "" | CONFIDENCE: FAILED | TIME: 0ms | REASON: Resolved via readymade-fallback
[2026-08-10T13:17:21.329Z] COMPANY: "ShreeOswal Seeds And Chemicals Limited" | QUERIES: ["ShreeOswal Seeds And Chemicals Limited" official website] | CANDIDATES: [] | SELECTED: "" | CONFIDENCE: FAILED | TIME: 0ms | REASON: Resolved via readymade-fallback
[2026-08-10T13:17:21.332Z] COMPANY: "Pace Digitek Limited" | QUERIES: ["Pace Digitek Limited" official website] | CANDIDATES: [] | SELECTED: "" | CONFIDENCE: FAILED | TIME: 0ms | REASON: Resolved via readymade-fallback
[2026-08-10T13:17:21.336Z] COMPANY: "Page Industries Limited" | QUERIES: ["Page Industries Limited" official website] | CANDIDATES: [] | SELECTED: "" | CONFIDENCE: FAILED | TIME: 0ms | REASON: Resolved via readymade-fallback
[2026-08-10T13:17:21.337Z] COMPANY: "Paisalo Digital Limited" | QUERIES: ["Paisalo Digital Limited" official website] | CANDIDATES: [] | SELECTED: "" | CONFIDENCE: FAILED | TIME: 0ms | REASON: Resolved via readymade-fallback
[2026-08-10T13:17:21.342Z] COMPANY: "PAKKA LIMITED" | QUERIES: ["PAKKA LIMITED" official website] | CANDIDATES: [] | SELECTED: "" | CONFIDENCE: FAILED | TIME: 0ms | REASON: Resolved via readymade-fallback
[2026-08-10T13:17:21.342Z] COMPANY: "Palash Securities Limited" | QUERIES: ["Palash Securities Limited" official website] | CANDIDATES: [] | SELECTED: "" | CONFIDENCE: FAILED | TIME: 0ms | REASON: Resolved via readymade-fallback
[2026-08-10T13:17:21.346Z] COMPANY: "Palred Technologies Limited" | QUERIES: ["Palred Technologies Limited" official website] | CANDIDATES: [] | SELECTED: "" | CONFIDENCE: FAILED | TIME: 0ms | REASON: Resolved via readymade-fallback
[2026-08-10T13:17:21.346Z] COMPANY: "Panacea Biotec Limited" | QUERIES: ["Panacea Biotec Limited" official website] | CANDIDATES: [] | SELECTED: "" | CONFIDENCE: FAILED | TIME: 0ms | REASON: Resolved via readymade-fallback
[2026-08-10T13:17:21.352Z] COMPANY: "Panache Digilife Limited" | QUERIES: ["Panache Digilife Limited" official website] | CANDIDATES: [] | SELECTED: "" | CONFIDENCE: FAILED | TIME: 0ms | REASON: Resolved via readymade-fallback
[2026-08-10T13:17:21.354Z] COMPANY: "Panama Petrochem Limited" | QUERIES: ["Panama Petrochem Limited" official website] | CANDIDATES: [] | SELECTED: "" | CONFIDENCE: FAILED | TIME: 0ms | REASON: Resolved via readymade-fallback
[2026-08-10T13:17:21.359Z] COMPANY: "Pansari Developers Limited" | QUERIES: ["Pansari Developers Limited" official website] | CANDIDATES: [] | SELECTED: "" | CONFIDENCE: FAILED | TIME: 0ms | REASON: Resolved via readymade-fallback
[2026-08-10T13:17:21.360Z] COMPANY: "Par Drugs And Chemicals Limited" | QUERIES: ["Par Drugs And Chemicals Limited" official website] | CANDIDATES: [] | SELECTED: "" | CONFIDENCE: FAILED | TIME: 0ms | REASON: Resolved via readymade-fallback
[2026-08-10T13:17:21.361Z] COMPANY: "Paramount Communications Limited" | QUERIES: ["Paramount Communications Limited" official website] | CANDIDATES: [] | SELECTED: "" | CONFIDENCE: FAILED | TIME: 0ms | REASON: Resolved via readymade-fallback
[2026-08-10T13:17:21.366Z] COMPANY: "Paradeep Phosphates Limited" | QUERIES: ["Paradeep Phosphates Limited" official website] | CANDIDATES: [] | SELECTED: "" | CONFIDENCE: FAILED | TIME: 0ms | REASON: Resolved via readymade-fallback
[2026-08-10T13:17:21.371Z] COMPANY: "Parag Milk Foods Limited" | QUERIES: ["Parag Milk Foods Limited" official website] | CANDIDATES: [] | SELECTED: "" | CONFIDENCE: FAILED | TIME: 0ms | REASON: Resolved via readymade-fallback
[2026-08-10T13:17:21.373Z] COMPANY: "Paras Defence and Space Technologies Limited" | QUERIES: ["Paras Defence and Space Technologies Limited" official website] | CANDIDATES: [] | SELECTED: "" | CONFIDENCE: FAILED | TIME: 0ms | REASON: Resolved via readymade-fallback
[2026-08-10T13:17:21.375Z] COMPANY: "Paras Petrofils Limited" | QUERIES: ["Paras Petrofils Limited" official website] | CANDIDATES: [] | SELECTED: "" | CONFIDENCE: FAILED | TIME: 0ms | REASON: Resolved via readymade-fallback
[2026-08-10T13:17:21.376Z] COMPANY: "Park Medi World Limited" | QUERIES: ["Park Medi World Limited" official website] | CANDIDATES: [] | SELECTED: "" | CONFIDENCE: FAILED | TIME: 0ms | REASON: Resolved via readymade-fallback
[2026-08-10T13:17:21.380Z] COMPANY: "Apeejay Surrendra Park Hotels Limited" | QUERIES: ["Apeejay Surrendra Park Hotels Limited" official website] | CANDIDATES: [] | SELECTED: "" | CONFIDENCE: FAILED | TIME: 0ms | REASON: Resolved via readymade-fallback
[2026-08-10T13:17:21.382Z] COMPANY: "Parsvnath Developers Limited" | QUERIES: ["Parsvnath Developers Limited" official website] | CANDIDATES: [] | SELECTED: "" | CONFIDENCE: FAILED | TIME: 0ms | REASON: Resolved via readymade-fallback
[2026-08-10T13:17:21.384Z] COMPANY: "Pashupati Cotspin Limited" | QUERIES: ["Pashupati Cotspin Limited" official website] | CANDIDATES: [] | SELECTED: "" | CONFIDENCE: FAILED | TIME: 0ms | REASON: Resolved via readymade-fallback
[2026-08-10T13:17:21.388Z] COMPANY: "Pasupati Acrylon Limited" | QUERIES: ["Pasupati Acrylon Limited" official website] | CANDIDATES: [] | SELECTED: "" | CONFIDENCE: FAILED | TIME: 0ms | REASON: Resolved via readymade-fallback
[2026-08-10T13:17:21.390Z] COMPANY: "Patanjali Foods Limited" | QUERIES: ["Patanjali Foods Limited" official website] | CANDIDATES: [] | SELECTED: "" | CONFIDENCE: FAILED | TIME: 0ms | REASON: Resolved via readymade-fallback
[2026-08-10T13:17:21.394Z] COMPANY: "Patel Engineering Limited" | QUERIES: ["Patel Engineering Limited" official website] | CANDIDATES: [] | SELECTED: "" | CONFIDENCE: FAILED | TIME: 0ms | REASON: Resolved via readymade-fallback
[2026-08-10T13:17:21.399Z] COMPANY: "Patel Retail Limited" | QUERIES: ["Patel Retail Limited" official website] | CANDIDATES: [] | SELECTED: "" | CONFIDENCE: FAILED | TIME: 0ms | REASON: Resolved via readymade-fallback
[2026-08-10T13:17:21.400Z] COMPANY: "Patel Integrated Logistics Limited" | QUERIES: ["Patel Integrated Logistics Limited" official website] | CANDIDATES: [] | SELECTED: "" | CONFIDENCE: FAILED | TIME: 0ms | REASON: Resolved via readymade-fallback
[2026-08-10T13:17:21.404Z] COMPANY: "Paushak Limited" | QUERIES: ["Paushak Limited" official website] | CANDIDATES: [] | SELECTED: "" | CONFIDENCE: FAILED | TIME: 0ms | REASON: Resolved via readymade-fallback
[2026-08-10T13:17:21.406Z] COMPANY: "Pavna Industries Limited" | QUERIES: ["Pavna Industries Limited" official website] | CANDIDATES: [] | SELECTED: "" | CONFIDENCE: FAILED | TIME: 0ms | REASON: Resolved via readymade-fallback
[2026-08-10T13:17:21.407Z] COMPANY: "One 97 Communications Limited" | QUERIES: ["One 97 Communications Limited" official website] | CANDIDATES: [] | SELECTED: "" | CONFIDENCE: FAILED | TIME: 0ms | REASON: Resolved via readymade-fallback
[2026-08-10T13:17:21.412Z] COMPANY: "PCBL Chemical Limited" | QUERIES: ["PCBL Chemical Limited" official website] | CANDIDATES: [] | SELECTED: "" | CONFIDENCE: FAILED | TIME: 0ms | REASON: Resolved via readymade-fallback
[2026-08-10T13:17:21.415Z] COMPANY: "PC Jeweller Limited" | QUERIES: ["PC Jeweller Limited" official website] | CANDIDATES: [] | SELECTED: "" | CONFIDENCE: FAILED | TIME: 0ms | REASON: Resolved via readymade-fallback
[2026-08-10T13:17:21.416Z] COMPANY: "Pudumjee Paper Products Limited" | QUERIES: ["Pudumjee Paper Products Limited" official website] | CANDIDATES: [] | SELECTED: "" | CONFIDENCE: FAILED | TIME: 0ms | REASON: Resolved via readymade-fallback
[2026-08-10T13:17:21.416Z] COMPANY: "PDS Limited" | QUERIES: ["PDS Limited" official website] | CANDIDATES: [] | SELECTED: "" | CONFIDENCE: FAILED | TIME: 0ms | REASON: Resolved via readymade-fallback
[2026-08-10T13:17:21.422Z] COMPANY: "Pearl Polymers Limited" | QUERIES: ["Pearl Polymers Limited" official website] | CANDIDATES: [] | SELECTED: "" | CONFIDENCE: FAILED | TIME: 0ms | REASON: Resolved via readymade-fallback
[2026-08-10T13:17:21.424Z] COMPANY: "Pennar Industries Limited" | QUERIES: ["Pennar Industries Limited" official website] | CANDIDATES: [] | SELECTED: "" | CONFIDENCE: FAILED | TIME: 0ms | REASON: Resolved via readymade-fallback
[2026-08-10T13:17:21.426Z] COMPANY: "Peninsula Land Limited" | QUERIES: ["Peninsula Land Limited" official website] | CANDIDATES: [] | SELECTED: "" | CONFIDENCE: FAILED | TIME: 0ms | REASON: Resolved via readymade-fallback
[2026-08-10T13:17:21.427Z] COMPANY: "Persistent Systems Limited" | QUERIES: ["Persistent Systems Limited" official website] | CANDIDATES: [] | SELECTED: "" | CONFIDENCE: FAILED | TIME: 0ms | REASON: Resolved via readymade-fallback
[2026-08-10T13:17:21.437Z] COMPANY: "Petronet LNG Limited" | QUERIES: ["Petronet LNG Limited" official website] | CANDIDATES: [] | SELECTED: "" | CONFIDENCE: FAILED | TIME: 0ms | REASON: Resolved via readymade-fallback
[2026-08-10T13:17:21.439Z] COMPANY: "Power Finance Corporation Limited" | QUERIES: ["Power Finance Corporation Limited" official website] | CANDIDATES: [] | SELECTED: "" | CONFIDENCE: FAILED | TIME: 0ms | REASON: Resolved via readymade-fallback
[2026-08-10T13:17:21.446Z] COMPANY: "Pfizer Limited" | QUERIES: ["Pfizer Limited" official website] | CANDIDATES: [] | SELECTED: "" | CONFIDENCE: FAILED | TIME: 0ms | REASON: Resolved via readymade-fallback
[2026-08-10T13:17:21.457Z] COMPANY: "Prime Focus Limited" | QUERIES: ["Prime Focus Limited" official website] | CANDIDATES: [] | SELECTED: "" | CONFIDENCE: FAILED | TIME: 0ms | REASON: Resolved via readymade-fallback
[2026-08-10T13:17:21.458Z] COMPANY: "PTC India Financial Services Limited" | QUERIES: ["PTC India Financial Services Limited" official website] | CANDIDATES: [] | SELECTED: "" | CONFIDENCE: FAILED | TIME: 0ms | REASON: Resolved via readymade-fallback
[2026-08-10T13:17:21.481Z] COMPANY: "PG Electroplast Limited" | QUERIES: ["PG Electroplast Limited" official website] | CANDIDATES: [] | SELECTED: "" | CONFIDENCE: FAILED | TIME: 0ms | REASON: Resolved via readymade-fallback
[2026-08-10T13:17:21.482Z] COMPANY: "Procter & Gamble Hygiene and Health Care Limited" | QUERIES: ["Procter & Gamble Hygiene and Health Care Limited" official website] | CANDIDATES: [] | SELECTED: "" | CONFIDENCE: FAILED | TIME: 0ms | REASON: Resolved via readymade-fallback
[2026-08-10T13:17:21.491Z] COMPANY: "Procter & Gamble Health Limited" | QUERIES: ["Procter & Gamble Health Limited" official website] | CANDIDATES: [] | SELECTED: "" | CONFIDENCE: FAILED | TIME: 0ms | REASON: Resolved via readymade-fallback
[2026-08-10T13:17:21.493Z] COMPANY: "Pearl Global Industries Limited" | QUERIES: ["Pearl Global Industries Limited" official website] | CANDIDATES: [] | SELECTED: "" | CONFIDENCE: FAILED | TIME: 0ms | REASON: Resolved via readymade-fallback
[2026-08-10T13:17:21.498Z] COMPANY: "The Phoenix Mills Limited" | QUERIES: ["The Phoenix Mills Limited" official website] | CANDIDATES: [] | SELECTED: "" | CONFIDENCE: FAILED | TIME: 0ms | REASON: Resolved via readymade-fallback
[2026-08-10T13:17:21.500Z] COMPANY: "Piccadily Agro Industries Limited" | QUERIES: ["Piccadily Agro Industries Limited" official website] | CANDIDATES: [] | SELECTED: "" | CONFIDENCE: FAILED | TIME: 0ms | REASON: Resolved via readymade-fallback
[2026-08-10T13:17:21.501Z] COMPANY: "Pidilite Industries Limited" | QUERIES: ["Pidilite Industries Limited" official website] | CANDIDATES: [] | SELECTED: "" | CONFIDENCE: FAILED | TIME: 0ms | REASON: Resolved via readymade-fallback
[2026-08-10T13:17:21.506Z] COMPANY: "Power & Instrumentation (Gujarat) Limited" | QUERIES: ["Power & Instrumentation (Gujarat) Limited" official website] | CANDIDATES: [] | SELECTED: "" | CONFIDENCE: FAILED | TIME: 0ms | REASON: Resolved via readymade-fallback
[2026-08-10T13:17:21.508Z] COMPANY: "PI Industries Limited" | QUERIES: ["PI Industries Limited" official website] | CANDIDATES: [] | SELECTED: "" | CONFIDENCE: FAILED | TIME: 0ms | REASON: Resolved via readymade-fallback
[2026-08-10T13:17:21.512Z] COMPANY: "Pilani Investment and Industries Corporation Limited" | QUERIES: ["Pilani Investment and Industries Corporation Limited" official website] | CANDIDATES: [] | SELECTED: "" | CONFIDENCE: FAILED | TIME: 0ms | REASON: Resolved via readymade-fallback
[2026-08-10T13:17:21.515Z] COMPANY: "PIL ITALICA LIFESTYLE LIMITED" | QUERIES: ["PIL ITALICA LIFESTYLE LIMITED" official website] | CANDIDATES: [] | SELECTED: "" | CONFIDENCE: FAILED | TIME: 0ms | REASON: Resolved via readymade-fallback
[2026-08-10T13:17:21.524Z] COMPANY: "Pine Labs Limited" | QUERIES: ["Pine Labs Limited" official website] | CANDIDATES: [] | SELECTED: "" | CONFIDENCE: FAILED | TIME: 0ms | REASON: Resolved via readymade-fallback
[2026-08-10T13:17:21.528Z] COMPANY: "Pioneer Embroideries Limited" | QUERIES: ["Pioneer Embroideries Limited" official website] | CANDIDATES: [] | SELECTED: "" | CONFIDENCE: FAILED | TIME: 1ms | REASON: Resolved via readymade-fallback
[2026-08-10T13:17:21.536Z] COMPANY: "Pioneer Investcorp Limited" | QUERIES: ["Pioneer Investcorp Limited" official website] | CANDIDATES: [] | SELECTED: "" | CONFIDENCE: FAILED | TIME: 0ms | REASON: Resolved via readymade-fallback
[2026-08-10T13:17:21.537Z] COMPANY: "Piramal Finance Limited" | QUERIES: ["Piramal Finance Limited" official website] | CANDIDATES: [] | SELECTED: "" | CONFIDENCE: FAILED | TIME: 0ms | REASON: Resolved via readymade-fallback
[2026-08-10T13:17:21.542Z] COMPANY: "Pitti Engineering Limited" | QUERIES: ["Pitti Engineering Limited" official website] | CANDIDATES: [] | SELECTED: "" | CONFIDENCE: FAILED | TIME: 0ms | REASON: Resolved via readymade-fallback
[2026-08-10T13:17:21.545Z] COMPANY: "Pix Transmissions Limited" | QUERIES: ["Pix Transmissions Limited" official website] | CANDIDATES: [] | SELECTED: "" | CONFIDENCE: FAILED | TIME: 0ms | REASON: Resolved via readymade-fallback
[2026-08-10T13:17:21.555Z] COMPANY: "The Peria Karamalai Tea & Produce Company Limited" | QUERIES: ["The Peria Karamalai Tea & Produce Company Limited" official website] | CANDIDATES: [] | SELECTED: "" | CONFIDENCE: FAILED | TIME: 1ms | REASON: Resolved via readymade-fallback
[2026-08-10T13:17:21.557Z] COMPANY: "Plastiblends India Limited" | QUERIES: ["Plastiblends India Limited" official website] | CANDIDATES: [] | SELECTED: "" | CONFIDENCE: FAILED | TIME: 0ms | REASON: Resolved via readymade-fallback
[2026-08-10T13:17:21.561Z] COMPANY: "Platinum Industries Limited" | QUERIES: ["Platinum Industries Limited" official website] | CANDIDATES: [] | SELECTED: "" | CONFIDENCE: FAILED | TIME: 0ms | REASON: Resolved via readymade-fallback
[2026-08-10T13:17:21.562Z] COMPANY: "Plaza Wires Limited" | QUERIES: ["Plaza Wires Limited" official website] | CANDIDATES: [] | SELECTED: "" | CONFIDENCE: FAILED | TIME: 0ms | REASON: Resolved via readymade-fallback
[2026-08-10T13:17:21.571Z] COMPANY: "Paul Merchants Limited" | QUERIES: ["Paul Merchants Limited" official website] | CANDIDATES: [] | SELECTED: "" | CONFIDENCE: FAILED | TIME: 0ms | REASON: Resolved via readymade-fallback
[2026-08-10T13:17:21.572Z] COMPANY: "Punjab National Bank" | QUERIES: ["Punjab National Bank" official website] | CANDIDATES: [] | SELECTED: "" | CONFIDENCE: FAILED | TIME: 0ms | REASON: Resolved via readymade-fallback
[2026-08-10T13:17:21.574Z] COMPANY: "PNB Gilts Limited" | QUERIES: ["PNB Gilts Limited" official website] | CANDIDATES: [] | SELECTED: "" | CONFIDENCE: FAILED | TIME: 0ms | REASON: Resolved via readymade-fallback
[2026-08-10T13:17:21.581Z] COMPANY: "PNB Housing Finance Limited" | QUERIES: ["PNB Housing Finance Limited" official website] | CANDIDATES: [] | SELECTED: "" | CONFIDENCE: FAILED | TIME: 0ms | REASON: Resolved via readymade-fallback
[2026-08-10T13:17:21.582Z] COMPANY: "Pritish Nandy Communications Limited" | QUERIES: ["Pritish Nandy Communications Limited" official website] | CANDIDATES: [] | SELECTED: "" | CONFIDENCE: FAILED | TIME: 0ms | REASON: Resolved via readymade-fallback
[2026-08-10T13:17:21.585Z] COMPANY: "PNC Infratech Limited" | QUERIES: ["PNC Infratech Limited" official website] | CANDIDATES: [] | SELECTED: "" | CONFIDENCE: FAILED | TIME: 0ms | REASON: Resolved via readymade-fallback
[2026-08-10T13:17:21.590Z] COMPANY: "P N Gadgil Jewellers Limited" | QUERIES: ["P N Gadgil Jewellers Limited" official website] | CANDIDATES: [] | SELECTED: "" | CONFIDENCE: FAILED | TIME: 0ms | REASON: Resolved via readymade-fallback
[2026-08-10T13:17:21.596Z] COMPANY: "PNGS Reva Diamond Jewellery Limited" | QUERIES: ["PNGS Reva Diamond Jewellery Limited" official website] | CANDIDATES: [] | SELECTED: "" | CONFIDENCE: FAILED | TIME: 0ms | REASON: Resolved via readymade-fallback
[2026-08-10T13:17:21.599Z] COMPANY: "Pondy Oxides & Chemicals Limited" | QUERIES: ["Pondy Oxides & Chemicals Limited" official website] | CANDIDATES: [] | SELECTED: "" | CONFIDENCE: FAILED | TIME: 0ms | REASON: Resolved via readymade-fallback
[2026-08-10T13:17:21.601Z] COMPANY: "Poddar Pigments Limited" | QUERIES: ["Poddar Pigments Limited" official website] | CANDIDATES: [] | SELECTED: "" | CONFIDENCE: FAILED | TIME: 0ms | REASON: Resolved via readymade-fallback
[2026-08-10T13:17:21.610Z] COMPANY: "Pokarna Limited" | QUERIES: ["Pokarna Limited" official website] | CANDIDATES: [] | SELECTED: "" | CONFIDENCE: FAILED | TIME: 0ms | REASON: Resolved via readymade-fallback
[2026-08-10T13:17:21.616Z] COMPANY: "PB Fintech Limited" | QUERIES: ["PB Fintech Limited" official website] | CANDIDATES: [] | SELECTED: "" | CONFIDENCE: FAILED | TIME: 0ms | REASON: Resolved via readymade-fallback
[2026-08-10T13:17:21.619Z] COMPANY: "Polycab India Limited" | QUERIES: ["Polycab India Limited" official website] | CANDIDATES: [] | SELECTED: "" | CONFIDENCE: FAILED | TIME: 0ms | REASON: Resolved via readymade-fallback
[2026-08-10T13:17:21.620Z] COMPANY: "Poly Medicure Limited" | QUERIES: ["Poly Medicure Limited" official website] | CANDIDATES: [] | SELECTED: "" | CONFIDENCE: FAILED | TIME: 0ms | REASON: Resolved via readymade-fallback
[2026-08-10T13:17:21.620Z] COMPANY: "Polyplex Corporation Limited" | QUERIES: ["Polyplex Corporation Limited" official website] | CANDIDATES: [] | SELECTED: "" | CONFIDENCE: FAILED | TIME: 0ms | REASON: Resolved via readymade-fallback
[2026-08-10T13:17:21.621Z] COMPANY: "Ponni Sugars (Erode) Limited" | QUERIES: ["Ponni Sugars (Erode) Limited" official website] | CANDIDATES: [] | SELECTED: "" | CONFIDENCE: FAILED | TIME: 0ms | REASON: Resolved via readymade-fallback
[2026-08-10T13:17:21.629Z] COMPANY: "Poonawalla Fincorp Limited" | QUERIES: ["Poonawalla Fincorp Limited" official website] | CANDIDATES: [] | SELECTED: "" | CONFIDENCE: FAILED | TIME: 0ms | REASON: Resolved via readymade-fallback
[2026-08-10T13:17:21.636Z] COMPANY: "Power Grid Corporation of India Limited" | QUERIES: ["Power Grid Corporation of India Limited" official website] | CANDIDATES: [] | SELECTED: "" | CONFIDENCE: FAILED | TIME: 0ms | REASON: Resolved via readymade-fallback
[2026-08-10T13:17:21.638Z] COMPANY: "Powerica Limited" | QUERIES: ["Powerica Limited" official website] | CANDIDATES: [] | SELECTED: "" | CONFIDENCE: FAILED | TIME: 0ms | REASON: Resolved via readymade-fallback
[2026-08-10T13:17:21.640Z] COMPANY: "Hitachi Energy India Limited" | QUERIES: ["Hitachi Energy India Limited" official website] | CANDIDATES: [] | SELECTED: "" | CONFIDENCE: FAILED | TIME: 0ms | REASON: Resolved via readymade-fallback
[2026-08-10T13:17:21.641Z] COMPANY: "Power Mech Projects Limited" | QUERIES: ["Power Mech Projects Limited" official website] | CANDIDATES: [] | SELECTED: "" | CONFIDENCE: FAILED | TIME: 0ms | REASON: Resolved via readymade-fallback
[2026-08-10T13:17:21.647Z] COMPANY: "PPAP Automotive Limited" | QUERIES: ["PPAP Automotive Limited" official website] | CANDIDATES: [] | SELECTED: "" | CONFIDENCE: FAILED | TIME: 0ms | REASON: Resolved via readymade-fallback
[2026-08-10T13:17:21.650Z] COMPANY: "Prakash Pipes Limited" | QUERIES: ["Prakash Pipes Limited" official website] | CANDIDATES: [] | SELECTED: "" | CONFIDENCE: FAILED | TIME: 0ms | REASON: Resolved via readymade-fallback
[2026-08-10T13:17:21.651Z] COMPANY: "Piramal Pharma Limited" | QUERIES: ["Piramal Pharma Limited" official website] | CANDIDATES: [] | SELECTED: "" | CONFIDENCE: FAILED | TIME: 0ms | REASON: Resolved via readymade-fallback
[2026-08-10T13:17:21.655Z] COMPANY: "Prabha Energy Limited" | QUERIES: ["Prabha Energy Limited" official website] | CANDIDATES: [] | SELECTED: "" | CONFIDENCE: FAILED | TIME: 0ms | REASON: Resolved via readymade-fallback
[2026-08-10T13:17:21.659Z] COMPANY: "Pradeep Metals Limited" | QUERIES: ["Pradeep Metals Limited" official website] | CANDIDATES: [] | SELECTED: "" | CONFIDENCE: FAILED | TIME: 0ms | REASON: Resolved via readymade-fallback
[2026-08-10T13:17:21.662Z] COMPANY: "Prajay Engineers Syndicate Limited" | QUERIES: ["Prajay Engineers Syndicate Limited" official website] | CANDIDATES: [] | SELECTED: "" | CONFIDENCE: FAILED | TIME: 0ms | REASON: Resolved via readymade-fallback
[2026-08-10T13:17:21.663Z] COMPANY: "Praj Industries Limited" | QUERIES: ["Praj Industries Limited" official website] | CANDIDATES: [] | SELECTED: "" | CONFIDENCE: FAILED | TIME: 0ms | REASON: Resolved via readymade-fallback
[2026-08-10T13:17:21.669Z] COMPANY: "Prakash Industries Limited" | QUERIES: ["Prakash Industries Limited" official website] | CANDIDATES: [] | SELECTED: "" | CONFIDENCE: FAILED | TIME: 0ms | REASON: Resolved via readymade-fallback
[2026-08-10T13:17:21.670Z] COMPANY: "Prakash Steelage Limited" | QUERIES: ["Prakash Steelage Limited" official website] | CANDIDATES: [] | SELECTED: "" | CONFIDENCE: FAILED | TIME: 0ms | REASON: Resolved via readymade-fallback
[2026-08-10T13:17:21.676Z] COMPANY: "Praveg Limited" | QUERIES: ["Praveg Limited" official website] | CANDIDATES: [] | SELECTED: "" | CONFIDENCE: FAILED | TIME: 0ms | REASON: Resolved via readymade-fallback
[2026-08-10T13:17:21.677Z] COMPANY: "Praxis Home Retail Limited" | QUERIES: ["Praxis Home Retail Limited" official website] | CANDIDATES: [] | SELECTED: "" | CONFIDENCE: FAILED | TIME: 0ms | REASON: Resolved via readymade-fallback
[2026-08-10T13:17:21.680Z] COMPANY: "Precision Camshafts Limited" | QUERIES: ["Precision Camshafts Limited" official website] | CANDIDATES: [] | SELECTED: "" | CONFIDENCE: FAILED | TIME: 1ms | REASON: Resolved via readymade-fallback
[2026-08-10T13:17:21.684Z] COMPANY: "Precot Limited" | QUERIES: ["Precot Limited" official website] | CANDIDATES: [] | SELECTED: "" | CONFIDENCE: FAILED | TIME: 0ms | REASON: Resolved via readymade-fallback
[2026-08-10T13:17:21.686Z] COMPANY: "Precision Wires India Limited" | QUERIES: ["Precision Wires India Limited" official website] | CANDIDATES: [] | SELECTED: "" | CONFIDENCE: FAILED | TIME: 0ms | REASON: Resolved via readymade-fallback
[2026-08-10T13:17:21.691Z] COMPANY: "Premco Global Limited" | QUERIES: ["Premco Global Limited" official website] | CANDIDATES: [] | SELECTED: "" | CONFIDENCE: FAILED | TIME: 0ms | REASON: Resolved via readymade-fallback
[2026-08-10T13:17:21.699Z] COMPANY: "Premier Explosives Limited" | QUERIES: ["Premier Explosives Limited" official website] | CANDIDATES: [] | SELECTED: "" | CONFIDENCE: FAILED | TIME: 0ms | REASON: Resolved via readymade-fallback
[2026-08-10T13:17:21.700Z] COMPANY: "Premier Limited" | QUERIES: ["Premier Limited" official website] | CANDIDATES: [] | SELECTED: "" | CONFIDENCE: FAILED | TIME: 0ms | REASON: Resolved via readymade-fallback
[2026-08-10T13:17:21.707Z] COMPANY: "Premier Energies Limited" | QUERIES: ["Premier Energies Limited" official website] | CANDIDATES: [] | SELECTED: "" | CONFIDENCE: FAILED | TIME: 0ms | REASON: Resolved via readymade-fallback
[2026-08-10T13:17:21.710Z] COMPANY: "Premier Polyfilm Limited" | QUERIES: ["Premier Polyfilm Limited" official website] | CANDIDATES: [] | SELECTED: "" | CONFIDENCE: FAILED | TIME: 0ms | REASON: Resolved via readymade-fallback
[2026-08-10T13:17:21.713Z] COMPANY: "Prestige Estates Projects Limited" | QUERIES: ["Prestige Estates Projects Limited" official website] | CANDIDATES: [] | SELECTED: "" | CONFIDENCE: FAILED | TIME: 0ms | REASON: Resolved via readymade-fallback
[2026-08-10T13:17:21.714Z] COMPANY: "Pricol Limited" | QUERIES: ["Pricol Limited" official website] | CANDIDATES: [] | SELECTED: "" | CONFIDENCE: FAILED | TIME: 0ms | REASON: Resolved via readymade-fallback
[2026-08-10T13:17:21.715Z] COMPANY: "Prime Securities Limited" | QUERIES: ["Prime Securities Limited" official website] | CANDIDATES: [] | SELECTED: "" | CONFIDENCE: FAILED | TIME: 0ms | REASON: Resolved via readymade-fallback
[2026-08-10T13:17:21.719Z] COMPANY: "Primo Chemicals Limited" | QUERIES: ["Primo Chemicals Limited" official website] | CANDIDATES: [] | SELECTED: "" | CONFIDENCE: FAILED | TIME: 0ms | REASON: Resolved via readymade-fallback
[2026-08-10T13:17:21.720Z] COMPANY: "Prince Pipes And Fittings Limited" | QUERIES: ["Prince Pipes And Fittings Limited" official website] | CANDIDATES: [] | SELECTED: "" | CONFIDENCE: FAILED | TIME: 0ms | REASON: Resolved via readymade-fallback
[2026-08-10T13:17:21.726Z] COMPANY: "Priti International Limited" | QUERIES: ["Priti International Limited" official website] | CANDIDATES: [] | SELECTED: "" | CONFIDENCE: FAILED | TIME: 0ms | REASON: Resolved via readymade-fallback
[2026-08-10T13:17:21.735Z] COMPANY: "Pritika Auto Industries Limited" | QUERIES: ["Pritika Auto Industries Limited" official website] | CANDIDATES: [] | SELECTED: "" | CONFIDENCE: FAILED | TIME: 0ms | REASON: Resolved via readymade-fallback
[2026-08-10T13:17:21.738Z] COMPANY: "Privi Speciality Chemicals Limited" | QUERIES: ["Privi Speciality Chemicals Limited" official website] | CANDIDATES: [] | SELECTED: "" | CONFIDENCE: FAILED | TIME: 0ms | REASON: Resolved via readymade-fallback
[2026-08-10T13:17:21.739Z] COMPANY: "Prostarm Info Systems Limited" | QUERIES: ["Prostarm Info Systems Limited" official website] | CANDIDATES: [] | SELECTED: "" | CONFIDENCE: FAILED | TIME: 0ms | REASON: Resolved via readymade-fallback
[2026-08-10T13:17:21.742Z] COMPANY: "Protean eGov Technologies Limited" | QUERIES: ["Protean eGov Technologies Limited" official website] | CANDIDATES: [] | SELECTED: "" | CONFIDENCE: FAILED | TIME: 0ms | REASON: Resolved via readymade-fallback
[2026-08-10T13:17:21.742Z] COMPANY: "Prozone Realty Limited" | QUERIES: ["Prozone Realty Limited" official website] | CANDIDATES: [] | SELECTED: "" | CONFIDENCE: FAILED | TIME: 0ms | REASON: Resolved via readymade-fallback
[2026-08-10T13:17:21.743Z] COMPANY: "Prism Johnson Limited" | QUERIES: ["Prism Johnson Limited" official website] | CANDIDATES: [] | SELECTED: "" | CONFIDENCE: FAILED | TIME: 0ms | REASON: Resolved via readymade-fallback
[2026-08-10T13:17:21.756Z] COMPANY: "Prudent Corporate Advisory Services Limited" | QUERIES: ["Prudent Corporate Advisory Services Limited" official website] | CANDIDATES: [] | SELECTED: "" | CONFIDENCE: FAILED | TIME: 2ms | REASON: Resolved via readymade-fallback
[2026-08-10T13:17:21.766Z] COMPANY: "Prudential Sugar Corporation Limited" | QUERIES: ["Prudential Sugar Corporation Limited" official website] | CANDIDATES: [] | SELECTED: "" | CONFIDENCE: FAILED | TIME: 0ms | REASON: Resolved via readymade-fallback
[2026-08-10T13:17:21.768Z] COMPANY: "Punjab & Sind Bank" | QUERIES: ["Punjab & Sind Bank" official website] | CANDIDATES: [] | SELECTED: "" | CONFIDENCE: FAILED | TIME: 0ms | REASON: Resolved via readymade-fallback
[2026-08-10T13:17:21.772Z] COMPANY: "PSP Projects Limited" | QUERIES: ["PSP Projects Limited" official website] | CANDIDATES: [] | SELECTED: "" | CONFIDENCE: FAILED | TIME: 0ms | REASON: Resolved via readymade-fallback
[2026-08-10T13:17:21.778Z] COMPANY: "PTC India Limited" | QUERIES: ["PTC India Limited" official website] | CANDIDATES: [] | SELECTED: "" | CONFIDENCE: FAILED | TIME: 0ms | REASON: Resolved via readymade-fallback
[2026-08-10T13:17:21.782Z] COMPANY: "PTC Industries Limited" | QUERIES: ["PTC Industries Limited" official website] | CANDIDATES: [] | SELECTED: "" | CONFIDENCE: FAILED | TIME: 0ms | REASON: Resolved via readymade-fallback
[2026-08-10T13:17:21.784Z] COMPANY: "PTL Enterprises Limited" | QUERIES: ["PTL Enterprises Limited" official website] | CANDIDATES: [] | SELECTED: "" | CONFIDENCE: FAILED | TIME: 0ms | REASON: Resolved via readymade-fallback
[2026-08-10T13:17:21.789Z] COMPANY: "Punjab Chemicals & Crop Protection Limited" | QUERIES: ["Punjab Chemicals & Crop Protection Limited" official website] | CANDIDATES: [] | SELECTED: "" | CONFIDENCE: FAILED | TIME: 0ms | REASON: Resolved via readymade-fallback
[2026-08-10T13:17:21.792Z] COMPANY: "Puravankara Limited" | QUERIES: ["Puravankara Limited" official website] | CANDIDATES: [] | SELECTED: "" | CONFIDENCE: FAILED | TIME: 0ms | REASON: Resolved via readymade-fallback
[2026-08-10T13:17:21.796Z] COMPANY: "PVP Ventures Limited" | QUERIES: ["PVP Ventures Limited" official website] | CANDIDATES: [] | SELECTED: "" | CONFIDENCE: FAILED | TIME: 0ms | REASON: Resolved via readymade-fallback
[2026-08-10T13:17:21.797Z] COMPANY: "PVR INOX Limited" | QUERIES: ["PVR INOX Limited" official website] | CANDIDATES: [] | SELECTED: "" | CONFIDENCE: FAILED | TIME: 0ms | REASON: Resolved via readymade-fallback
[2026-08-10T13:17:21.800Z] COMPANY: "Popular Vehicles and Services Limited" | QUERIES: ["Popular Vehicles and Services Limited" official website] | CANDIDATES: [] | SELECTED: "" | CONFIDENCE: FAILED | TIME: 0ms | REASON: Resolved via readymade-fallback
[2026-08-10T13:17:21.801Z] COMPANY: "Physicswallah Limited" | QUERIES: ["Physicswallah Limited" official website] | CANDIDATES: [] | SELECTED: "" | CONFIDENCE: FAILED | TIME: 0ms | REASON: Resolved via readymade-fallback
[2026-08-10T13:17:21.804Z] COMPANY: "Pyramid Technoplast Limited" | QUERIES: ["Pyramid Technoplast Limited" official website] | CANDIDATES: [] | SELECTED: "" | CONFIDENCE: FAILED | TIME: 0ms | REASON: Resolved via readymade-fallback
[2026-08-10T13:17:21.804Z] COMPANY: "QMS Medical Allied Services Limited" | QUERIES: ["QMS Medical Allied Services Limited" official website] | CANDIDATES: [] | SELECTED: "" | CONFIDENCE: FAILED | TIME: 0ms | REASON: Resolved via readymade-fallback
[2026-08-10T13:17:21.806Z] COMPANY: "Quality Power Electrical Equipments Limited" | QUERIES: ["Quality Power Electrical Equipments Limited" official website] | CANDIDATES: [] | SELECTED: "" | CONFIDENCE: FAILED | TIME: 0ms | REASON: Resolved via readymade-fallback
[2026-08-10T13:17:21.808Z] COMPANY: "Quadrant Future Tek Limited" | QUERIES: ["Quadrant Future Tek Limited" official website] | CANDIDATES: [] | SELECTED: "" | CONFIDENCE: FAILED | TIME: 0ms | REASON: Resolved via readymade-fallback
[2026-08-10T13:17:21.809Z] COMPANY: "Quess Corp Limited" | QUERIES: ["Quess Corp Limited" official website] | CANDIDATES: [] | SELECTED: "" | CONFIDENCE: FAILED | TIME: 0ms | REASON: Resolved via readymade-fallback
[2026-08-10T13:17:21.810Z] COMPANY: "Quick Heal Technologies Limited" | QUERIES: ["Quick Heal Technologies Limited" official website] | CANDIDATES: [] | SELECTED: "" | CONFIDENCE: FAILED | TIME: 0ms | REASON: Resolved via readymade-fallback
[2026-08-10T13:17:21.811Z] COMPANY: "Quint Digital Limited" | QUERIES: ["Quint Digital Limited" official website] | CANDIDATES: [] | SELECTED: "" | CONFIDENCE: FAILED | TIME: 0ms | REASON: Resolved via readymade-fallback
[2026-08-10T13:17:21.812Z] COMPANY: "Race Eco Chain Limited" | QUERIES: ["Race Eco Chain Limited" official website] | CANDIDATES: [] | SELECTED: "" | CONFIDENCE: FAILED | TIME: 0ms | REASON: Resolved via readymade-fallback
[2026-08-10T13:17:21.813Z] COMPANY: "RACL Geartech Limited" | QUERIES: ["RACL Geartech Limited" official website] | CANDIDATES: [] | SELECTED: "" | CONFIDENCE: FAILED | TIME: 0ms | REASON: Resolved via readymade-fallback
[2026-08-10T13:17:21.816Z] COMPANY: "Radaan Mediaworks India Limited" | QUERIES: ["Radaan Mediaworks India Limited" official website] | CANDIDATES: [] | SELECTED: "" | CONFIDENCE: FAILED | TIME: 0ms | REASON: Resolved via readymade-fallback
[2026-08-10T13:17:21.817Z] COMPANY: "Radhika Jeweltech Limited" | QUERIES: ["Radhika Jeweltech Limited" official website] | CANDIDATES: [] | SELECTED: "" | CONFIDENCE: FAILED | TIME: 0ms | REASON: Resolved via readymade-fallback
[2026-08-10T13:17:21.817Z] COMPANY: "Radiant Cash Management Services Limited" | QUERIES: ["Radiant Cash Management Services Limited" official website] | CANDIDATES: [] | SELECTED: "" | CONFIDENCE: FAILED | TIME: 0ms | REASON: Resolved via readymade-fallback
[2026-08-10T13:17:21.818Z] COMPANY: "Radico Khaitan Limited" | QUERIES: ["Radico Khaitan Limited" official website] | CANDIDATES: [] | SELECTED: "" | CONFIDENCE: FAILED | TIME: 0ms | REASON: Resolved via readymade-fallback
[2026-08-10T13:17:21.821Z] COMPANY: "Music Broadcast Limited" | QUERIES: ["Music Broadcast Limited" official website] | CANDIDATES: [] | SELECTED: "" | CONFIDENCE: FAILED | TIME: 0ms | REASON: Resolved via readymade-fallback
[2026-08-10T13:17:21.821Z] COMPANY: "Railtel Corporation Of India Limited" | QUERIES: ["Railtel Corporation Of India Limited" official website] | CANDIDATES: [] | SELECTED: "" | CONFIDENCE: FAILED | TIME: 0ms | REASON: Resolved via readymade-fallback
[2026-08-10T13:17:21.823Z] COMPANY: "Rain Industries Limited" | QUERIES: ["Rain Industries Limited" official website] | CANDIDATES: [] | SELECTED: "" | CONFIDENCE: FAILED | TIME: 0ms | REASON: Resolved via readymade-fallback
[2026-08-10T13:17:21.826Z] COMPANY: "Rainbow Childrens Medicare Limited" | QUERIES: ["Rainbow Childrens Medicare Limited" official website] | CANDIDATES: [] | SELECTED: "" | CONFIDENCE: FAILED | TIME: 0ms | REASON: Resolved via readymade-fallback
[2026-08-10T13:17:21.827Z] COMPANY: "Rajesh Exports Limited" | QUERIES: ["Rajesh Exports Limited" official website] | CANDIDATES: [] | SELECTED: "" | CONFIDENCE: FAILED | TIME: 0ms | REASON: Resolved via readymade-fallback
[2026-08-10T13:17:21.830Z] COMPANY: "Rajnandini Metal Limited" | QUERIES: ["Rajnandini Metal Limited" official website] | CANDIDATES: [] | SELECTED: "" | CONFIDENCE: FAILED | TIME: 0ms | REASON: Resolved via readymade-fallback
[2026-08-10T13:17:21.832Z] COMPANY: "Rajoo Engineers Limited" | QUERIES: ["Rajoo Engineers Limited" official website] | CANDIDATES: [] | SELECTED: "" | CONFIDENCE: FAILED | TIME: 0ms | REASON: Resolved via readymade-fallback
[2026-08-10T13:17:21.833Z] COMPANY: "Rajapalayam Mills Limited" | QUERIES: ["Rajapalayam Mills Limited" official website] | CANDIDATES: [] | SELECTED: "" | CONFIDENCE: FAILED | TIME: 0ms | REASON: Resolved via readymade-fallback
[2026-08-10T13:17:21.836Z] COMPANY: "Rajratan Global Wire Limited" | QUERIES: ["Rajratan Global Wire Limited" official website] | CANDIDATES: [] | SELECTED: "" | CONFIDENCE: FAILED | TIME: 0ms | REASON: Resolved via readymade-fallback
[2026-08-10T13:17:21.838Z] COMPANY: "Raj Rayon Industries Limited" | QUERIES: ["Raj Rayon Industries Limited" official website] | CANDIDATES: [] | SELECTED: "" | CONFIDENCE: FAILED | TIME: 0ms | REASON: Resolved via readymade-fallback
[2026-08-10T13:17:21.839Z] COMPANY: "Rajshree Sugars & Chemicals Limited" | QUERIES: ["Rajshree Sugars & Chemicals Limited" official website] | CANDIDATES: [] | SELECTED: "" | CONFIDENCE: FAILED | TIME: 0ms | REASON: Resolved via readymade-fallback
[2026-08-10T13:17:21.842Z] COMPANY: "Raj Television Network Limited" | QUERIES: ["Raj Television Network Limited" official website] | CANDIDATES: [] | SELECTED: "" | CONFIDENCE: FAILED | TIME: 0ms | REASON: Resolved via readymade-fallback
[2026-08-10T13:17:21.843Z] COMPANY: "Rallis India Limited" | QUERIES: ["Rallis India Limited" official website] | CANDIDATES: [] | SELECTED: "" | CONFIDENCE: FAILED | TIME: 0ms | REASON: Resolved via readymade-fallback
[2026-08-10T13:17:21.847Z] COMPANY: "Shree Rama Newsprint Limited" | QUERIES: ["Shree Rama Newsprint Limited" official website] | CANDIDATES: [] | SELECTED: "" | CONFIDENCE: FAILED | TIME: 0ms | REASON: Resolved via readymade-fallback
[2026-08-10T13:17:21.847Z] COMPANY: "Rama Phosphates Limited" | QUERIES: ["Rama Phosphates Limited" official website] | CANDIDATES: [] | SELECTED: "" | CONFIDENCE: FAILED | TIME: 0ms | REASON: Resolved via readymade-fallback
[2026-08-10T13:17:21.851Z] COMPANY: "Rama Steel Tubes Limited" | QUERIES: ["Rama Steel Tubes Limited" official website] | CANDIDATES: [] | SELECTED: "" | CONFIDENCE: FAILED | TIME: 0ms | REASON: Resolved via readymade-fallback
[2026-08-10T13:17:21.852Z] COMPANY: "Advit Jewels Limited" | QUERIES: ["Advit Jewels Limited" official website] | CANDIDATES: [] | SELECTED: "" | CONFIDENCE: FAILED | TIME: 0ms | REASON: Resolved via readymade-fallback
[2026-08-10T13:17:21.855Z] COMPANY: "The Ramco Cements Limited" | QUERIES: ["The Ramco Cements Limited" official website] | CANDIDATES: [] | SELECTED: "" | CONFIDENCE: FAILED | TIME: 1ms | REASON: Resolved via readymade-fallback
[2026-08-10T13:17:21.858Z] COMPANY: "Ramco Industries Limited" | QUERIES: ["Ramco Industries Limited" official website] | CANDIDATES: [] | SELECTED: "" | CONFIDENCE: FAILED | TIME: 1ms | REASON: Resolved via readymade-fallback
[2026-08-10T13:17:21.860Z] COMPANY: "Ramco Systems Limited" | QUERIES: ["Ramco Systems Limited" official website] | CANDIDATES: [] | SELECTED: "" | CONFIDENCE: FAILED | TIME: 1ms | REASON: Resolved via readymade-fallback
[2026-08-10T13:17:21.864Z] COMPANY: "Ramky Infrastructure Limited" | QUERIES: ["Ramky Infrastructure Limited" official website] | CANDIDATES: [] | SELECTED: "" | CONFIDENCE: FAILED | TIME: 1ms | REASON: Resolved via readymade-fallback
[2026-08-10T13:17:21.867Z] COMPANY: "Ram Ratna Wires Limited" | QUERIES: ["Ram Ratna Wires Limited" official website] | CANDIDATES: [] | SELECTED: "" | CONFIDENCE: FAILED | TIME: 0ms | REASON: Resolved via readymade-fallback
[2026-08-10T13:17:21.868Z] COMPANY: "Rana Sugars Limited" | QUERIES: ["Rana Sugars Limited" official website] | CANDIDATES: [] | SELECTED: "" | CONFIDENCE: FAILED | TIME: 0ms | REASON: Resolved via readymade-fallback
[2026-08-10T13:17:21.868Z] COMPANY: "Rane Holdings Limited" | QUERIES: ["Rane Holdings Limited" official website] | CANDIDATES: [] | SELECTED: "" | CONFIDENCE: FAILED | TIME: 0ms | REASON: Resolved via readymade-fallback
[2026-08-10T13:17:21.870Z] COMPANY: "Rategain Travel Technologies Limited" | QUERIES: ["Rategain Travel Technologies Limited" official website] | CANDIDATES: [] | SELECTED: "" | CONFIDENCE: FAILED | TIME: 0ms | REASON: Resolved via readymade-fallback
[2026-08-10T13:17:21.871Z] COMPANY: "Ratnamani Metals & Tubes Limited" | QUERIES: ["Ratnamani Metals & Tubes Limited" official website] | CANDIDATES: [] | SELECTED: "" | CONFIDENCE: FAILED | TIME: 0ms | REASON: Resolved via readymade-fallback
[2026-08-10T13:17:21.875Z] COMPANY: "Ratnaveer Precision Engineering Limited" | QUERIES: ["Ratnaveer Precision Engineering Limited" official website] | CANDIDATES: [] | SELECTED: "" | CONFIDENCE: FAILED | TIME: 0ms | REASON: Resolved via readymade-fallback
[2026-08-10T13:17:21.876Z] COMPANY: "Raymond Limited" | QUERIES: ["Raymond Limited" official website] | CANDIDATES: [] | SELECTED: "" | CONFIDENCE: FAILED | TIME: 0ms | REASON: Resolved via readymade-fallback
[2026-08-10T13:17:21.880Z] COMPANY: "Raymond Lifestyle Limited" | QUERIES: ["Raymond Lifestyle Limited" official website] | CANDIDATES: [] | SELECTED: "" | CONFIDENCE: FAILED | TIME: 1ms | REASON: Resolved via readymade-fallback
[2026-08-10T13:17:21.881Z] COMPANY: "Raymond Realty Limited" | QUERIES: ["Raymond Realty Limited" official website] | CANDIDATES: [] | SELECTED: "" | CONFIDENCE: FAILED | TIME: 1ms | REASON: Resolved via readymade-fallback
[2026-08-10T13:17:21.882Z] COMPANY: "Restaurant Brands Asia Limited" | QUERIES: ["Restaurant Brands Asia Limited" official website] | CANDIDATES: [] | SELECTED: "" | CONFIDENCE: FAILED | TIME: 0ms | REASON: Resolved via readymade-fallback
[2026-08-10T13:17:21.883Z] COMPANY: "RBL Bank Limited" | QUERIES: ["RBL Bank Limited" official website] | CANDIDATES: [] | SELECTED: "" | CONFIDENCE: FAILED | TIME: 0ms | REASON: Resolved via readymade-fallback
[2026-08-10T13:17:21.885Z] COMPANY: "RBZ Jewellers Limited" | QUERIES: ["RBZ Jewellers Limited" official website] | CANDIDATES: [] | SELECTED: "" | CONFIDENCE: FAILED | TIME: 0ms | REASON: Resolved via readymade-fallback
[2026-08-10T13:17:21.887Z] COMPANY: "Rashtriya Chemicals and Fertilizers Limited" | QUERIES: ["Rashtriya Chemicals and Fertilizers Limited" official website] | CANDIDATES: [] | SELECTED: "" | CONFIDENCE: FAILED | TIME: 0ms | REASON: Resolved via readymade-fallback
[2026-08-10T13:17:21.888Z] COMPANY: "Reliance Communications Limited" | QUERIES: ["Reliance Communications Limited" official website] | CANDIDATES: [] | SELECTED: "" | CONFIDENCE: FAILED | TIME: 0ms | REASON: Resolved via readymade-fallback
[2026-08-10T13:17:21.889Z] COMPANY: "REC Limited" | QUERIES: ["REC Limited" official website] | CANDIDATES: [] | SELECTED: "" | CONFIDENCE: FAILED | TIME: 0ms | REASON: Resolved via readymade-fallback
[2026-08-10T13:17:21.892Z] COMPANY: "Redington Limited" | QUERIES: ["Redington Limited" official website] | CANDIDATES: [] | SELECTED: "" | CONFIDENCE: FAILED | TIME: 1ms | REASON: Resolved via readymade-fallback
[2026-08-10T13:17:21.893Z] COMPANY: "Redtape Limited" | QUERIES: ["Redtape Limited" official website] | CANDIDATES: [] | SELECTED: "" | CONFIDENCE: FAILED | TIME: 0ms | REASON: Resolved via readymade-fallback
[2026-08-10T13:17:21.897Z] COMPANY: "Refex Industries Limited" | QUERIES: ["Refex Industries Limited" official website] | CANDIDATES: [] | SELECTED: "" | CONFIDENCE: FAILED | TIME: 0ms | REASON: Resolved via readymade-fallback
[2026-08-10T13:17:21.899Z] COMPANY: "Regaal Resources Limited" | QUERIES: ["Regaal Resources Limited" official website] | CANDIDATES: [] | SELECTED: "" | CONFIDENCE: FAILED | TIME: 0ms | REASON: Resolved via readymade-fallback
[2026-08-10T13:17:21.900Z] COMPANY: "Regency Ceramics Limited" | QUERIES: ["Regency Ceramics Limited" official website] | CANDIDATES: [] | SELECTED: "" | CONFIDENCE: FAILED | TIME: 0ms | REASON: Resolved via readymade-fallback
[2026-08-10T13:17:21.902Z] COMPANY: "Relaxo Footwears Limited" | QUERIES: ["Relaxo Footwears Limited" official website] | CANDIDATES: [] | SELECTED: "" | CONFIDENCE: FAILED | TIME: 0ms | REASON: Resolved via readymade-fallback
[2026-08-10T13:17:21.904Z] COMPANY: "Reliance Chemotex Industries Limited" | QUERIES: ["Reliance Chemotex Industries Limited" official website] | CANDIDATES: [] | SELECTED: "" | CONFIDENCE: FAILED | TIME: 0ms | REASON: Resolved via readymade-fallback
[2026-08-10T13:17:21.905Z] COMPANY: "Reliable Data Services Limited" | QUERIES: ["Reliable Data Services Limited" official website] | CANDIDATES: [] | SELECTED: "" | CONFIDENCE: FAILED | TIME: 0ms | REASON: Resolved via readymade-fallback
[2026-08-10T13:17:21.906Z] COMPANY: "Reliance Industries Limited" | QUERIES: ["Reliance Industries Limited" official website] | CANDIDATES: [] | SELECTED: "" | CONFIDENCE: FAILED | TIME: 0ms | REASON: Resolved via readymade-fallback
[2026-08-10T13:17:21.909Z] COMPANY: "Religare Enterprises Limited" | QUERIES: ["Religare Enterprises Limited" official website] | CANDIDATES: [] | SELECTED: "" | CONFIDENCE: FAILED | TIME: 0ms | REASON: Resolved via readymade-fallback
[2026-08-10T13:17:21.909Z] COMPANY: "Ravindra Energy Limited" | QUERIES: ["Ravindra Energy Limited" official website] | CANDIDATES: [] | SELECTED: "" | CONFIDENCE: FAILED | TIME: 0ms | REASON: Resolved via readymade-fallback
[2026-08-10T13:17:21.911Z] COMPANY: "Remsons Industries Limited" | QUERIES: ["Remsons Industries Limited" official website] | CANDIDATES: [] | SELECTED: "" | CONFIDENCE: FAILED | TIME: 0ms | REASON: Resolved via readymade-fallback
[2026-08-10T13:17:21.911Z] COMPANY: "Shree Renuka Sugars Limited" | QUERIES: ["Shree Renuka Sugars Limited" official website] | CANDIDATES: [] | SELECTED: "" | CONFIDENCE: FAILED | TIME: 0ms | REASON: Resolved via readymade-fallback
[2026-08-10T13:17:21.913Z] COMPANY: "Repco Home Finance Limited" | QUERIES: ["Repco Home Finance Limited" official website] | CANDIDATES: [] | SELECTED: "" | CONFIDENCE: FAILED | TIME: 0ms | REASON: Resolved via readymade-fallback
[2026-08-10T13:17:21.916Z] COMPANY: "Rudrabhishek Enterprises Limited" | QUERIES: ["Rudrabhishek Enterprises Limited" official website] | CANDIDATES: [] | SELECTED: "" | CONFIDENCE: FAILED | TIME: 0ms | REASON: Resolved via readymade-fallback
[2026-08-10T13:17:21.917Z] COMPANY: "Repro India Limited" | QUERIES: ["Repro India Limited" official website] | CANDIDATES: [] | SELECTED: "" | CONFIDENCE: FAILED | TIME: 0ms | REASON: Resolved via readymade-fallback
[2026-08-10T13:17:21.919Z] COMPANY: "Responsive Industries Limited" | QUERIES: ["Responsive Industries Limited" official website] | CANDIDATES: [] | SELECTED: "" | CONFIDENCE: FAILED | TIME: 0ms | REASON: Resolved via readymade-fallback
[2026-08-10T13:17:21.920Z] COMPANY: "JHS Svendgaard Retail Ventures Limited" | QUERIES: ["JHS Svendgaard Retail Ventures Limited" official website] | CANDIDATES: [] | SELECTED: "" | CONFIDENCE: FAILED | TIME: 0ms | REASON: Resolved via readymade-fallback
[2026-08-10T13:17:21.922Z] COMPANY: "Renaissance Global Limited" | QUERIES: ["Renaissance Global Limited" official website] | CANDIDATES: [] | SELECTED: "" | CONFIDENCE: FAILED | TIME: 0ms | REASON: Resolved via readymade-fallback
[2026-08-10T13:17:21.924Z] COMPANY: "Rhetan TMT Limited" | QUERIES: ["Rhetan TMT Limited" official website] | CANDIDATES: [] | SELECTED: "" | CONFIDENCE: FAILED | TIME: 0ms | REASON: Resolved via readymade-fallback
[2026-08-10T13:17:21.926Z] COMPANY: "Reliance Home Finance Limited" | QUERIES: ["Reliance Home Finance Limited" official website] | CANDIDATES: [] | SELECTED: "" | CONFIDENCE: FAILED | TIME: 0ms | REASON: Resolved via readymade-fallback
[2026-08-10T13:17:21.929Z] COMPANY: "RHI MAGNESITA INDIA LIMITED" | QUERIES: ["RHI MAGNESITA INDIA LIMITED" official website] | CANDIDATES: [] | SELECTED: "" | CONFIDENCE: FAILED | TIME: 0ms | REASON: Resolved via readymade-fallback
[2026-08-10T13:17:21.929Z] COMPANY: "Robust Hotels Limited" | QUERIES: ["Robust Hotels Limited" official website] | CANDIDATES: [] | SELECTED: "" | CONFIDENCE: FAILED | TIME: 0ms | REASON: Resolved via readymade-fallback
[2026-08-10T13:17:21.933Z] COMPANY: "Rico Auto Industries Limited" | QUERIES: ["Rico Auto Industries Limited" official website] | CANDIDATES: [] | SELECTED: "" | CONFIDENCE: FAILED | TIME: 0ms | REASON: Resolved via readymade-fallback
[2026-08-10T13:17:21.935Z] COMPANY: "Reliance Industrial Infrastructure Limited" | QUERIES: ["Reliance Industrial Infrastructure Limited" official website] | CANDIDATES: [] | SELECTED: "" | CONFIDENCE: FAILED | TIME: 0ms | REASON: Resolved via readymade-fallback
[2026-08-10T13:17:21.936Z] COMPANY: "RIR Power Electronics Limited" | QUERIES: ["RIR Power Electronics Limited" official website] | CANDIDATES: [] | SELECTED: "" | CONFIDENCE: FAILED | TIME: 0ms | REASON: Resolved via readymade-fallback
[2026-08-10T13:17:21.938Z] COMPANY: "Rishabh Instruments Limited" | QUERIES: ["Rishabh Instruments Limited" official website] | CANDIDATES: [] | SELECTED: "" | CONFIDENCE: FAILED | TIME: 0ms | REASON: Resolved via readymade-fallback
[2026-08-10T13:17:21.939Z] COMPANY: "Ritco Logistics Limited" | QUERIES: ["Ritco Logistics Limited" official website] | CANDIDATES: [] | SELECTED: "" | CONFIDENCE: FAILED | TIME: 0ms | REASON: Resolved via readymade-fallback
[2026-08-10T13:17:21.942Z] COMPANY: "RITES Limited" | QUERIES: ["RITES Limited" official website] | CANDIDATES: [] | SELECTED: "" | CONFIDENCE: FAILED | TIME: 0ms | REASON: Resolved via readymade-fallback
[2026-08-10T13:17:21.943Z] COMPANY: "Ravi Kumar Distilleries Limited" | QUERIES: ["Ravi Kumar Distilleries Limited" official website] | CANDIDATES: [] | SELECTED: "" | CONFIDENCE: FAILED | TIME: 0ms | REASON: Resolved via readymade-fallback
[2026-08-10T13:17:21.944Z] COMPANY: "RKEC Projects Limited" | QUERIES: ["RKEC Projects Limited" official website] | CANDIDATES: [] | SELECTED: "" | CONFIDENCE: FAILED | TIME: 0ms | REASON: Resolved via readymade-fallback
[2026-08-10T13:17:21.946Z] COMPANY: "Ramkrishna Forgings Limited" | QUERIES: ["Ramkrishna Forgings Limited" official website] | CANDIDATES: [] | SELECTED: "" | CONFIDENCE: FAILED | TIME: 0ms | REASON: Resolved via readymade-fallback
[2026-08-10T13:17:21.948Z] COMPANY: "R K Swamy Limited" | QUERIES: ["R K Swamy Limited" official website] | CANDIDATES: [] | SELECTED: "" | CONFIDENCE: FAILED | TIME: 0ms | REASON: Resolved via readymade-fallback
[2026-08-10T13:17:21.948Z] COMPANY: "RMC Switchgears Limited" | QUERIES: ["RMC Switchgears Limited" official website] | CANDIDATES: [] | SELECTED: "" | CONFIDENCE: FAILED | TIME: 0ms | REASON: Resolved via readymade-fallback
[2026-08-10T13:17:21.950Z] COMPANY: "R M Drip and Sprinklers Systems Limited" | QUERIES: ["R M Drip and Sprinklers Systems Limited" official website] | CANDIDATES: [] | SELECTED: "" | CONFIDENCE: FAILED | TIME: 0ms | REASON: Resolved via readymade-fallback
[2026-08-10T13:17:21.951Z] COMPANY: "Rane (Madras) Limited" | QUERIES: ["Rane (Madras) Limited" official website] | CANDIDATES: [] | SELECTED: "" | CONFIDENCE: FAILED | TIME: 0ms | REASON: Resolved via readymade-fallback
[2026-08-10T13:17:21.952Z] COMPANY: "R&B Denims Limited" | QUERIES: ["R&B Denims Limited" official website] | CANDIDATES: [] | SELECTED: "" | CONFIDENCE: FAILED | TIME: 0ms | REASON: Resolved via readymade-fallback
[2026-08-10T13:17:21.958Z] COMPANY: "Royal Orchid Hotels Limited" | QUERIES: ["Royal Orchid Hotels Limited" official website] | CANDIDATES: [] | SELECTED: "" | CONFIDENCE: FAILED | TIME: 0ms | REASON: Resolved via readymade-fallback
[2026-08-10T13:17:21.961Z] COMPANY: "Rolex Rings Limited" | QUERIES: ["Rolex Rings Limited" official website] | CANDIDATES: [] | SELECTED: "" | CONFIDENCE: FAILED | TIME: 0ms | REASON: Resolved via readymade-fallback
[2026-08-10T13:17:21.963Z] COMPANY: "Rollatainers Limited" | QUERIES: ["Rollatainers Limited" official website] | CANDIDATES: [] | SELECTED: "" | CONFIDENCE: FAILED | TIME: 0ms | REASON: Resolved via readymade-fallback
[2026-08-10T13:17:21.964Z] COMPANY: "Raj Oil Mills Limited" | QUERIES: ["Raj Oil Mills Limited" official website] | CANDIDATES: [] | SELECTED: "" | CONFIDENCE: FAILED | TIME: 0ms | REASON: Resolved via readymade-fallback
[2026-08-10T13:17:21.965Z] COMPANY: "Rossari Biotech Limited" | QUERIES: ["Rossari Biotech Limited" official website] | CANDIDATES: [] | SELECTED: "" | CONFIDENCE: FAILED | TIME: 0ms | REASON: Resolved via readymade-fallback
[2026-08-10T13:17:21.968Z] COMPANY: "Rossell India Limited" | QUERIES: ["Rossell India Limited" official website] | CANDIDATES: [] | SELECTED: "" | CONFIDENCE: FAILED | TIME: 0ms | REASON: Resolved via readymade-fallback
[2026-08-10T13:17:21.968Z] COMPANY: "Rossell Techsys Limited" | QUERIES: ["Rossell Techsys Limited" official website] | CANDIDATES: [] | SELECTED: "" | CONFIDENCE: FAILED | TIME: 0ms | REASON: Resolved via readymade-fallback
[2026-08-10T13:17:21.971Z] COMPANY: "Roto Pumps Limited" | QUERIES: ["Roto Pumps Limited" official website] | CANDIDATES: [] | SELECTED: "" | CONFIDENCE: FAILED | TIME: 0ms | REASON: Resolved via readymade-fallback
[2026-08-10T13:17:21.974Z] COMPANY: "ROUTE MOBILE LIMITED" | QUERIES: ["ROUTE MOBILE LIMITED" official website] | CANDIDATES: [] | SELECTED: "" | CONFIDENCE: FAILED | TIME: 0ms | REASON: Resolved via readymade-fallback
[2026-08-10T13:17:21.975Z] COMPANY: "Raghav Productivity Enhancers Limited" | QUERIES: ["Raghav Productivity Enhancers Limited" official website] | CANDIDATES: [] | SELECTED: "" | CONFIDENCE: FAILED | TIME: 0ms | REASON: Resolved via readymade-fallback
[2026-08-10T13:17:21.975Z] COMPANY: "RPG Life Sciences Limited" | QUERIES: ["RPG Life Sciences Limited" official website] | CANDIDATES: [] | SELECTED: "" | CONFIDENCE: FAILED | TIME: 0ms | REASON: Resolved via readymade-fallback
[2026-08-10T13:17:21.976Z] COMPANY: "Reliance Power Limited" | QUERIES: ["Reliance Power Limited" official website] | CANDIDATES: [] | SELECTED: "" | CONFIDENCE: FAILED | TIME: 0ms | REASON: Resolved via readymade-fallback
[2026-08-10T13:17:21.981Z] COMPANY: "R.P.P. Infra Projects Limited" | QUERIES: ["R.P.P. Infra Projects Limited" official website] | CANDIDATES: [] | SELECTED: "" | CONFIDENCE: FAILED | TIME: 0ms | REASON: Resolved via readymade-fallback
[2026-08-10T13:17:21.982Z] COMPANY: "Rajshree Polypack Limited" | QUERIES: ["Rajshree Polypack Limited" official website] | CANDIDATES: [] | SELECTED: "" | CONFIDENCE: FAILED | TIME: 0ms | REASON: Resolved via readymade-fallback
[2026-08-10T13:17:21.982Z] COMPANY: "RPSG VENTURES LIMITED" | QUERIES: ["RPSG VENTURES LIMITED" official website] | CANDIDATES: [] | SELECTED: "" | CONFIDENCE: FAILED | TIME: 0ms | REASON: Resolved via readymade-fallback
[2026-08-10T13:17:21.985Z] COMPANY: "Rashi Peripherals Limited" | QUERIES: ["Rashi Peripherals Limited" official website] | CANDIDATES: [] | SELECTED: "" | CONFIDENCE: FAILED | TIME: 0ms | REASON: Resolved via readymade-fallback
[2026-08-10T13:17:21.985Z] COMPANY: "RRIL Limited" | QUERIES: ["RRIL Limited" official website] | CANDIDATES: [] | SELECTED: "" | CONFIDENCE: FAILED | TIME: 0ms | REASON: Resolved via readymade-fallback
[2026-08-10T13:17:21.986Z] COMPANY: "R R Kabel Limited" | QUERIES: ["R R Kabel Limited" official website] | CANDIDATES: [] | SELECTED: "" | CONFIDENCE: FAILED | TIME: 0ms | REASON: Resolved via readymade-fallback
[2026-08-10T13:17:21.987Z] COMPANY: "RSD Finance Limited" | QUERIES: ["RSD Finance Limited" official website] | CANDIDATES: [] | SELECTED: "" | CONFIDENCE: FAILED | TIME: 0ms | REASON: Resolved via readymade-fallback
[2026-08-10T13:17:21.989Z] COMPANY: "Rajputana Stainless Limited" | QUERIES: ["Rajputana Stainless Limited" official website] | CANDIDATES: [] | SELECTED: "" | CONFIDENCE: FAILED | TIME: 0ms | REASON: Resolved via readymade-fallback
[2026-08-10T13:17:21.995Z] COMPANY: "R. S. Software (India) Limited" | QUERIES: ["R. S. Software (India) Limited" official website] | CANDIDATES: [] | SELECTED: "" | CONFIDENCE: FAILED | TIME: 0ms | REASON: Resolved via readymade-fallback
[2026-08-10T13:17:22.001Z] COMPANY: "RSWM Limited" | QUERIES: ["RSWM Limited" official website] | CANDIDATES: [] | SELECTED: "" | CONFIDENCE: FAILED | TIME: 0ms | REASON: Resolved via readymade-fallback
[2026-08-10T13:17:22.015Z] COMPANY: "R Systems International Limited" | QUERIES: ["R Systems International Limited" official website] | CANDIDATES: [] | SELECTED: "" | CONFIDENCE: FAILED | TIME: 0ms | REASON: Resolved via readymade-fallback
[2026-08-10T13:17:22.023Z] COMPANY: "RattanIndia Enterprises Limited" | QUERIES: ["RattanIndia Enterprises Limited" official website] | CANDIDATES: [] | SELECTED: "" | CONFIDENCE: FAILED | TIME: 0ms | REASON: Resolved via readymade-fallback
[2026-08-10T13:17:22.024Z] COMPANY: "RattanIndia Power Limited" | QUERIES: ["RattanIndia Power Limited" official website] | CANDIDATES: [] | SELECTED: "" | CONFIDENCE: FAILED | TIME: 0ms | REASON: Resolved via readymade-fallback
[2026-08-10T13:17:22.028Z] COMPANY: "Rubfila International Limited" | QUERIES: ["Rubfila International Limited" official website] | CANDIDATES: [] | SELECTED: "" | CONFIDENCE: FAILED | TIME: 0ms | REASON: Resolved via readymade-fallback
[2026-08-10T13:17:22.033Z] COMPANY: "Rubicon Research Limited" | QUERIES: ["Rubicon Research Limited" official website] | CANDIDATES: [] | SELECTED: "" | CONFIDENCE: FAILED | TIME: 0ms | REASON: Resolved via readymade-fallback
[2026-08-10T13:17:22.033Z] COMPANY: "The Ruby Mills Limited" | QUERIES: ["The Ruby Mills Limited" official website] | CANDIDATES: [] | SELECTED: "" | CONFIDENCE: FAILED | TIME: 0ms | REASON: Resolved via readymade-fallback
[2026-08-10T13:17:22.034Z] COMPANY: "Ruchi Infrastructure Limited" | QUERIES: ["Ruchi Infrastructure Limited" official website] | CANDIDATES: [] | SELECTED: "" | CONFIDENCE: FAILED | TIME: 0ms | REASON: Resolved via readymade-fallback
[2026-08-10T13:17:22.040Z] COMPANY: "Ruchira Papers Limited" | QUERIES: ["Ruchira Papers Limited" official website] | CANDIDATES: [] | SELECTED: "" | CONFIDENCE: FAILED | TIME: 0ms | REASON: Resolved via readymade-fallback
[2026-08-10T13:17:22.043Z] COMPANY: "Rudra Global Infra Products Limited" | QUERIES: ["Rudra Global Infra Products Limited" official website] | CANDIDATES: [] | SELECTED: "" | CONFIDENCE: FAILED | TIME: 0ms | REASON: Resolved via readymade-fallback
[2026-08-10T13:17:22.048Z] COMPANY: "Rupa & Company Limited" | QUERIES: ["Rupa & Company Limited" official website] | CANDIDATES: [] | SELECTED: "" | CONFIDENCE: FAILED | TIME: 0ms | REASON: Resolved via readymade-fallback
[2026-08-10T13:17:22.048Z] COMPANY: "Rushil Decor Limited" | QUERIES: ["Rushil Decor Limited" official website] | CANDIDATES: [] | SELECTED: "" | CONFIDENCE: FAILED | TIME: 0ms | REASON: Resolved via readymade-fallback
[2026-08-10T13:17:22.056Z] COMPANY: "Keystone Realtors Limited" | QUERIES: ["Keystone Realtors Limited" official website] | CANDIDATES: [] | SELECTED: "" | CONFIDENCE: FAILED | TIME: 0ms | REASON: Resolved via readymade-fallback
[2026-08-10T13:17:22.057Z] COMPANY: "Ravinder Heights Limited" | QUERIES: ["Ravinder Heights Limited" official website] | CANDIDATES: [] | SELECTED: "" | CONFIDENCE: FAILED | TIME: 0ms | REASON: Resolved via readymade-fallback
[2026-08-10T13:17:22.059Z] COMPANY: "Rail Vikas Nigam Limited" | QUERIES: ["Rail Vikas Nigam Limited" official website] | CANDIDATES: [] | SELECTED: "" | CONFIDENCE: FAILED | TIME: 0ms | REASON: Resolved via readymade-fallback
[2026-08-10T13:17:22.060Z] COMPANY: "Revathi Equipment India Limited" | QUERIES: ["Revathi Equipment India Limited" official website] | CANDIDATES: [] | SELECTED: "" | CONFIDENCE: FAILED | TIME: 0ms | REASON: Resolved via readymade-fallback
[2026-08-10T13:17:22.062Z] COMPANY: "S&S Power Switchgears Limited" | QUERIES: ["S&S Power Switchgears Limited" official website] | CANDIDATES: [] | SELECTED: "" | CONFIDENCE: FAILED | TIME: 0ms | REASON: Resolved via readymade-fallback
[2026-08-10T13:17:22.066Z] COMPANY: "Saatvik Green Energy Limited" | QUERIES: ["Saatvik Green Energy Limited" official website] | CANDIDATES: [] | SELECTED: "" | CONFIDENCE: FAILED | TIME: 0ms | REASON: Resolved via readymade-fallback
[2026-08-10T13:17:22.068Z] COMPANY: "Sab Events & Governance Now Media Limited" | QUERIES: ["Sab Events & Governance Now Media Limited" official website] | CANDIDATES: [] | SELECTED: "" | CONFIDENCE: FAILED | TIME: 0ms | REASON: Resolved via readymade-fallback
[2026-08-10T13:17:22.073Z] COMPANY: "Sadbhav Engineering Limited" | QUERIES: ["Sadbhav Engineering Limited" official website] | CANDIDATES: [] | SELECTED: "" | CONFIDENCE: FAILED | TIME: 0ms | REASON: Resolved via readymade-fallback
[2026-08-10T13:17:22.080Z] COMPANY: "Sadbhav Infrastructure Project Limited" | QUERIES: ["Sadbhav Infrastructure Project Limited" official website] | CANDIDATES: [] | SELECTED: "" | CONFIDENCE: FAILED | TIME: 0ms | REASON: Resolved via readymade-fallback
[2026-08-10T13:17:22.081Z] COMPANY: "Sadhana Nitrochem Limited" | QUERIES: ["Sadhana Nitrochem Limited" official website] | CANDIDATES: [] | SELECTED: "" | CONFIDENCE: FAILED | TIME: 0ms | REASON: Resolved via readymade-fallback
[2026-08-10T13:17:22.082Z] COMPANY: "Safari Industries (India) Limited" | QUERIES: ["Safari Industries (India) Limited" official website] | CANDIDATES: [] | SELECTED: "" | CONFIDENCE: FAILED | TIME: 0ms | REASON: Resolved via readymade-fallback
[2026-08-10T13:17:22.083Z] COMPANY: "Sagardeep Alloys Limited" | QUERIES: ["Sagardeep Alloys Limited" official website] | CANDIDATES: [] | SELECTED: "" | CONFIDENCE: FAILED | TIME: 0ms | REASON: Resolved via readymade-fallback
[2026-08-10T13:17:22.087Z] COMPANY: "Sagar Cements Limited" | QUERIES: ["Sagar Cements Limited" official website] | CANDIDATES: [] | SELECTED: "" | CONFIDENCE: FAILED | TIME: 0ms | REASON: Resolved via readymade-fallback
[2026-08-10T13:17:22.089Z] COMPANY: "SAGILITY LIMITED" | QUERIES: ["SAGILITY LIMITED" official website] | CANDIDATES: [] | SELECTED: "" | CONFIDENCE: FAILED | TIME: 0ms | REASON: Resolved via readymade-fallback
[2026-08-10T13:17:22.094Z] COMPANY: "Shalibhadra Finance Limited" | QUERIES: ["Shalibhadra Finance Limited" official website] | CANDIDATES: [] | SELECTED: "" | CONFIDENCE: FAILED | TIME: 0ms | REASON: Resolved via readymade-fallback
[2026-08-10T13:17:22.096Z] COMPANY: "Sahyadri Industries Limited" | QUERIES: ["Sahyadri Industries Limited" official website] | CANDIDATES: [] | SELECTED: "" | CONFIDENCE: FAILED | TIME: 0ms | REASON: Resolved via readymade-fallback
[2026-08-10T13:17:22.103Z] COMPANY: "Steel Authority of India Limited" | QUERIES: ["Steel Authority of India Limited" official website] | CANDIDATES: [] | SELECTED: "" | CONFIDENCE: FAILED | TIME: 0ms | REASON: Resolved via readymade-fallback
[2026-08-10T13:17:22.105Z] COMPANY: "Sai Life Sciences Limited" | QUERIES: ["Sai Life Sciences Limited" official website] | CANDIDATES: [] | SELECTED: "" | CONFIDENCE: FAILED | TIME: 0ms | REASON: Resolved via readymade-fallback
[2026-08-10T13:17:22.110Z] COMPANY: "Sai Parenterals Limited" | QUERIES: ["Sai Parenterals Limited" official website] | CANDIDATES: [] | SELECTED: "" | CONFIDENCE: FAILED | TIME: 0ms | REASON: Resolved via readymade-fallback
[2026-08-10T13:17:22.115Z] COMPANY: "Sakar Healthcare Limited" | QUERIES: ["Sakar Healthcare Limited" official website] | CANDIDATES: [] | SELECTED: "" | CONFIDENCE: FAILED | TIME: 0ms | REASON: Resolved via readymade-fallback
[2026-08-10T13:17:22.123Z] COMPANY: "Sakthi Sugars Limited" | QUERIES: ["Sakthi Sugars Limited" official website] | CANDIDATES: [] | SELECTED: "" | CONFIDENCE: FAILED | TIME: 0ms | REASON: Resolved via readymade-fallback
[2026-08-10T13:17:22.124Z] COMPANY: "Saksoft Limited" | QUERIES: ["Saksoft Limited" official website] | CANDIDATES: [] | SELECTED: "" | CONFIDENCE: FAILED | TIME: 0ms | REASON: Resolved via readymade-fallback
[2026-08-10T13:17:22.128Z] COMPANY: "Sakuma Exports Limited" | QUERIES: ["Sakuma Exports Limited" official website] | CANDIDATES: [] | SELECTED: "" | CONFIDENCE: FAILED | TIME: 0ms | REASON: Resolved via readymade-fallback
[2026-08-10T13:17:22.130Z] COMPANY: "Salasar Techno Engineering Limited" | QUERIES: ["Salasar Techno Engineering Limited" official website] | CANDIDATES: [] | SELECTED: "" | CONFIDENCE: FAILED | TIME: 0ms | REASON: Resolved via readymade-fallback
[2026-08-10T13:17:22.132Z] COMPANY: "Salona Cotspin Limited" | QUERIES: ["Salona Cotspin Limited" official website] | CANDIDATES: [] | SELECTED: "" | CONFIDENCE: FAILED | TIME: 0ms | REASON: Resolved via readymade-fallback
[2026-08-10T13:17:22.133Z] COMPANY: "S.A.L. Steel Limited" | QUERIES: ["S.A.L. Steel Limited" official website] | CANDIDATES: [] | SELECTED: "" | CONFIDENCE: FAILED | TIME: 0ms | REASON: Resolved via readymade-fallback
[2026-08-10T13:17:22.134Z] COMPANY: "Salzer Electronics Limited" | QUERIES: ["Salzer Electronics Limited" official website] | CANDIDATES: [] | SELECTED: "" | CONFIDENCE: FAILED | TIME: 0ms | REASON: Resolved via readymade-fallback
[2026-08-10T13:17:22.140Z] COMPANY: "Sambhaav Media Limited" | QUERIES: ["Sambhaav Media Limited" official website] | CANDIDATES: [] | SELECTED: "" | CONFIDENCE: FAILED | TIME: 0ms | REASON: Resolved via readymade-fallback
[2026-08-10T13:17:22.142Z] COMPANY: "Sambhv Steel Tubes Limited" | QUERIES: ["Sambhv Steel Tubes Limited" official website] | CANDIDATES: [] | SELECTED: "" | CONFIDENCE: FAILED | TIME: 0ms | REASON: Resolved via readymade-fallback
[2026-08-10T13:17:22.143Z] COMPANY: "Samhi Hotels Limited" | QUERIES: ["Samhi Hotels Limited" official website] | CANDIDATES: [] | SELECTED: "" | CONFIDENCE: FAILED | TIME: 0ms | REASON: Resolved via readymade-fallback
[2026-08-10T13:17:22.145Z] COMPANY: "Sammaan Capital Limited" | QUERIES: ["Sammaan Capital Limited" official website] | CANDIDATES: [] | SELECTED: "" | CONFIDENCE: FAILED | TIME: 0ms | REASON: Resolved via readymade-fallback
[2026-08-10T13:17:22.146Z] COMPANY: "Sampann Utpadan India Limited" | QUERIES: ["Sampann Utpadan India Limited" official website] | CANDIDATES: [] | SELECTED: "" | CONFIDENCE: FAILED | TIME: 0ms | REASON: Resolved via readymade-fallback
[2026-08-10T13:17:22.150Z] COMPANY: "Sanathan Textiles Limited" | QUERIES: ["Sanathan Textiles Limited" official website] | CANDIDATES: [] | SELECTED: "" | CONFIDENCE: FAILED | TIME: 0ms | REASON: Resolved via readymade-fallback
[2026-08-10T13:17:22.160Z] COMPANY: "The Sandesh Limited" | QUERIES: ["The Sandesh Limited" official website] | CANDIDATES: [] | SELECTED: "" | CONFIDENCE: FAILED | TIME: 0ms | REASON: Resolved via readymade-fallback
[2026-08-10T13:17:22.163Z] COMPANY: "Sandhar Technologies Limited" | QUERIES: ["Sandhar Technologies Limited" official website] | CANDIDATES: [] | SELECTED: "" | CONFIDENCE: FAILED | TIME: 0ms | REASON: Resolved via readymade-fallback
[2026-08-10T13:17:22.166Z] COMPANY: "Sandur Manganese & Iron Ores Limited" | QUERIES: ["Sandur Manganese & Iron Ores Limited" official website] | CANDIDATES: [] | SELECTED: "" | CONFIDENCE: FAILED | TIME: 0ms | REASON: Resolved via readymade-fallback
[2026-08-10T13:17:22.183Z] COMPANY: "Sangam (India) Limited" | QUERIES: ["Sangam (India) Limited" official website] | CANDIDATES: [] | SELECTED: "" | CONFIDENCE: FAILED | TIME: 0ms | REASON: Resolved via readymade-fallback
[2026-08-10T13:17:22.191Z] COMPANY: "Sanghvi Movers Limited" | QUERIES: ["Sanghvi Movers Limited" official website] | CANDIDATES: [] | SELECTED: "" | CONFIDENCE: FAILED | TIME: 0ms | REASON: Resolved via readymade-fallback
[2026-08-10T13:17:22.192Z] COMPANY: "Sanginita Chemicals Limited" | QUERIES: ["Sanginita Chemicals Limited" official website] | CANDIDATES: [] | SELECTED: "" | CONFIDENCE: FAILED | TIME: 0ms | REASON: Resolved via readymade-fallback
[2026-08-10T13:17:22.195Z] COMPANY: "Sanofi India Limited" | QUERIES: ["Sanofi India Limited" official website] | CANDIDATES: [] | SELECTED: "" | CONFIDENCE: FAILED | TIME: 0ms | REASON: Resolved via readymade-fallback
[2026-08-10T13:17:22.197Z] COMPANY: "Sanofi Consumer Healthcare India Limited" | QUERIES: ["Sanofi Consumer Healthcare India Limited" official website] | CANDIDATES: [] | SELECTED: "" | CONFIDENCE: FAILED | TIME: 0ms | REASON: Resolved via readymade-fallback
[2026-08-10T13:17:22.208Z] COMPANY: "Sansera Engineering Limited" | QUERIES: ["Sansera Engineering Limited" official website] | CANDIDATES: [] | SELECTED: "" | CONFIDENCE: FAILED | TIME: 0ms | REASON: Resolved via readymade-fallback
[2026-08-10T13:17:22.213Z] COMPANY: "Sanstar Limited" | QUERIES: ["Sanstar Limited" official website] | CANDIDATES: [] | SELECTED: "" | CONFIDENCE: FAILED | TIME: 0ms | REASON: Resolved via readymade-fallback
[2026-08-10T13:17:22.218Z] COMPANY: "Sanwaria Consumer Limited" | QUERIES: ["Sanwaria Consumer Limited" official website] | CANDIDATES: [] | SELECTED: "" | CONFIDENCE: FAILED | TIME: 0ms | REASON: Resolved via readymade-fallback
[2026-08-10T13:17:22.219Z] COMPANY: "Sapphire Foods India Limited" | QUERIES: ["Sapphire Foods India Limited" official website] | CANDIDATES: [] | SELECTED: "" | CONFIDENCE: FAILED | TIME: 0ms | REASON: Resolved via readymade-fallback
[2026-08-10T13:17:22.223Z] COMPANY: "Shree Ajit Pulp & Paper Limited" | QUERIES: ["Shree Ajit Pulp & Paper Limited" official website] | CANDIDATES: [] | SELECTED: "" | CONFIDENCE: FAILED | TIME: 0ms | REASON: Resolved via readymade-fallback
[2026-08-10T13:17:22.224Z] COMPANY: "Sarda Energy & Minerals Limited" | QUERIES: ["Sarda Energy & Minerals Limited" official website] | CANDIDATES: [] | SELECTED: "" | CONFIDENCE: FAILED | TIME: 0ms | REASON: Resolved via readymade-fallback
[2026-08-10T13:17:22.225Z] COMPANY: "Saregama India Limited" | QUERIES: ["Saregama India Limited" official website] | CANDIDATES: [] | SELECTED: "" | CONFIDENCE: FAILED | TIME: 0ms | REASON: Resolved via readymade-fallback
[2026-08-10T13:17:22.230Z] COMPANY: "Sarla Performance Fibers Limited" | QUERIES: ["Sarla Performance Fibers Limited" official website] | CANDIDATES: [] | SELECTED: "" | CONFIDENCE: FAILED | TIME: 0ms | REASON: Resolved via readymade-fallback
[2026-08-10T13:17:22.236Z] COMPANY: "Sarveshwar Foods Limited" | QUERIES: ["Sarveshwar Foods Limited" official website] | CANDIDATES: [] | SELECTED: "" | CONFIDENCE: FAILED | TIME: 0ms | REASON: Resolved via readymade-fallback
[2026-08-10T13:17:22.242Z] COMPANY: "Sasken Technologies Limited" | QUERIES: ["Sasken Technologies Limited" official website] | CANDIDATES: [] | SELECTED: "" | CONFIDENCE: FAILED | TIME: 0ms | REASON: Resolved via readymade-fallback
[2026-08-10T13:17:22.244Z] COMPANY: "Satia Industries Limited" | QUERIES: ["Satia Industries Limited" official website] | CANDIDATES: [] | SELECTED: "" | CONFIDENCE: FAILED | TIME: 0ms | REASON: Resolved via readymade-fallback
[2026-08-10T13:17:22.244Z] COMPANY: "Satin Creditcare Network Limited" | QUERIES: ["Satin Creditcare Network Limited" official website] | CANDIDATES: [] | SELECTED: "" | CONFIDENCE: FAILED | TIME: 0ms | REASON: Resolved via readymade-fallback
[2026-08-10T13:17:22.245Z] COMPANY: "Saurashtra Cement Limited" | QUERIES: ["Saurashtra Cement Limited" official website] | CANDIDATES: [] | SELECTED: "" | CONFIDENCE: FAILED | TIME: 0ms | REASON: Resolved via readymade-fallback
[2026-08-10T13:17:22.250Z] COMPANY: "Sayaji Hotels Limited" | QUERIES: ["Sayaji Hotels Limited" official website] | CANDIDATES: [] | SELECTED: "" | CONFIDENCE: FAILED | TIME: 0ms | REASON: Resolved via readymade-fallback
[2026-08-10T13:17:22.254Z] COMPANY: "SBC Exports Limited" | QUERIES: ["SBC Exports Limited" official website] | CANDIDATES: [] | SELECTED: "" | CONFIDENCE: FAILED | TIME: 0ms | REASON: Resolved via readymade-fallback
[2026-08-10T13:17:22.255Z] COMPANY: "Shivalik Bimetal Controls Limited" | QUERIES: ["Shivalik Bimetal Controls Limited" official website] | CANDIDATES: [] | SELECTED: "" | CONFIDENCE: FAILED | TIME: 0ms | REASON: Resolved via readymade-fallback
[2026-08-10T13:17:22.258Z] COMPANY: "SBFC Finance Limited" | QUERIES: ["SBFC Finance Limited" official website] | CANDIDATES: [] | SELECTED: "" | CONFIDENCE: FAILED | TIME: 0ms | REASON: Resolved via readymade-fallback
[2026-08-10T13:17:22.262Z] COMPANY: "Suratwwala Business Group Limited" | QUERIES: ["Suratwwala Business Group Limited" official website] | CANDIDATES: [] | SELECTED: "" | CONFIDENCE: FAILED | TIME: 3ms | REASON: Resolved via readymade-fallback
[2026-08-10T13:17:22.262Z] COMPANY: "SBI Cards and Payment Services Limited" | QUERIES: ["SBI Cards and Payment Services Limited" official website] | CANDIDATES: [] | SELECTED: "" | CONFIDENCE: FAILED | TIME: 0ms | REASON: Resolved via readymade-fallback
[2026-08-10T13:17:22.265Z] COMPANY: "SBI Funds Management Limited" | QUERIES: ["SBI Funds Management Limited" official website] | CANDIDATES: [] | SELECTED: "" | CONFIDENCE: FAILED | TIME: 0ms | REASON: Resolved via readymade-fallback
[2026-08-10T13:17:22.267Z] COMPANY: "SBI Life Insurance Company Limited" | QUERIES: ["SBI Life Insurance Company Limited" official website] | CANDIDATES: [] | SELECTED: "" | CONFIDENCE: FAILED | TIME: 0ms | REASON: Resolved via readymade-fallback
[2026-08-10T13:17:22.271Z] COMPANY: "State Bank of India" | QUERIES: ["State Bank of India" official website] | CANDIDATES: [] | SELECTED: "" | CONFIDENCE: FAILED | TIME: 0ms | REASON: Resolved via readymade-fallback
[2026-08-10T13:17:22.276Z] COMPANY: "Scan Steels Limited" | QUERIES: ["Scan Steels Limited" official website] | CANDIDATES: [] | SELECTED: "" | CONFIDENCE: FAILED | TIME: 0ms | REASON: Resolved via readymade-fallback
[2026-08-10T13:17:22.281Z] COMPANY: "Schaeffler India Limited" | QUERIES: ["Schaeffler India Limited" official website] | CANDIDATES: [] | SELECTED: "" | CONFIDENCE: FAILED | TIME: 0ms | REASON: Resolved via readymade-fallback
[2026-08-10T13:17:22.282Z] COMPANY: "S Chand And Company Limited" | QUERIES: ["S Chand And Company Limited" official website] | CANDIDATES: [] | SELECTED: "" | CONFIDENCE: FAILED | TIME: 0ms | REASON: Resolved via readymade-fallback
[2026-08-10T13:17:22.287Z] COMPANY: "Schneider Electric Infrastructure Limited" | QUERIES: ["Schneider Electric Infrastructure Limited" official website] | CANDIDATES: [] | SELECTED: "" | CONFIDENCE: FAILED | TIME: 0ms | REASON: Resolved via readymade-fallback
[2026-08-10T13:17:22.289Z] COMPANY: "Shipping Corporation Of India Limited" | QUERIES: ["Shipping Corporation Of India Limited" official website] | CANDIDATES: [] | SELECTED: "" | CONFIDENCE: FAILED | TIME: 0ms | REASON: Resolved via readymade-fallback
[2026-08-10T13:17:22.296Z] COMPANY: "Shipping Corporation of India Land and Assets Limited" | QUERIES: ["Shipping Corporation of India Land and Assets Limited" official website] | CANDIDATES: [] | SELECTED: "" | CONFIDENCE: FAILED | TIME: 0ms | REASON: Resolved via readymade-fallback
[2026-08-10T13:17:22.300Z] COMPANY: "Scoda Tubes Limited" | QUERIES: ["Scoda Tubes Limited" official website] | CANDIDATES: [] | SELECTED: "" | CONFIDENCE: FAILED | TIME: 0ms | REASON: Resolved via readymade-fallback
[2026-08-10T13:17:22.303Z] COMPANY: "Sheetal Cool Products Limited" | QUERIES: ["Sheetal Cool Products Limited" official website] | CANDIDATES: [] | SELECTED: "" | CONFIDENCE: FAILED | TIME: 0ms | REASON: Resolved via readymade-fallback
[2026-08-10T13:17:22.305Z] COMPANY: "Som Distilleries & Breweries Limited" | QUERIES: ["Som Distilleries & Breweries Limited" official website] | CANDIDATES: [] | SELECTED: "" | CONFIDENCE: FAILED | TIME: 0ms | REASON: Resolved via readymade-fallback
[2026-08-10T13:17:22.307Z] COMPANY: "Seamec Limited" | QUERIES: ["Seamec Limited" official website] | CANDIDATES: [] | SELECTED: "" | CONFIDENCE: FAILED | TIME: 0ms | REASON: Resolved via readymade-fallback
[2026-08-10T13:17:22.311Z] COMPANY: "SecMark Consultancy Limited" | QUERIES: ["SecMark Consultancy Limited" official website] | CANDIDATES: [] | SELECTED: "" | CONFIDENCE: FAILED | TIME: 0ms | REASON: Resolved via readymade-fallback
[2026-08-10T13:17:22.316Z] COMPANY: "SECUREKLOUD TECHNOLOGIES LIMITED" | QUERIES: ["SECUREKLOUD TECHNOLOGIES LIMITED" official website] | CANDIDATES: [] | SELECTED: "" | CONFIDENCE: FAILED | TIME: 0ms | REASON: Resolved via readymade-fallback
[2026-08-10T13:17:22.321Z] COMPANY: "SEDEMAC Mechatronics Limited" | QUERIES: ["SEDEMAC Mechatronics Limited" official website] | CANDIDATES: [] | SELECTED: "" | CONFIDENCE: FAILED | TIME: 0ms | REASON: Resolved via readymade-fallback
[2026-08-10T13:17:22.326Z] COMPANY: "Shanti Educational Initiatives Limited" | QUERIES: ["Shanti Educational Initiatives Limited" official website] | CANDIDATES: [] | SELECTED: "" | CONFIDENCE: FAILED | TIME: 0ms | REASON: Resolved via readymade-fallback
[2026-08-10T13:17:22.328Z] COMPANY: "Sejal Glass Limited" | QUERIES: ["Sejal Glass Limited" official website] | CANDIDATES: [] | SELECTED: "" | CONFIDENCE: FAILED | TIME: 0ms | REASON: Resolved via readymade-fallback
[2026-08-10T13:17:22.331Z] COMPANY: "SEL Manufacturing Company Limited" | QUERIES: ["SEL Manufacturing Company Limited" official website] | CANDIDATES: [] | SELECTED: "" | CONFIDENCE: FAILED | TIME: 0ms | REASON: Resolved via readymade-fallback
[2026-08-10T13:17:22.331Z] COMPANY: "Semac Construction Limited" | QUERIES: ["Semac Construction Limited" official website] | CANDIDATES: [] | SELECTED: "" | CONFIDENCE: FAILED | TIME: 0ms | REASON: Resolved via readymade-fallback
[2026-08-10T13:17:22.335Z] COMPANY: "Senco Gold Limited" | QUERIES: ["Senco Gold Limited" official website] | CANDIDATES: [] | SELECTED: "" | CONFIDENCE: FAILED | TIME: 0ms | REASON: Resolved via readymade-fallback
[2026-08-10T13:17:22.336Z] COMPANY: "Senores Pharmaceuticals Limited" | QUERIES: ["Senores Pharmaceuticals Limited" official website] | CANDIDATES: [] | SELECTED: "" | CONFIDENCE: FAILED | TIME: 0ms | REASON: Resolved via readymade-fallback
[2026-08-10T13:17:22.339Z] COMPANY: "SEPC Limited" | QUERIES: ["SEPC Limited" official website] | CANDIDATES: [] | SELECTED: "" | CONFIDENCE: FAILED | TIME: 0ms | REASON: Resolved via readymade-fallback
[2026-08-10T13:17:22.342Z] COMPANY: "Servotech Renewable Power System Limited" | QUERIES: ["Servotech Renewable Power System Limited" official website] | CANDIDATES: [] | SELECTED: "" | CONFIDENCE: FAILED | TIME: 0ms | REASON: Resolved via readymade-fallback
[2026-08-10T13:17:22.345Z] COMPANY: "Seshasayee Paper and Boards Limited" | QUERIES: ["Seshasayee Paper and Boards Limited" official website] | CANDIDATES: [] | SELECTED: "" | CONFIDENCE: FAILED | TIME: 0ms | REASON: Resolved via readymade-fallback
[2026-08-10T13:17:22.348Z] COMPANY: "Setco Automotive Limited" | QUERIES: ["Setco Automotive Limited" official website] | CANDIDATES: [] | SELECTED: "" | CONFIDENCE: FAILED | TIME: 0ms | REASON: Resolved via readymade-fallback
[2026-08-10T13:17:22.350Z] COMPANY: "Standard Engineering Technology Limited" | QUERIES: ["Standard Engineering Technology Limited" official website] | CANDIDATES: [] | SELECTED: "" | CONFIDENCE: FAILED | TIME: 0ms | REASON: Resolved via readymade-fallback
[2026-08-10T13:17:22.351Z] COMPANY: "Setubandhan Infrastructure Limited" | QUERIES: ["Setubandhan Infrastructure Limited" official website] | CANDIDATES: [] | SELECTED: "" | CONFIDENCE: FAILED | TIME: 0ms | REASON: Resolved via readymade-fallback
[2026-08-10T13:17:22.354Z] COMPANY: "Seya Industries Limited" | QUERIES: ["Seya Industries Limited" official website] | CANDIDATES: [] | SELECTED: "" | CONFIDENCE: FAILED | TIME: 0ms | REASON: Resolved via readymade-fallback
[2026-08-10T13:17:22.355Z] COMPANY: "Sheela Foam Limited" | QUERIES: ["Sheela Foam Limited" official website] | CANDIDATES: [] | SELECTED: "" | CONFIDENCE: FAILED | TIME: 0ms | REASON: Resolved via readymade-fallback
[2026-08-10T13:17:22.358Z] COMPANY: "SG Finserve Limited" | QUERIES: ["SG Finserve Limited" official website] | CANDIDATES: [] | SELECTED: "" | CONFIDENCE: FAILED | TIME: 0ms | REASON: Resolved via readymade-fallback
[2026-08-10T13:17:22.359Z] COMPANY: "Synergy Green Industries Limited" | QUERIES: ["Synergy Green Industries Limited" official website] | CANDIDATES: [] | SELECTED: "" | CONFIDENCE: FAILED | TIME: 0ms | REASON: Resolved via readymade-fallback
[2026-08-10T13:17:22.359Z] COMPANY: "STL Global Limited" | QUERIES: ["STL Global Limited" official website] | CANDIDATES: [] | SELECTED: "" | CONFIDENCE: FAILED | TIME: 0ms | REASON: Resolved via readymade-fallback
[2026-08-10T13:17:22.360Z] COMPANY: "SG Mart Limited" | QUERIES: ["SG Mart Limited" official website] | CANDIDATES: [] | SELECTED: "" | CONFIDENCE: FAILED | TIME: 0ms | REASON: Resolved via readymade-fallback
[2026-08-10T13:17:22.362Z] COMPANY: "Shadowfax Technologies Limited" | QUERIES: ["Shadowfax Technologies Limited" official website] | CANDIDATES: [] | SELECTED: "" | CONFIDENCE: FAILED | TIME: 0ms | REASON: Resolved via readymade-fallback
[2026-08-10T13:17:22.363Z] COMPANY: "Shah Metacorp Limited" | QUERIES: ["Shah Metacorp Limited" official website] | CANDIDATES: [] | SELECTED: "" | CONFIDENCE: FAILED | TIME: 0ms | REASON: Resolved via readymade-fallback
[2026-08-10T13:17:22.366Z] COMPANY: "Shah Alloys Limited" | QUERIES: ["Shah Alloys Limited" official website] | CANDIDATES: [] | SELECTED: "" | CONFIDENCE: FAILED | TIME: 0ms | REASON: Resolved via readymade-fallback
[2026-08-10T13:17:22.367Z] COMPANY: "Shaily Engineering Plastics Limited" | QUERIES: ["Shaily Engineering Plastics Limited" official website] | CANDIDATES: [] | SELECTED: "" | CONFIDENCE: FAILED | TIME: 0ms | REASON: Resolved via readymade-fallback
[2026-08-10T13:17:22.370Z] COMPANY: "Shakti Pumps (India) Limited" | QUERIES: ["Shakti Pumps (India) Limited" official website] | CANDIDATES: [] | SELECTED: "" | CONFIDENCE: FAILED | TIME: 0ms | REASON: Resolved via readymade-fallback
[2026-08-10T13:17:22.371Z] COMPANY: "Shalby Limited" | QUERIES: ["Shalby Limited" official website] | CANDIDATES: [] | SELECTED: "" | CONFIDENCE: FAILED | TIME: 0ms | REASON: Resolved via readymade-fallback
[2026-08-10T13:17:22.371Z] COMPANY: "Shalimar Paints Limited" | QUERIES: ["Shalimar Paints Limited" official website] | CANDIDATES: [] | SELECTED: "" | CONFIDENCE: FAILED | TIME: 0ms | REASON: Resolved via readymade-fallback
[2026-08-10T13:17:22.374Z] COMPANY: "Shankara Building Products Limited" | QUERIES: ["Shankara Building Products Limited" official website] | CANDIDATES: [] | SELECTED: "" | CONFIDENCE: FAILED | TIME: 0ms | REASON: Resolved via readymade-fallback
[2026-08-10T13:17:22.375Z] COMPANY: "Shanti Overseas (India) Limited" | QUERIES: ["Shanti Overseas (India) Limited" official website] | CANDIDATES: [] | SELECTED: "" | CONFIDENCE: FAILED | TIME: 0ms | REASON: Resolved via readymade-fallback
[2026-08-10T13:17:22.379Z] COMPANY: "Shanthi Gears Limited" | QUERIES: ["Shanthi Gears Limited" official website] | CANDIDATES: [] | SELECTED: "" | CONFIDENCE: FAILED | TIME: 0ms | REASON: Resolved via readymade-fallback
[2026-08-10T13:17:22.380Z] COMPANY: "Shanti Gold International Limited" | QUERIES: ["Shanti Gold International Limited" official website] | CANDIDATES: [] | SELECTED: "" | CONFIDENCE: FAILED | TIME: 0ms | REASON: Resolved via readymade-fallback
[2026-08-10T13:17:22.382Z] COMPANY: "Sharda Cropchem Limited" | QUERIES: ["Sharda Cropchem Limited" official website] | CANDIDATES: [] | SELECTED: "" | CONFIDENCE: FAILED | TIME: 0ms | REASON: Resolved via readymade-fallback
[2026-08-10T13:17:22.383Z] COMPANY: "Sharda Motor Industries Limited" | QUERIES: ["Sharda Motor Industries Limited" official website] | CANDIDATES: [] | SELECTED: "" | CONFIDENCE: FAILED | TIME: 0ms | REASON: Resolved via readymade-fallback
[2026-08-10T13:17:22.386Z] COMPANY: "Shardul Securities Limited" | QUERIES: ["Shardul Securities Limited" official website] | CANDIDATES: [] | SELECTED: "" | CONFIDENCE: FAILED | TIME: 0ms | REASON: Resolved via readymade-fallback
[2026-08-10T13:17:22.389Z] COMPANY: "Share India Securities Limited" | QUERIES: ["Share India Securities Limited" official website] | CANDIDATES: [] | SELECTED: "" | CONFIDENCE: FAILED | TIME: 0ms | REASON: Resolved via readymade-fallback
[2026-08-10T13:17:22.391Z] COMPANY: "Shri Bajrang Alliance Limited" | QUERIES: ["Shri Bajrang Alliance Limited" official website] | CANDIDATES: [] | SELECTED: "" | CONFIDENCE: FAILED | TIME: 0ms | REASON: Resolved via readymade-fallback
[2026-08-10T13:17:22.392Z] COMPANY: "Shekhawati Industries Limited" | QUERIES: ["Shekhawati Industries Limited" official website] | CANDIDATES: [] | SELECTED: "" | CONFIDENCE: FAILED | TIME: 0ms | REASON: Resolved via readymade-fallback
[2026-08-10T13:17:22.395Z] COMPANY: "Shemaroo Entertainment Limited" | QUERIES: ["Shemaroo Entertainment Limited" official website] | CANDIDATES: [] | SELECTED: "" | CONFIDENCE: FAILED | TIME: 0ms | REASON: Resolved via readymade-fallback
[2026-08-10T13:17:22.396Z] COMPANY: "Shilchar Technologies Limited" | QUERIES: ["Shilchar Technologies Limited" official website] | CANDIDATES: [] | SELECTED: "" | CONFIDENCE: FAILED | TIME: 0ms | REASON: Resolved via readymade-fallback
[2026-08-10T13:17:22.399Z] COMPANY: "Shilpa Medicare Limited" | QUERIES: ["Shilpa Medicare Limited" official website] | CANDIDATES: [] | SELECTED: "" | CONFIDENCE: FAILED | TIME: 0ms | REASON: Resolved via readymade-fallback
[2026-08-10T13:17:22.399Z] COMPANY: "Sharat Industries Limited" | QUERIES: ["Sharat Industries Limited" official website] | CANDIDATES: [] | SELECTED: "" | CONFIDENCE: FAILED | TIME: 0ms | REASON: Resolved via readymade-fallback
[2026-08-10T13:17:22.400Z] COMPANY: "Shivalik Rasayan Limited" | QUERIES: ["Shivalik Rasayan Limited" official website] | CANDIDATES: [] | SELECTED: "" | CONFIDENCE: FAILED | TIME: 0ms | REASON: Resolved via readymade-fallback
[2026-08-10T13:17:22.405Z] COMPANY: "Shivam Autotech Limited" | QUERIES: ["Shivam Autotech Limited" official website] | CANDIDATES: [] | SELECTED: "" | CONFIDENCE: FAILED | TIME: 0ms | REASON: Resolved via readymade-fallback
[2026-08-10T13:17:22.406Z] COMPANY: "Shiva Mills Limited" | QUERIES: ["Shiva Mills Limited" official website] | CANDIDATES: [] | SELECTED: "" | CONFIDENCE: FAILED | TIME: 0ms | REASON: Resolved via readymade-fallback
[2026-08-10T13:17:22.407Z] COMPANY: "Shiva Texyarn Limited" | QUERIES: ["Shiva Texyarn Limited" official website] | CANDIDATES: [] | SELECTED: "" | CONFIDENCE: FAILED | TIME: 0ms | REASON: Resolved via readymade-fallback
[2026-08-10T13:17:22.407Z] COMPANY: "Shiv Aum Steels Limited" | QUERIES: ["Shiv Aum Steels Limited" official website] | CANDIDATES: [] | SELECTED: "" | CONFIDENCE: FAILED | TIME: 0ms | REASON: Resolved via readymade-fallback
[2026-08-10T13:17:22.408Z] COMPANY: "S H Kelkar and Company Limited" | QUERIES: ["S H Kelkar and Company Limited" official website] | CANDIDATES: [] | SELECTED: "" | CONFIDENCE: FAILED | TIME: 0ms | REASON: Resolved via readymade-fallback
[2026-08-10T13:17:22.413Z] COMPANY: "Shoppers Stop Limited" | QUERIES: ["Shoppers Stop Limited" official website] | CANDIDATES: [] | SELECTED: "" | CONFIDENCE: FAILED | TIME: 0ms | REASON: Resolved via readymade-fallback
[2026-08-10T13:17:22.414Z] COMPANY: "Shradha Realty Limited" | QUERIES: ["Shradha Realty Limited" official website] | CANDIDATES: [] | SELECTED: "" | CONFIDENCE: FAILED | TIME: 0ms | REASON: Resolved via readymade-fallback
[2026-08-10T13:17:22.414Z] COMPANY: "Shree Digvijay Cement Co.Ltd" | QUERIES: ["Shree Digvijay Cement Co.Ltd" official website] | CANDIDATES: [] | SELECTED: "" | CONFIDENCE: FAILED | TIME: 0ms | REASON: Resolved via readymade-fallback
[2026-08-10T13:17:22.419Z] COMPANY: "SHREE CEMENT LIMITED" | QUERIES: ["SHREE CEMENT LIMITED" official website] | CANDIDATES: [] | SELECTED: "" | CONFIDENCE: FAILED | TIME: 0ms | REASON: Resolved via readymade-fallback
[2026-08-10T13:17:22.420Z] COMPANY: "Shreeji Shipping Global Limited" | QUERIES: ["Shreeji Shipping Global Limited" official website] | CANDIDATES: [] | SELECTED: "" | CONFIDENCE: FAILED | TIME: 0ms | REASON: Resolved via readymade-fallback
[2026-08-10T13:17:22.421Z] COMPANY: "Shree Pushkar Chemicals & Fertilisers Limited" | QUERIES: ["Shree Pushkar Chemicals & Fertilisers Limited" official website] | CANDIDATES: [] | SELECTED: "" | CONFIDENCE: FAILED | TIME: 0ms | REASON: Resolved via readymade-fallback
[2026-08-10T13:17:22.423Z] COMPANY: "Shree Rama Multi-Tech Limited" | QUERIES: ["Shree Rama Multi-Tech Limited" official website] | CANDIDATES: [] | SELECTED: "" | CONFIDENCE: FAILED | TIME: 0ms | REASON: Resolved via readymade-fallback
[2026-08-10T13:17:22.424Z] COMPANY: "Shrenik Limited" | QUERIES: ["Shrenik Limited" official website] | CANDIDATES: [] | SELECTED: "" | CONFIDENCE: FAILED | TIME: 0ms | REASON: Resolved via readymade-fallback
[2026-08-10T13:17:22.427Z] COMPANY: "Shreyans Industries Limited" | QUERIES: ["Shreyans Industries Limited" official website] | CANDIDATES: [] | SELECTED: "" | CONFIDENCE: FAILED | TIME: 0ms | REASON: Resolved via readymade-fallback
[2026-08-10T13:17:22.429Z] COMPANY: "Shri Krishna Devcon Limited" | QUERIES: ["Shri Krishna Devcon Limited" official website] | CANDIDATES: [] | SELECTED: "" | CONFIDENCE: FAILED | TIME: 0ms | REASON: Resolved via readymade-fallback
[2026-08-10T13:17:22.430Z] COMPANY: "Shringar House of Mangalsutra Limited" | QUERIES: ["Shringar House of Mangalsutra Limited" official website] | CANDIDATES: [] | SELECTED: "" | CONFIDENCE: FAILED | TIME: 0ms | REASON: Resolved via readymade-fallback
[2026-08-10T13:17:22.431Z] COMPANY: "SPR Auto Technologies Limited" | QUERIES: ["SPR Auto Technologies Limited" official website] | CANDIDATES: [] | SELECTED: "" | CONFIDENCE: FAILED | TIME: 0ms | REASON: Resolved via readymade-fallback
[2026-08-10T13:17:22.433Z] COMPANY: "Shriram Finance Limited" | QUERIES: ["Shriram Finance Limited" official website] | CANDIDATES: [] | SELECTED: "" | CONFIDENCE: FAILED | TIME: 0ms | REASON: Resolved via readymade-fallback
[2026-08-10T13:17:22.434Z] COMPANY: "Shriram Properties Limited" | QUERIES: ["Shriram Properties Limited" official website] | CANDIDATES: [] | SELECTED: "" | CONFIDENCE: FAILED | TIME: 0ms | REASON: Resolved via readymade-fallback
[2026-08-10T13:17:22.435Z] COMPANY: "Shyam Century Ferrous Limited" | QUERIES: ["Shyam Century Ferrous Limited" official website] | CANDIDATES: [] | SELECTED: "" | CONFIDENCE: FAILED | TIME: 0ms | REASON: Resolved via readymade-fallback
[2026-08-10T13:17:22.436Z] COMPANY: "Shyam Metalics and Energy Limited" | QUERIES: ["Shyam Metalics and Energy Limited" official website] | CANDIDATES: [] | SELECTED: "" | CONFIDENCE: FAILED | TIME: 0ms | REASON: Resolved via readymade-fallback
[2026-08-10T13:17:22.437Z] COMPANY: "Shyam Telecom Limited" | QUERIES: ["Shyam Telecom Limited" official website] | CANDIDATES: [] | SELECTED: "" | CONFIDENCE: FAILED | TIME: 0ms | REASON: Resolved via readymade-fallback
[2026-08-10T13:17:22.440Z] COMPANY: "Sicagen India Limited" | QUERIES: ["Sicagen India Limited" official website] | CANDIDATES: [] | SELECTED: "" | CONFIDENCE: FAILED | TIME: 0ms | REASON: Resolved via readymade-fallback
[2026-08-10T13:17:22.441Z] COMPANY: "Sical Logistics Limited" | QUERIES: ["Sical Logistics Limited" official website] | CANDIDATES: [] | SELECTED: "" | CONFIDENCE: FAILED | TIME: 0ms | REASON: Resolved via readymade-fallback
[2026-08-10T13:17:22.441Z] COMPANY: "Siemens Limited" | QUERIES: ["Siemens Limited" official website] | CANDIDATES: [] | SELECTED: "" | CONFIDENCE: FAILED | TIME: 0ms | REASON: Resolved via readymade-fallback
[2026-08-10T13:17:22.442Z] COMPANY: "Sigachi Industries Limited" | QUERIES: ["Sigachi Industries Limited" official website] | CANDIDATES: [] | SELECTED: "" | CONFIDENCE: FAILED | TIME: 0ms | REASON: Resolved via readymade-fallback
[2026-08-10T13:17:22.443Z] COMPANY: "Signet Industries Limited" | QUERIES: ["Signet Industries Limited" official website] | CANDIDATES: [] | SELECTED: "" | CONFIDENCE: FAILED | TIME: 0ms | REASON: Resolved via readymade-fallback
[2026-08-10T13:17:22.450Z] COMPANY: "Sigma Solve Limited" | QUERIES: ["Sigma Solve Limited" official website] | CANDIDATES: [] | SELECTED: "" | CONFIDENCE: FAILED | TIME: 0ms | REASON: Resolved via readymade-fallback
[2026-08-10T13:17:22.451Z] COMPANY: "SIGMA ADVANCED SYSTEMS LIMITED" | QUERIES: ["SIGMA ADVANCED SYSTEMS LIMITED" official website] | CANDIDATES: [] | SELECTED: "" | CONFIDENCE: FAILED | TIME: 0ms | REASON: Resolved via readymade-fallback
[2026-08-10T13:17:22.453Z] COMPANY: "Signatureglobal (India) Limited" | QUERIES: ["Signatureglobal (India) Limited" official website] | CANDIDATES: [] | SELECTED: "" | CONFIDENCE: FAILED | TIME: 0ms | REASON: Resolved via readymade-fallback
[2026-08-10T13:17:22.453Z] COMPANY: "Signpost India Limited" | QUERIES: ["Signpost India Limited" official website] | CANDIDATES: [] | SELECTED: "" | CONFIDENCE: FAILED | TIME: 0ms | REASON: Resolved via readymade-fallback
[2026-08-10T13:17:22.454Z] COMPANY: "Sika Interplant Systems Limited" | QUERIES: ["Sika Interplant Systems Limited" official website] | CANDIDATES: [] | SELECTED: "" | CONFIDENCE: FAILED | TIME: 0ms | REASON: Resolved via readymade-fallback
[2026-08-10T13:17:22.457Z] COMPANY: "Sikko Industries Limited" | QUERIES: ["Sikko Industries Limited" official website] | CANDIDATES: [] | SELECTED: "" | CONFIDENCE: FAILED | TIME: 0ms | REASON: Resolved via readymade-fallback
[2026-08-10T13:17:22.462Z] COMPANY: "Standard Industries Limited" | QUERIES: ["Standard Industries Limited" official website] | CANDIDATES: [] | SELECTED: "" | CONFIDENCE: FAILED | TIME: 0ms | REASON: Resolved via readymade-fallback
[2026-08-10T13:17:22.463Z] COMPANY: "Silgo Retail Limited" | QUERIES: ["Silgo Retail Limited" official website] | CANDIDATES: [] | SELECTED: "" | CONFIDENCE: FAILED | TIME: 0ms | REASON: Resolved via readymade-fallback
[2026-08-10T13:17:22.464Z] COMPANY: "SIL Investments Limited" | QUERIES: ["SIL Investments Limited" official website] | CANDIDATES: [] | SELECTED: "" | CONFIDENCE: FAILED | TIME: 0ms | REASON: Resolved via readymade-fallback
[2026-08-10T13:17:22.465Z] COMPANY: "Silly Monks Entertainment Limited" | QUERIES: ["Silly Monks Entertainment Limited" official website] | CANDIDATES: [] | SELECTED: "" | CONFIDENCE: FAILED | TIME: 0ms | REASON: Resolved via readymade-fallback
[2026-08-10T13:17:22.471Z] COMPANY: "Silver Touch Technologies Limited" | QUERIES: ["Silver Touch Technologies Limited" official website] | CANDIDATES: [] | SELECTED: "" | CONFIDENCE: FAILED | TIME: 0ms | REASON: Resolved via readymade-fallback
[2026-08-10T13:17:22.472Z] COMPANY: "Simbhaoli Sugars Limited" | QUERIES: ["Simbhaoli Sugars Limited" official website] | CANDIDATES: [] | SELECTED: "" | CONFIDENCE: FAILED | TIME: 0ms | REASON: Resolved via readymade-fallback
[2026-08-10T13:17:22.476Z] COMPANY: "Simplex Infrastructures Limited" | QUERIES: ["Simplex Infrastructures Limited" official website] | CANDIDATES: [] | SELECTED: "" | CONFIDENCE: FAILED | TIME: 0ms | REASON: Resolved via readymade-fallback
[2026-08-10T13:17:22.479Z] COMPANY: "Sinclairs Hotels Limited" | QUERIES: ["Sinclairs Hotels Limited" official website] | CANDIDATES: [] | SELECTED: "" | CONFIDENCE: FAILED | TIME: 0ms | REASON: Resolved via readymade-fallback
[2026-08-10T13:17:22.480Z] COMPANY: "Sindhu Trade Links Limited" | QUERIES: ["Sindhu Trade Links Limited" official website] | CANDIDATES: [] | SELECTED: "" | CONFIDENCE: FAILED | TIME: 0ms | REASON: Resolved via readymade-fallback
[2026-08-10T13:17:22.482Z] COMPANY: "Singer India Limited" | QUERIES: ["Singer India Limited" official website] | CANDIDATES: [] | SELECTED: "" | CONFIDENCE: FAILED | TIME: 0ms | REASON: Resolved via readymade-fallback
[2026-08-10T13:17:22.485Z] COMPANY: "Sintercom India Limited" | QUERIES: ["Sintercom India Limited" official website] | CANDIDATES: [] | SELECTED: "" | CONFIDENCE: FAILED | TIME: 0ms | REASON: Resolved via readymade-fallback
[2026-08-10T13:17:22.486Z] COMPANY: "Sirca Paints India Limited" | QUERIES: ["Sirca Paints India Limited" official website] | CANDIDATES: [] | SELECTED: "" | CONFIDENCE: FAILED | TIME: 0ms | REASON: Resolved via readymade-fallback
[2026-08-10T13:17:22.490Z] COMPANY: "SIS LIMITED" | QUERIES: ["SIS LIMITED" official website] | CANDIDATES: [] | SELECTED: "" | CONFIDENCE: FAILED | TIME: 0ms | REASON: Resolved via readymade-fallback
[2026-08-10T13:17:22.492Z] COMPANY: "Siti Networks Limited" | QUERIES: ["Siti Networks Limited" official website] | CANDIDATES: [] | SELECTED: "" | CONFIDENCE: FAILED | TIME: 0ms | REASON: Resolved via readymade-fallback
[2026-08-10T13:17:22.496Z] COMPANY: "Siyaram Silk Mills Limited" | QUERIES: ["Siyaram Silk Mills Limited" official website] | CANDIDATES: [] | SELECTED: "" | CONFIDENCE: FAILED | TIME: 0ms | REASON: Resolved via readymade-fallback
[2026-08-10T13:17:22.498Z] COMPANY: "S.J.S. Enterprises Limited" | QUERIES: ["S.J.S. Enterprises Limited" official website] | CANDIDATES: [] | SELECTED: "" | CONFIDENCE: FAILED | TIME: 0ms | REASON: Resolved via readymade-fallback
[2026-08-10T13:17:22.501Z] COMPANY: "SJVN Limited" | QUERIES: ["SJVN Limited" official website] | CANDIDATES: [] | SELECTED: "" | CONFIDENCE: FAILED | TIME: 0ms | REASON: Resolved via readymade-fallback
[2026-08-10T13:17:22.505Z] COMPANY: "SKF India Limited" | QUERIES: ["SKF India Limited" official website] | CANDIDATES: [] | SELECTED: "" | CONFIDENCE: FAILED | TIME: 0ms | REASON: Resolved via readymade-fallback
[2026-08-10T13:17:22.505Z] COMPANY: "SKF India (Industrial) Limited" | QUERIES: ["SKF India (Industrial) Limited" official website] | CANDIDATES: [] | SELECTED: "" | CONFIDENCE: FAILED | TIME: 0ms | REASON: Resolved via readymade-fallback
[2026-08-10T13:17:22.506Z] COMPANY: "Skipper Limited" | QUERIES: ["Skipper Limited" official website] | CANDIDATES: [] | SELECTED: "" | CONFIDENCE: FAILED | TIME: 0ms | REASON: Resolved via readymade-fallback
[2026-08-10T13:17:22.508Z] COMPANY: "SKM Egg Products Export (India) Limited" | QUERIES: ["SKM Egg Products Export (India) Limited" official website] | CANDIDATES: [] | SELECTED: "" | CONFIDENCE: FAILED | TIME: 0ms | REASON: Resolved via readymade-fallback
[2026-08-10T13:17:22.511Z] COMPANY: "SKY GOLD AND DIAMONDS LIMITED" | QUERIES: ["SKY GOLD AND DIAMONDS LIMITED" official website] | CANDIDATES: [] | SELECTED: "" | CONFIDENCE: FAILED | TIME: 0ms | REASON: Resolved via readymade-fallback
[2026-08-10T13:17:22.516Z] COMPANY: "Smartlink Holdings Limited" | QUERIES: ["Smartlink Holdings Limited" official website] | CANDIDATES: [] | SELECTED: "" | CONFIDENCE: FAILED | TIME: 0ms | REASON: Resolved via readymade-fallback
[2026-08-10T13:17:22.519Z] COMPANY: "Smartworks Coworking Spaces Limited" | QUERIES: ["Smartworks Coworking Spaces Limited" official website] | CANDIDATES: [] | SELECTED: "" | CONFIDENCE: FAILED | TIME: 0ms | REASON: Resolved via readymade-fallback
[2026-08-10T13:17:22.520Z] COMPANY: "SMC Global Securities Limited" | QUERIES: ["SMC Global Securities Limited" official website] | CANDIDATES: [] | SELECTED: "" | CONFIDENCE: FAILED | TIME: 0ms | REASON: Resolved via readymade-fallback
[2026-08-10T13:17:22.522Z] COMPANY: "SML Mahindra Limited" | QUERIES: ["SML Mahindra Limited" official website] | CANDIDATES: [] | SELECTED: "" | CONFIDENCE: FAILED | TIME: 0ms | REASON: Resolved via readymade-fallback
[2026-08-10T13:17:22.524Z] COMPANY: "Sarthak Metals Limited" | QUERIES: ["Sarthak Metals Limited" official website] | CANDIDATES: [] | SELECTED: "" | CONFIDENCE: FAILED | TIME: 0ms | REASON: Resolved via readymade-fallback
[2026-08-10T13:17:22.525Z] COMPANY: "SMS Pharmaceuticals Limited" | QUERIES: ["SMS Pharmaceuticals Limited" official website] | CANDIDATES: [] | SELECTED: "" | CONFIDENCE: FAILED | TIME: 0ms | REASON: Resolved via readymade-fallback
[2026-08-10T13:17:22.527Z] COMPANY: "Snowman Logistics Limited" | QUERIES: ["Snowman Logistics Limited" official website] | CANDIDATES: [] | SELECTED: "" | CONFIDENCE: FAILED | TIME: 0ms | REASON: Resolved via readymade-fallback
[2026-08-10T13:17:22.529Z] COMPANY: "Sobha Limited" | QUERIES: ["Sobha Limited" official website] | CANDIDATES: [] | SELECTED: "" | CONFIDENCE: FAILED | TIME: 0ms | REASON: Resolved via readymade-fallback
[2026-08-10T13:17:22.533Z] COMPANY: "Softtech Engineers Limited" | QUERIES: ["Softtech Engineers Limited" official website] | CANDIDATES: [] | SELECTED: "" | CONFIDENCE: FAILED | TIME: 0ms | REASON: Resolved via readymade-fallback
[2026-08-10T13:17:22.534Z] COMPANY: "Solara Active Pharma Sciences Limited" | QUERIES: ["Solara Active Pharma Sciences Limited" official website] | CANDIDATES: [] | SELECTED: "" | CONFIDENCE: FAILED | TIME: 0ms | REASON: Resolved via readymade-fallback
[2026-08-10T13:17:22.536Z] COMPANY: "Solar Industries India Limited" | QUERIES: ["Solar Industries India Limited" official website] | CANDIDATES: [] | SELECTED: "" | CONFIDENCE: FAILED | TIME: 0ms | REASON: Resolved via readymade-fallback
[2026-08-10T13:17:22.536Z] COMPANY: "Solarworld Energy Solutions Limited" | QUERIES: ["Solarworld Energy Solutions Limited" official website] | CANDIDATES: [] | SELECTED: "" | CONFIDENCE: FAILED | TIME: 0ms | REASON: Resolved via readymade-fallback
[2026-08-10T13:17:22.541Z] COMPANY: "Solex Energy Limited" | QUERIES: ["Solex Energy Limited" official website] | CANDIDATES: [] | SELECTED: "" | CONFIDENCE: FAILED | TIME: 0ms | REASON: Resolved via readymade-fallback
[2026-08-10T13:17:22.541Z] COMPANY: "Somany Ceramics Limited" | QUERIES: ["Somany Ceramics Limited" official website] | CANDIDATES: [] | SELECTED: "" | CONFIDENCE: FAILED | TIME: 0ms | REASON: Resolved via readymade-fallback
[2026-08-10T13:17:22.544Z] COMPANY: "Soma Textiles & Industries Limited" | QUERIES: ["Soma Textiles & Industries Limited" official website] | CANDIDATES: [] | SELECTED: "" | CONFIDENCE: FAILED | TIME: 0ms | REASON: Resolved via readymade-fallback
[2026-08-10T13:17:22.545Z] COMPANY: "Somi Conveyor Beltings Limited" | QUERIES: ["Somi Conveyor Beltings Limited" official website] | CANDIDATES: [] | SELECTED: "" | CONFIDENCE: FAILED | TIME: 0ms | REASON: Resolved via readymade-fallback
[2026-08-10T13:17:22.547Z] COMPANY: "Sona BLW Precision Forgings Limited" | QUERIES: ["Sona BLW Precision Forgings Limited" official website] | CANDIDATES: [] | SELECTED: "" | CONFIDENCE: FAILED | TIME: 0ms | REASON: Resolved via readymade-fallback
[2026-08-10T13:17:22.549Z] COMPANY: "Sonal Mercantile Limited" | QUERIES: ["Sonal Mercantile Limited" official website] | CANDIDATES: [] | SELECTED: "" | CONFIDENCE: FAILED | TIME: 0ms | REASON: Resolved via readymade-fallback
[2026-08-10T13:17:22.550Z] COMPANY: "SONAM LIMITED" | QUERIES: ["SONAM LIMITED" official website] | CANDIDATES: [] | SELECTED: "" | CONFIDENCE: FAILED | TIME: 0ms | REASON: Resolved via readymade-fallback
[2026-08-10T13:17:22.552Z] COMPANY: "Sonata Software Limited" | QUERIES: ["Sonata Software Limited" official website] | CANDIDATES: [] | SELECTED: "" | CONFIDENCE: FAILED | TIME: 0ms | REASON: Resolved via readymade-fallback
[2026-08-10T13:17:22.553Z] COMPANY: "Savita Oil Technologies Limited" | QUERIES: ["Savita Oil Technologies Limited" official website] | CANDIDATES: [] | SELECTED: "" | CONFIDENCE: FAILED | TIME: 0ms | REASON: Resolved via readymade-fallback
[2026-08-10T13:17:22.555Z] COMPANY: "The South Indian Bank Limited" | QUERIES: ["The South Indian Bank Limited" official website] | CANDIDATES: [] | SELECTED: "" | CONFIDENCE: FAILED | TIME: 0ms | REASON: Resolved via readymade-fallback
[2026-08-10T13:17:22.556Z] COMPANY: "South West Pinnacle Exploration Limited" | QUERIES: ["South West Pinnacle Exploration Limited" official website] | CANDIDATES: [] | SELECTED: "" | CONFIDENCE: FAILED | TIME: 0ms | REASON: Resolved via readymade-fallback
[2026-08-10T13:17:22.558Z] COMPANY: "S. P. Apparels Limited" | QUERIES: ["S. P. Apparels Limited" official website] | CANDIDATES: [] | SELECTED: "" | CONFIDENCE: FAILED | TIME: 0ms | REASON: Resolved via readymade-fallback
[2026-08-10T13:17:22.560Z] COMPANY: "Spandana Sphoorty Financial Limited" | QUERIES: ["Spandana Sphoorty Financial Limited" official website] | CANDIDATES: [] | SELECTED: "" | CONFIDENCE: FAILED | TIME: 0ms | REASON: Resolved via readymade-fallback
[2026-08-10T13:17:22.566Z] COMPANY: "Sun Pharma Advanced Research Company Limited" | QUERIES: ["Sun Pharma Advanced Research Company Limited" official website] | CANDIDATES: [] | SELECTED: "" | CONFIDENCE: FAILED | TIME: 0ms | REASON: Resolved via readymade-fallback
[2026-08-10T13:17:22.569Z] COMPANY: "Spacenet Enterprises India Limited" | QUERIES: ["Spacenet Enterprises India Limited" official website] | CANDIDATES: [] | SELECTED: "" | CONFIDENCE: FAILED | TIME: 0ms | REASON: Resolved via readymade-fallback
[2026-08-10T13:17:22.573Z] COMPANY: "Speciality Restaurants Limited" | QUERIES: ["Speciality Restaurants Limited" official website] | CANDIDATES: [] | SELECTED: "" | CONFIDENCE: FAILED | TIME: 0ms | REASON: Resolved via readymade-fallback
[2026-08-10T13:17:22.576Z] COMPANY: "Spectrum Electrical Industries Limited" | QUERIES: ["Spectrum Electrical Industries Limited" official website] | CANDIDATES: [] | SELECTED: "" | CONFIDENCE: FAILED | TIME: 0ms | REASON: Resolved via readymade-fallback
[2026-08-10T13:17:22.577Z] COMPANY: "Spencer's Retail Limited" | QUERIES: ["Spencer's Retail Limited" official website] | CANDIDATES: [] | SELECTED: "" | CONFIDENCE: FAILED | TIME: 0ms | REASON: Resolved via readymade-fallback
[2026-08-10T13:17:22.580Z] COMPANY: "Southern Petrochemicals Industries Corporation  Limited" | QUERIES: ["Southern Petrochemicals Industries Corporation  Limited" official website] | CANDIDATES: [] | SELECTED: "" | CONFIDENCE: FAILED | TIME: 0ms | REASON: Resolved via readymade-fallback
[2026-08-10T13:17:22.584Z] COMPANY: "SPL Industries Limited" | QUERIES: ["SPL Industries Limited" official website] | CANDIDATES: [] | SELECTED: "" | CONFIDENCE: FAILED | TIME: 0ms | REASON: Resolved via readymade-fallback
[2026-08-10T13:17:22.587Z] COMPANY: "Supreme Petrochem Limited" | QUERIES: ["Supreme Petrochem Limited" official website] | CANDIDATES: [] | SELECTED: "" | CONFIDENCE: FAILED | TIME: 0ms | REASON: Resolved via readymade-fallback
[2026-08-10T13:17:22.588Z] COMPANY: "SPML Infra Limited" | QUERIES: ["SPML Infra Limited" official website] | CANDIDATES: [] | SELECTED: "" | CONFIDENCE: FAILED | TIME: 0ms | REASON: Resolved via readymade-fallback
[2026-08-10T13:17:22.591Z] COMPANY: "Sportking India Limited" | QUERIES: ["Sportking India Limited" official website] | CANDIDATES: [] | SELECTED: "" | CONFIDENCE: FAILED | TIME: 0ms | REASON: Resolved via readymade-fallback
[2026-08-10T13:17:22.594Z] COMPANY: "Shankar Lal Rampal Dye-Chem Limited" | QUERIES: ["Shankar Lal Rampal Dye-Chem Limited" official website] | CANDIDATES: [] | SELECTED: "" | CONFIDENCE: FAILED | TIME: 0ms | REASON: Resolved via readymade-fallback
[2026-08-10T13:17:22.596Z] COMPANY: "Sreeleathers Limited" | QUERIES: ["Sreeleathers Limited" official website] | CANDIDATES: [] | SELECTED: "" | CONFIDENCE: FAILED | TIME: 0ms | REASON: Resolved via readymade-fallback
[2026-08-10T13:17:22.600Z] COMPANY: "SRF Limited" | QUERIES: ["SRF Limited" official website] | CANDIDATES: [] | SELECTED: "" | CONFIDENCE: FAILED | TIME: 0ms | REASON: Resolved via readymade-fallback
[2026-08-10T13:17:22.604Z] COMPANY: "SRG Housing Finance Limited" | QUERIES: ["SRG Housing Finance Limited" official website] | CANDIDATES: [] | SELECTED: "" | CONFIDENCE: FAILED | TIME: 0ms | REASON: Resolved via readymade-fallback
[2026-08-10T13:17:22.609Z] COMPANY: "Sree Rayalaseema Hi-Strength Hypo Limited" | QUERIES: ["Sree Rayalaseema Hi-Strength Hypo Limited" official website] | CANDIDATES: [] | SELECTED: "" | CONFIDENCE: FAILED | TIME: 0ms | REASON: Resolved via readymade-fallback
[2026-08-10T13:17:22.613Z] COMPANY: "SRM Contractors Limited" | QUERIES: ["SRM Contractors Limited" official website] | CANDIDATES: [] | SELECTED: "" | CONFIDENCE: FAILED | TIME: 0ms | REASON: Resolved via readymade-fallback
[2026-08-10T13:17:22.614Z] COMPANY: "Shree Ram Twistex Limited" | QUERIES: ["Shree Ram Twistex Limited" official website] | CANDIDATES: [] | SELECTED: "" | CONFIDENCE: FAILED | TIME: 0ms | REASON: Resolved via readymade-fallback
[2026-08-10T13:17:22.617Z] COMPANY: "Saraswati Saree Depot Limited" | QUERIES: ["Saraswati Saree Depot Limited" official website] | CANDIDATES: [] | SELECTED: "" | CONFIDENCE: FAILED | TIME: 0ms | REASON: Resolved via readymade-fallback
[2026-08-10T13:17:22.620Z] COMPANY: "Steel Strips Wheels Limited" | QUERIES: ["Steel Strips Wheels Limited" official website] | CANDIDATES: [] | SELECTED: "" | CONFIDENCE: FAILED | TIME: 0ms | REASON: Resolved via readymade-fallback
[2026-08-10T13:17:22.623Z] COMPANY: "Stallion India Fluorochemicals Limited" | QUERIES: ["Stallion India Fluorochemicals Limited" official website] | CANDIDATES: [] | SELECTED: "" | CONFIDENCE: FAILED | TIME: 0ms | REASON: Resolved via readymade-fallback
[2026-08-10T13:17:22.625Z] COMPANY: "Stanley Lifestyles Limited" | QUERIES: ["Stanley Lifestyles Limited" official website] | CANDIDATES: [] | SELECTED: "" | CONFIDENCE: FAILED | TIME: 0ms | REASON: Resolved via readymade-fallback
[2026-08-10T13:17:22.628Z] COMPANY: "Strides Pharma Science Limited" | QUERIES: ["Strides Pharma Science Limited" official website] | CANDIDATES: [] | SELECTED: "" | CONFIDENCE: FAILED | TIME: 0ms | REASON: Resolved via readymade-fallback
[2026-08-10T13:17:22.629Z] COMPANY: "Star Cement Limited" | QUERIES: ["Star Cement Limited" official website] | CANDIDATES: [] | SELECTED: "" | CONFIDENCE: FAILED | TIME: 0ms | REASON: Resolved via readymade-fallback
[2026-08-10T13:17:22.630Z] COMPANY: "Star Health and Allied Insurance Company Limited" | QUERIES: ["Star Health and Allied Insurance Company Limited" official website] | CANDIDATES: [] | SELECTED: "" | CONFIDENCE: FAILED | TIME: 0ms | REASON: Resolved via readymade-fallback
[2026-08-10T13:17:22.633Z] COMPANY: "Star Paper Mills Limited" | QUERIES: ["Star Paper Mills Limited" official website] | CANDIDATES: [] | SELECTED: "" | CONFIDENCE: FAILED | TIME: 0ms | REASON: Resolved via readymade-fallback
[2026-08-10T13:17:22.634Z] COMPANY: "Starteck Finance Limited" | QUERIES: ["Starteck Finance Limited" official website] | CANDIDATES: [] | SELECTED: "" | CONFIDENCE: FAILED | TIME: 0ms | REASON: Resolved via readymade-fallback
[2026-08-10T13:17:22.635Z] COMPANY: "The State Trading Corporation of India Limited" | QUERIES: ["The State Trading Corporation of India Limited" official website] | CANDIDATES: [] | SELECTED: "" | CONFIDENCE: FAILED | TIME: 0ms | REASON: Resolved via readymade-fallback
[2026-08-10T13:17:22.642Z] COMPANY: "Steelcast Limited" | QUERIES: ["Steelcast Limited" official website] | CANDIDATES: [] | SELECTED: "" | CONFIDENCE: FAILED | TIME: 0ms | REASON: Resolved via readymade-fallback
[2026-08-10T13:17:22.648Z] COMPANY: "Steel City Securities Limited" | QUERIES: ["Steel City Securities Limited" official website] | CANDIDATES: [] | SELECTED: "" | CONFIDENCE: FAILED | TIME: 0ms | REASON: Resolved via readymade-fallback
[2026-08-10T13:17:22.650Z] COMPANY: "STEEL EXCHANGE INDIA LIMITED" | QUERIES: ["STEEL EXCHANGE INDIA LIMITED" official website] | CANDIDATES: [] | SELECTED: "" | CONFIDENCE: FAILED | TIME: 0ms | REASON: Resolved via readymade-fallback
[2026-08-10T13:17:22.653Z] COMPANY: "Stel Holdings Limited" | QUERIES: ["Stel Holdings Limited" official website] | CANDIDATES: [] | SELECTED: "" | CONFIDENCE: FAILED | TIME: 0ms | REASON: Resolved via readymade-fallback
[2026-08-10T13:17:22.656Z] COMPANY: "Sterling Tools Limited" | QUERIES: ["Sterling Tools Limited" official website] | CANDIDATES: [] | SELECTED: "" | CONFIDENCE: FAILED | TIME: 0ms | REASON: Resolved via readymade-fallback
[2026-08-10T13:17:22.658Z] COMPANY: "STL Networks Limited" | QUERIES: ["STL Networks Limited" official website] | CANDIDATES: [] | SELECTED: "" | CONFIDENCE: FAILED | TIME: 0ms | REASON: Resolved via readymade-fallback
[2026-08-10T13:17:22.659Z] COMPANY: "Sterlite Technologies Limited" | QUERIES: ["Sterlite Technologies Limited" official website] | CANDIDATES: [] | SELECTED: "" | CONFIDENCE: FAILED | TIME: 0ms | REASON: Resolved via readymade-fallback
[2026-08-10T13:17:22.668Z] COMPANY: "Stove Kraft Limited" | QUERIES: ["Stove Kraft Limited" official website] | CANDIDATES: [] | SELECTED: "" | CONFIDENCE: FAILED | TIME: 0ms | REASON: Resolved via readymade-fallback
[2026-08-10T13:17:22.673Z] COMPANY: "Studds Accessories Limited" | QUERIES: ["Studds Accessories Limited" official website] | CANDIDATES: [] | SELECTED: "" | CONFIDENCE: FAILED | TIME: 0ms | REASON: Resolved via readymade-fallback
[2026-08-10T13:17:22.678Z] COMPANY: "Seshaasai Technologies Limited" | QUERIES: ["Seshaasai Technologies Limited" official website] | CANDIDATES: [] | SELECTED: "" | CONFIDENCE: FAILED | TIME: 0ms | REASON: Resolved via readymade-fallback
[2026-08-10T13:17:22.679Z] COMPANY: "Stylam Industries Limited" | QUERIES: ["Stylam Industries Limited" official website] | CANDIDATES: [] | SELECTED: "" | CONFIDENCE: FAILED | TIME: 0ms | REASON: Resolved via readymade-fallback
[2026-08-10T13:17:22.683Z] COMPANY: "Baazar Style Retail Limited" | QUERIES: ["Baazar Style Retail Limited" official website] | CANDIDATES: [] | SELECTED: "" | CONFIDENCE: FAILED | TIME: 0ms | REASON: Resolved via readymade-fallback
[2026-08-10T13:17:22.690Z] COMPANY: "Styrenix Performance Materials Limited" | QUERIES: ["Styrenix Performance Materials Limited" official website] | CANDIDATES: [] | SELECTED: "" | CONFIDENCE: FAILED | TIME: 0ms | REASON: Resolved via readymade-fallback
[2026-08-10T13:17:22.697Z] COMPANY: "Subex Limited" | QUERIES: ["Subex Limited" official website] | CANDIDATES: [] | SELECTED: "" | CONFIDENCE: FAILED | TIME: 0ms | REASON: Resolved via readymade-fallback
[2026-08-10T13:17:22.698Z] COMPANY: "Subros Limited" | QUERIES: ["Subros Limited" official website] | CANDIDATES: [] | SELECTED: "" | CONFIDENCE: FAILED | TIME: 0ms | REASON: Resolved via readymade-fallback
[2026-08-10T13:17:22.701Z] COMPANY: "Sudarshan Colorants India Limited" | QUERIES: ["Sudarshan Colorants India Limited" official website] | CANDIDATES: [] | SELECTED: "" | CONFIDENCE: FAILED | TIME: 0ms | REASON: Resolved via readymade-fallback
[2026-08-10T13:17:22.708Z] COMPANY: "Sudarshan Chemical Industries Limited" | QUERIES: ["Sudarshan Chemical Industries Limited" official website] | CANDIDATES: [] | SELECTED: "" | CONFIDENCE: FAILED | TIME: 0ms | REASON: Resolved via readymade-fallback
[2026-08-10T13:17:22.713Z] COMPANY: "Sudeep Pharma Limited" | QUERIES: ["Sudeep Pharma Limited" official website] | CANDIDATES: [] | SELECTED: "" | CONFIDENCE: FAILED | TIME: 0ms | REASON: Resolved via readymade-fallback
[2026-08-10T13:17:22.721Z] COMPANY: "Sukhjit Starch & Chemicals Limited" | QUERIES: ["Sukhjit Starch & Chemicals Limited" official website] | CANDIDATES: [] | SELECTED: "" | CONFIDENCE: FAILED | TIME: 0ms | REASON: Resolved via readymade-fallback
[2026-08-10T13:17:22.724Z] COMPANY: "Sula Vineyards Limited" | QUERIES: ["Sula Vineyards Limited" official website] | CANDIDATES: [] | SELECTED: "" | CONFIDENCE: FAILED | TIME: 0ms | REASON: Resolved via readymade-fallback
[2026-08-10T13:17:22.730Z] COMPANY: "Sumeet Industries Limited" | QUERIES: ["Sumeet Industries Limited" official website] | CANDIDATES: [] | SELECTED: "" | CONFIDENCE: FAILED | TIME: 0ms | REASON: Resolved via readymade-fallback
[2026-08-10T13:17:22.738Z] COMPANY: "Sumitomo Chemical India Limited" | QUERIES: ["Sumitomo Chemical India Limited" official website] | CANDIDATES: [] | SELECTED: "" | CONFIDENCE: FAILED | TIME: 1ms | REASON: Resolved via readymade-fallback
[2026-08-10T13:17:22.742Z] COMPANY: "Sumit Woods Limited" | QUERIES: ["Sumit Woods Limited" official website] | CANDIDATES: [] | SELECTED: "" | CONFIDENCE: FAILED | TIME: 0ms | REASON: Resolved via readymade-fallback
[2026-08-10T13:17:22.747Z] COMPANY: "Summit Securities Limited" | QUERIES: ["Summit Securities Limited" official website] | CANDIDATES: [] | SELECTED: "" | CONFIDENCE: FAILED | TIME: 0ms | REASON: Resolved via readymade-fallback
[2026-08-10T13:17:22.748Z] COMPANY: "Sundaram Clayton Limited" | QUERIES: ["Sundaram Clayton Limited" official website] | CANDIDATES: [] | SELECTED: "" | CONFIDENCE: FAILED | TIME: 0ms | REASON: Resolved via readymade-fallback
[2026-08-10T13:17:22.750Z] COMPANY: "Sundaram Multi Pap Limited" | QUERIES: ["Sundaram Multi Pap Limited" official website] | CANDIDATES: [] | SELECTED: "" | CONFIDENCE: FAILED | TIME: 0ms | REASON: Resolved via readymade-fallback
[2026-08-10T13:17:22.751Z] COMPANY: "Sundaram Finance Limited" | QUERIES: ["Sundaram Finance Limited" official website] | CANDIDATES: [] | SELECTED: "" | CONFIDENCE: FAILED | TIME: 0ms | REASON: Resolved via readymade-fallback
[2026-08-10T13:17:22.752Z] COMPANY: "Sundaram Brake Linings Limited" | QUERIES: ["Sundaram Brake Linings Limited" official website] | CANDIDATES: [] | SELECTED: "" | CONFIDENCE: FAILED | TIME: 0ms | REASON: Resolved via readymade-fallback
[2026-08-10T13:17:22.754Z] COMPANY: "Sundram Fasteners Limited" | QUERIES: ["Sundram Fasteners Limited" official website] | CANDIDATES: [] | SELECTED: "" | CONFIDENCE: FAILED | TIME: 0ms | REASON: Resolved via readymade-fallback
[2026-08-10T13:17:22.755Z] COMPANY: "Sundrop Brands Limited" | QUERIES: ["Sundrop Brands Limited" official website] | CANDIDATES: [] | SELECTED: "" | CONFIDENCE: FAILED | TIME: 0ms | REASON: Resolved via readymade-fallback
[2026-08-10T13:17:22.756Z] COMPANY: "Sunflag Iron And Steel Company Limited" | QUERIES: ["Sunflag Iron And Steel Company Limited" official website] | CANDIDATES: [] | SELECTED: "" | CONFIDENCE: FAILED | TIME: 0ms | REASON: Resolved via readymade-fallback
[2026-08-10T13:17:22.758Z] COMPANY: "Sun Pharmaceutical Industries Limited" | QUERIES: ["Sun Pharmaceutical Industries Limited" official website] | CANDIDATES: [] | SELECTED: "" | CONFIDENCE: FAILED | TIME: 0ms | REASON: Resolved via readymade-fallback
[2026-08-10T13:17:22.759Z] COMPANY: "Sunteck Realty Limited" | QUERIES: ["Sunteck Realty Limited" official website] | CANDIDATES: [] | SELECTED: "" | CONFIDENCE: FAILED | TIME: 0ms | REASON: Resolved via readymade-fallback
[2026-08-10T13:17:22.761Z] COMPANY: "Sun TV Network Limited" | QUERIES: ["Sun TV Network Limited" official website] | CANDIDATES: [] | SELECTED: "" | CONFIDENCE: FAILED | TIME: 0ms | REASON: Resolved via readymade-fallback
[2026-08-10T13:17:22.764Z] COMPANY: "Superhouse Limited" | QUERIES: ["Superhouse Limited" official website] | CANDIDATES: [] | SELECTED: "" | CONFIDENCE: FAILED | TIME: 0ms | REASON: Resolved via readymade-fallback
[2026-08-10T13:17:22.767Z] COMPANY: "Super Spinning Mills Limited" | QUERIES: ["Super Spinning Mills Limited" official website] | CANDIDATES: [] | SELECTED: "" | CONFIDENCE: FAILED | TIME: 0ms | REASON: Resolved via readymade-fallback
[2026-08-10T13:17:22.769Z] COMPANY: "Suprajit Engineering Limited" | QUERIES: ["Suprajit Engineering Limited" official website] | CANDIDATES: [] | SELECTED: "" | CONFIDENCE: FAILED | TIME: 0ms | REASON: Resolved via readymade-fallback
[2026-08-10T13:17:22.771Z] COMPANY: "Supreme Holdings & Hospitality (India) Limited" | QUERIES: ["Supreme Holdings & Hospitality (India) Limited" official website] | CANDIDATES: [] | SELECTED: "" | CONFIDENCE: FAILED | TIME: 0ms | REASON: Resolved via readymade-fallback
[2026-08-10T13:17:22.773Z] COMPANY: "Supreme Engineering Limited" | QUERIES: ["Supreme Engineering Limited" official website] | CANDIDATES: [] | SELECTED: "" | CONFIDENCE: FAILED | TIME: 0ms | REASON: Resolved via readymade-fallback
[2026-08-10T13:17:22.774Z] COMPANY: "Supreme Industries Limited" | QUERIES: ["Supreme Industries Limited" official website] | CANDIDATES: [] | SELECTED: "" | CONFIDENCE: FAILED | TIME: 0ms | REASON: Resolved via readymade-fallback
[2026-08-10T13:17:22.775Z] COMPANY: "Supreme Infrastructure India Limited" | QUERIES: ["Supreme Infrastructure India Limited" official website] | CANDIDATES: [] | SELECTED: "" | CONFIDENCE: FAILED | TIME: 0ms | REASON: Resolved via readymade-fallback
[2026-08-10T13:17:22.777Z] COMPANY: "Supriya Lifescience Limited" | QUERIES: ["Supriya Lifescience Limited" official website] | CANDIDATES: [] | SELECTED: "" | CONFIDENCE: FAILED | TIME: 0ms | REASON: Resolved via readymade-fallback
[2026-08-10T13:17:22.779Z] COMPANY: "Suraj Estate Developers Limited" | QUERIES: ["Suraj Estate Developers Limited" official website] | CANDIDATES: [] | SELECTED: "" | CONFIDENCE: FAILED | TIME: 0ms | REASON: Resolved via readymade-fallback
[2026-08-10T13:17:22.780Z] COMPANY: "Suraj Limited" | QUERIES: ["Suraj Limited" official website] | CANDIDATES: [] | SELECTED: "" | CONFIDENCE: FAILED | TIME: 0ms | REASON: Resolved via readymade-fallback
[2026-08-10T13:17:22.783Z] COMPANY: "Suraksha Diagnostic Limited" | QUERIES: ["Suraksha Diagnostic Limited" official website] | CANDIDATES: [] | SELECTED: "" | CONFIDENCE: FAILED | TIME: 0ms | REASON: Resolved via readymade-fallback
[2026-08-10T13:17:22.786Z] COMPANY: "Surana Solar Limited" | QUERIES: ["Surana Solar Limited" official website] | CANDIDATES: [] | SELECTED: "" | CONFIDENCE: FAILED | TIME: 0ms | REASON: Resolved via readymade-fallback
[2026-08-10T13:17:22.788Z] COMPANY: "Surana Telecom and Power Limited" | QUERIES: ["Surana Telecom and Power Limited" official website] | CANDIDATES: [] | SELECTED: "" | CONFIDENCE: FAILED | TIME: 0ms | REASON: Resolved via readymade-fallback
[2026-08-10T13:17:22.792Z] COMPANY: "Suryalata Spinning Mills Limited" | QUERIES: ["Suryalata Spinning Mills Limited" official website] | CANDIDATES: [] | SELECTED: "" | CONFIDENCE: FAILED | TIME: 0ms | REASON: Resolved via readymade-fallback
[2026-08-10T13:17:22.794Z] COMPANY: "Suryalakshmi Cotton Mills Limited" | QUERIES: ["Suryalakshmi Cotton Mills Limited" official website] | CANDIDATES: [] | SELECTED: "" | CONFIDENCE: FAILED | TIME: 1ms | REASON: Resolved via readymade-fallback
[2026-08-10T13:17:22.796Z] COMPANY: "Surya Roshni Limited" | QUERIES: ["Surya Roshni Limited" official website] | CANDIDATES: [] | SELECTED: "" | CONFIDENCE: FAILED | TIME: 0ms | REASON: Resolved via readymade-fallback
[2026-08-10T13:17:22.798Z] COMPANY: "Suryoday Small Finance Bank Limited" | QUERIES: ["Suryoday Small Finance Bank Limited" official website] | CANDIDATES: [] | SELECTED: "" | CONFIDENCE: FAILED | TIME: 0ms | REASON: Resolved via readymade-fallback
[2026-08-10T13:17:22.799Z] COMPANY: "Sutlej Textiles and Industries Limited" | QUERIES: ["Sutlej Textiles and Industries Limited" official website] | CANDIDATES: [] | SELECTED: "" | CONFIDENCE: FAILED | TIME: 0ms | REASON: Resolved via readymade-fallback
[2026-08-10T13:17:22.801Z] COMPANY: "Suven Life Sciences Limited" | QUERIES: ["Suven Life Sciences Limited" official website] | CANDIDATES: [] | SELECTED: "" | CONFIDENCE: FAILED | TIME: 0ms | REASON: Resolved via readymade-fallback
[2026-08-10T13:17:22.802Z] COMPANY: "Suvidhaa Infoserve Limited" | QUERIES: ["Suvidhaa Infoserve Limited" official website] | CANDIDATES: [] | SELECTED: "" | CONFIDENCE: FAILED | TIME: 0ms | REASON: Resolved via readymade-fallback
[2026-08-10T13:17:22.804Z] COMPANY: "Suyog Telematics Limited" | QUERIES: ["Suyog Telematics Limited" official website] | CANDIDATES: [] | SELECTED: "" | CONFIDENCE: FAILED | TIME: 0ms | REASON: Resolved via readymade-fallback
[2026-08-10T13:17:22.804Z] COMPANY: "Suzlon Energy Limited" | QUERIES: ["Suzlon Energy Limited" official website] | CANDIDATES: [] | SELECTED: "" | CONFIDENCE: FAILED | TIME: 0ms | REASON: Resolved via readymade-fallback
[2026-08-10T13:17:22.807Z] COMPANY: "Shree Vasu Logistics Limited" | QUERIES: ["Shree Vasu Logistics Limited" official website] | CANDIDATES: [] | SELECTED: "" | CONFIDENCE: FAILED | TIME: 0ms | REASON: Resolved via readymade-fallback
[2026-08-10T13:17:22.808Z] COMPANY: "SVP GLOBAL TEXTILES LIMITED" | QUERIES: ["SVP GLOBAL TEXTILES LIMITED" official website] | CANDIDATES: [] | SELECTED: "" | CONFIDENCE: FAILED | TIME: 0ms | REASON: Resolved via readymade-fallback
[2026-08-10T13:17:22.809Z] COMPANY: "SWAN CORP LIMITED" | QUERIES: ["SWAN CORP LIMITED" official website] | CANDIDATES: [] | SELECTED: "" | CONFIDENCE: FAILED | TIME: 0ms | REASON: Resolved via readymade-fallback
[2026-08-10T13:17:22.810Z] COMPANY: "Swan Defence and Heavy Industries Limited" | QUERIES: ["Swan Defence and Heavy Industries Limited" official website] | CANDIDATES: [] | SELECTED: "" | CONFIDENCE: FAILED | TIME: 0ms | REASON: Resolved via readymade-fallback
[2026-08-10T13:17:22.811Z] COMPANY: "Swaraj Engines Limited" | QUERIES: ["Swaraj Engines Limited" official website] | CANDIDATES: [] | SELECTED: "" | CONFIDENCE: FAILED | TIME: 0ms | REASON: Resolved via readymade-fallback
[2026-08-10T13:17:22.813Z] COMPANY: "Swelect Energy Systems Limited" | QUERIES: ["Swelect Energy Systems Limited" official website] | CANDIDATES: [] | SELECTED: "" | CONFIDENCE: FAILED | TIME: 0ms | REASON: Resolved via readymade-fallback
[2026-08-10T13:17:22.814Z] COMPANY: "Swiggy Limited" | QUERIES: ["Swiggy Limited" official website] | CANDIDATES: [] | SELECTED: "" | CONFIDENCE: FAILED | TIME: 0ms | REASON: Resolved via readymade-fallback
[2026-08-10T13:17:22.816Z] COMPANY: "Sterling and Wilson Renewable Energy Limited" | QUERIES: ["Sterling and Wilson Renewable Energy Limited" official website] | CANDIDATES: [] | SELECTED: "" | CONFIDENCE: FAILED | TIME: 0ms | REASON: Resolved via readymade-fallback
[2026-08-10T13:17:22.817Z] COMPANY: "Symphony Limited" | QUERIES: ["Symphony Limited" official website] | CANDIDATES: [] | SELECTED: "" | CONFIDENCE: FAILED | TIME: 0ms | REASON: Resolved via readymade-fallback
[2026-08-10T13:17:22.818Z] COMPANY: "Syncom Formulations (India) Limited" | QUERIES: ["Syncom Formulations (India) Limited" official website] | CANDIDATES: [] | SELECTED: "" | CONFIDENCE: FAILED | TIME: 0ms | REASON: Resolved via readymade-fallback
[2026-08-10T13:17:22.819Z] COMPANY: "Syngene International Limited" | QUERIES: ["Syngene International Limited" official website] | CANDIDATES: [] | SELECTED: "" | CONFIDENCE: FAILED | TIME: 0ms | REASON: Resolved via readymade-fallback
[2026-08-10T13:17:22.820Z] COMPANY: "Syrma SGS Technology Limited" | QUERIES: ["Syrma SGS Technology Limited" official website] | CANDIDATES: [] | SELECTED: "" | CONFIDENCE: FAILED | TIME: 0ms | REASON: Resolved via readymade-fallback
[2026-08-10T13:17:22.823Z] COMPANY: "Systematix Corporate Services Limited" | QUERIES: ["Systematix Corporate Services Limited" official website] | CANDIDATES: [] | SELECTED: "" | CONFIDENCE: FAILED | TIME: 0ms | REASON: Resolved via readymade-fallback
[2026-08-10T13:17:22.824Z] COMPANY: "Taal Tech Limited" | QUERIES: ["Taal Tech Limited" official website] | CANDIDATES: [] | SELECTED: "" | CONFIDENCE: FAILED | TIME: 0ms | REASON: Resolved via readymade-fallback
[2026-08-10T13:17:22.827Z] COMPANY: "Tainwala Chemical and Plastic (I) Limited" | QUERIES: ["Tainwala Chemical and Plastic (I) Limited" official website] | CANDIDATES: [] | SELECTED: "" | CONFIDENCE: FAILED | TIME: 0ms | REASON: Resolved via readymade-fallback
[2026-08-10T13:17:22.828Z] COMPANY: "Taj GVK Hotels & Resorts Limited" | QUERIES: ["Taj GVK Hotels & Resorts Limited" official website] | CANDIDATES: [] | SELECTED: "" | CONFIDENCE: FAILED | TIME: 0ms | REASON: Resolved via readymade-fallback
[2026-08-10T13:17:22.831Z] COMPANY: "Take Solutions Limited" | QUERIES: ["Take Solutions Limited" official website] | CANDIDATES: [] | SELECTED: "" | CONFIDENCE: FAILED | TIME: 0ms | REASON: Resolved via readymade-fallback
[2026-08-10T13:17:22.832Z] COMPANY: "Talbros Automotive Components Limited" | QUERIES: ["Talbros Automotive Components Limited" official website] | CANDIDATES: [] | SELECTED: "" | CONFIDENCE: FAILED | TIME: 0ms | REASON: Resolved via readymade-fallback
[2026-08-10T13:17:22.833Z] COMPANY: "Tamboli Industries Limited" | QUERIES: ["Tamboli Industries Limited" official website] | CANDIDATES: [] | SELECTED: "" | CONFIDENCE: FAILED | TIME: 0ms | REASON: Resolved via readymade-fallback
[2026-08-10T13:17:22.834Z] COMPANY: "Tanla Platforms Limited" | QUERIES: ["Tanla Platforms Limited" official website] | CANDIDATES: [] | SELECTED: "" | CONFIDENCE: FAILED | TIME: 0ms | REASON: Resolved via readymade-fallback
[2026-08-10T13:17:22.836Z] COMPANY: "Tara Chand InfraLogistic Solutions Limited" | QUERIES: ["Tara Chand InfraLogistic Solutions Limited" official website] | CANDIDATES: [] | SELECTED: "" | CONFIDENCE: FAILED | TIME: 0ms | REASON: Resolved via readymade-fallback
[2026-08-10T13:17:22.837Z] COMPANY: "Tarapur Transformers Limited" | QUERIES: ["Tarapur Transformers Limited" official website] | CANDIDATES: [] | SELECTED: "" | CONFIDENCE: FAILED | TIME: 0ms | REASON: Resolved via readymade-fallback
[2026-08-10T13:17:22.838Z] COMPANY: "TARC Limited" | QUERIES: ["TARC Limited" official website] | CANDIDATES: [] | SELECTED: "" | CONFIDENCE: FAILED | TIME: 0ms | REASON: Resolved via readymade-fallback
[2026-08-10T13:17:22.840Z] COMPANY: "Transformers And Rectifiers (India) Limited" | QUERIES: ["Transformers And Rectifiers (India) Limited" official website] | CANDIDATES: [] | SELECTED: "" | CONFIDENCE: FAILED | TIME: 0ms | REASON: Resolved via readymade-fallback
[2026-08-10T13:17:22.841Z] COMPANY: "Tarmat Limited" | QUERIES: ["Tarmat Limited" official website] | CANDIDATES: [] | SELECTED: "" | CONFIDENCE: FAILED | TIME: 0ms | REASON: Resolved via readymade-fallback
[2026-08-10T13:17:22.843Z] COMPANY: "Tarsons Products Limited" | QUERIES: ["Tarsons Products Limited" official website] | CANDIDATES: [] | SELECTED: "" | CONFIDENCE: FAILED | TIME: 0ms | REASON: Resolved via readymade-fallback
[2026-08-10T13:17:22.844Z] COMPANY: "Tasty Bite Eatables Limited" | QUERIES: ["Tasty Bite Eatables Limited" official website] | CANDIDATES: [] | SELECTED: "" | CONFIDENCE: FAILED | TIME: 0ms | REASON: Resolved via readymade-fallback
[2026-08-10T13:17:22.845Z] COMPANY: "Tata Capital Limited" | QUERIES: ["Tata Capital Limited" official website] | CANDIDATES: [] | SELECTED: "" | CONFIDENCE: FAILED | TIME: 0ms | REASON: Resolved via readymade-fallback
[2026-08-10T13:17:22.847Z] COMPANY: "Tata Chemicals Limited" | QUERIES: ["Tata Chemicals Limited" official website] | CANDIDATES: [] | SELECTED: "" | CONFIDENCE: FAILED | TIME: 0ms | REASON: Resolved via readymade-fallback
[2026-08-10T13:17:22.848Z] COMPANY: "Tata Communications Limited" | QUERIES: ["Tata Communications Limited" official website] | CANDIDATES: [] | SELECTED: "" | CONFIDENCE: FAILED | TIME: 0ms | REASON: Resolved via readymade-fallback
[2026-08-10T13:17:22.849Z] COMPANY: "TATA CONSUMER PRODUCTS LIMITED" | QUERIES: ["TATA CONSUMER PRODUCTS LIMITED" official website] | CANDIDATES: [] | SELECTED: "" | CONFIDENCE: FAILED | TIME: 0ms | REASON: Resolved via readymade-fallback
[2026-08-10T13:17:22.851Z] COMPANY: "Tata Elxsi Limited" | QUERIES: ["Tata Elxsi Limited" official website] | CANDIDATES: [] | SELECTED: "" | CONFIDENCE: FAILED | TIME: 0ms | REASON: Resolved via readymade-fallback
[2026-08-10T13:17:22.853Z] COMPANY: "Tata Investment Corporation Limited" | QUERIES: ["Tata Investment Corporation Limited" official website] | CANDIDATES: [] | SELECTED: "" | CONFIDENCE: FAILED | TIME: 0ms | REASON: Resolved via readymade-fallback
[2026-08-10T13:17:22.854Z] COMPANY: "Tata Power Company Limited" | QUERIES: ["Tata Power Company Limited" official website] | CANDIDATES: [] | SELECTED: "" | CONFIDENCE: FAILED | TIME: 0ms | REASON: Resolved via readymade-fallback
[2026-08-10T13:17:22.855Z] COMPANY: "Tata Steel Limited" | QUERIES: ["Tata Steel Limited" official website] | CANDIDATES: [] | SELECTED: "" | CONFIDENCE: FAILED | TIME: 0ms | REASON: Resolved via readymade-fallback
[2026-08-10T13:17:22.857Z] COMPANY: "Tata Technologies Limited" | QUERIES: ["Tata Technologies Limited" official website] | CANDIDATES: [] | SELECTED: "" | CONFIDENCE: FAILED | TIME: 0ms | REASON: Resolved via readymade-fallback
[2026-08-10T13:17:22.858Z] COMPANY: "Tatva Chintan Pharma Chem Limited" | QUERIES: ["Tatva Chintan Pharma Chem Limited" official website] | CANDIDATES: [] | SELECTED: "" | CONFIDENCE: FAILED | TIME: 0ms | REASON: Resolved via readymade-fallback
[2026-08-10T13:17:22.859Z] COMPANY: "TBO Tek Limited" | QUERIES: ["TBO Tek Limited" official website] | CANDIDATES: [] | SELECTED: "" | CONFIDENCE: FAILED | TIME: 0ms | REASON: Resolved via readymade-fallback
[2026-08-10T13:17:22.860Z] COMPANY: "Tribhovandas Bhimji Zaveri Limited" | QUERIES: ["Tribhovandas Bhimji Zaveri Limited" official website] | CANDIDATES: [] | SELECTED: "" | CONFIDENCE: FAILED | TIME: 0ms | REASON: Resolved via readymade-fallback
[2026-08-10T13:17:22.861Z] COMPANY: "TCC Concept Limited" | QUERIES: ["TCC Concept Limited" official website] | CANDIDATES: [] | SELECTED: "" | CONFIDENCE: FAILED | TIME: 0ms | REASON: Resolved via readymade-fallback
[2026-08-10T13:17:22.862Z] COMPANY: "Transport Corporation of India Limited" | QUERIES: ["Transport Corporation of India Limited" official website] | CANDIDATES: [] | SELECTED: "" | CONFIDENCE: FAILED | TIME: 0ms | REASON: Resolved via readymade-fallback
[2026-08-10T13:17:22.863Z] COMPANY: "TCI Express Limited" | QUERIES: ["TCI Express Limited" official website] | CANDIDATES: [] | SELECTED: "" | CONFIDENCE: FAILED | TIME: 0ms | REASON: Resolved via readymade-fallback
[2026-08-10T13:17:22.865Z] COMPANY: "TCI Finance Limited" | QUERIES: ["TCI Finance Limited" official website] | CANDIDATES: [] | SELECTED: "" | CONFIDENCE: FAILED | TIME: 0ms | REASON: Resolved via readymade-fallback
[2026-08-10T13:17:22.866Z] COMPANY: "TCPL Packaging Limited" | QUERIES: ["TCPL Packaging Limited" official website] | CANDIDATES: [] | SELECTED: "" | CONFIDENCE: FAILED | TIME: 0ms | REASON: Resolved via readymade-fallback
[2026-08-10T13:17:22.867Z] COMPANY: "Tata Consultancy Services Limited" | QUERIES: ["Tata Consultancy Services Limited" official website] | CANDIDATES: [] | SELECTED: "" | CONFIDENCE: FAILED | TIME: 0ms | REASON: Resolved via readymade-fallback
[2026-08-10T13:17:22.868Z] COMPANY: "TD Power Systems Limited" | QUERIES: ["TD Power Systems Limited" official website] | CANDIDATES: [] | SELECTED: "" | CONFIDENCE: FAILED | TIME: 0ms | REASON: Resolved via readymade-fallback
[2026-08-10T13:17:22.869Z] COMPANY: "Team India Guaranty Limited" | QUERIES: ["Team India Guaranty Limited" official website] | CANDIDATES: [] | SELECTED: "" | CONFIDENCE: FAILED | TIME: 0ms | REASON: Resolved via readymade-fallback
[2026-08-10T13:17:22.870Z] COMPANY: "Teamlease Services Limited" | QUERIES: ["Teamlease Services Limited" official website] | CANDIDATES: [] | SELECTED: "" | CONFIDENCE: FAILED | TIME: 0ms | REASON: Resolved via readymade-fallback
[2026-08-10T13:17:22.872Z] COMPANY: "Tech Mahindra Limited" | QUERIES: ["Tech Mahindra Limited" official website] | CANDIDATES: [] | SELECTED: "" | CONFIDENCE: FAILED | TIME: 0ms | REASON: Resolved via readymade-fallback
[2026-08-10T13:17:22.873Z] COMPANY: "Techno Electric & Engineering Company Limited" | QUERIES: ["Techno Electric & Engineering Company Limited" official website] | CANDIDATES: [] | SELECTED: "" | CONFIDENCE: FAILED | TIME: 0ms | REASON: Resolved via readymade-fallback
[2026-08-10T13:17:22.874Z] COMPANY: "TechNVision Ventures Limited" | QUERIES: ["TechNVision Ventures Limited" official website] | CANDIDATES: [] | SELECTED: "" | CONFIDENCE: FAILED | TIME: 0ms | REASON: Resolved via readymade-fallback
[2026-08-10T13:17:22.877Z] COMPANY: "TECIL Chemicals and Hydro Power Limited" | QUERIES: ["TECIL Chemicals and Hydro Power Limited" official website] | CANDIDATES: [] | SELECTED: "" | CONFIDENCE: FAILED | TIME: 0ms | REASON: Resolved via readymade-fallback
[2026-08-10T13:17:22.879Z] COMPANY: "Tega Industries Limited" | QUERIES: ["Tega Industries Limited" official website] | CANDIDATES: [] | SELECTED: "" | CONFIDENCE: FAILED | TIME: 0ms | REASON: Resolved via readymade-fallback
[2026-08-10T13:17:22.880Z] COMPANY: "Tejas Networks Limited" | QUERIES: ["Tejas Networks Limited" official website] | CANDIDATES: [] | SELECTED: "" | CONFIDENCE: FAILED | TIME: 0ms | REASON: Resolved via readymade-fallback
[2026-08-10T13:17:22.884Z] COMPANY: "Tembo Global Industries Limited" | QUERIES: ["Tembo Global Industries Limited" official website] | CANDIDATES: [] | SELECTED: "" | CONFIDENCE: FAILED | TIME: 0ms | REASON: Resolved via readymade-fallback
[2026-08-10T13:17:22.885Z] COMPANY: "Tenneco Clean Air India Limited" | QUERIES: ["Tenneco Clean Air India Limited" official website] | CANDIDATES: [] | SELECTED: "" | CONFIDENCE: FAILED | TIME: 0ms | REASON: Resolved via readymade-fallback
[2026-08-10T13:17:22.888Z] COMPANY: "Tera Software Limited" | QUERIES: ["Tera Software Limited" official website] | CANDIDATES: [] | SELECTED: "" | CONFIDENCE: FAILED | TIME: 0ms | REASON: Resolved via readymade-fallback
[2026-08-10T13:17:22.889Z] COMPANY: "Texmaco Infrastructure & Holdings Limited" | QUERIES: ["Texmaco Infrastructure & Holdings Limited" official website] | CANDIDATES: [] | SELECTED: "" | CONFIDENCE: FAILED | TIME: 0ms | REASON: Resolved via readymade-fallback
[2026-08-10T13:17:22.891Z] COMPANY: "Texmo Pipes and Products Limited" | QUERIES: ["Texmo Pipes and Products Limited" official website] | CANDIDATES: [] | SELECTED: "" | CONFIDENCE: FAILED | TIME: 0ms | REASON: Resolved via readymade-fallback
[2026-08-10T13:17:22.892Z] COMPANY: "Texmaco Rail & Engineering Limited" | QUERIES: ["Texmaco Rail & Engineering Limited" official website] | CANDIDATES: [] | SELECTED: "" | CONFIDENCE: FAILED | TIME: 0ms | REASON: Resolved via readymade-fallback
[2026-08-10T13:17:22.895Z] COMPANY: "Tourism Finance Corporation of India Limited" | QUERIES: ["Tourism Finance Corporation of India Limited" official website] | CANDIDATES: [] | SELECTED: "" | CONFIDENCE: FAILED | TIME: 0ms | REASON: Resolved via readymade-fallback
[2026-08-10T13:17:22.898Z] COMPANY: "Transwarranty Finance Limited" | QUERIES: ["Transwarranty Finance Limited" official website] | CANDIDATES: [] | SELECTED: "" | CONFIDENCE: FAILED | TIME: 0ms | REASON: Resolved via readymade-fallback
[2026-08-10T13:17:22.901Z] COMPANY: "TGB Banquets And Hotels Limited" | QUERIES: ["TGB Banquets And Hotels Limited" official website] | CANDIDATES: [] | SELECTED: "" | CONFIDENCE: FAILED | TIME: 0ms | REASON: Resolved via readymade-fallback
[2026-08-10T13:17:22.902Z] COMPANY: "Thacker & Company Limited" | QUERIES: ["Thacker & Company Limited" official website] | CANDIDATES: [] | SELECTED: "" | CONFIDENCE: FAILED | TIME: 0ms | REASON: Resolved via readymade-fallback
[2026-08-10T13:17:22.906Z] COMPANY: "Thakkers Developers Limited" | QUERIES: ["Thakkers Developers Limited" official website] | CANDIDATES: [] | SELECTED: "" | CONFIDENCE: FAILED | TIME: 0ms | REASON: Resolved via readymade-fallback
[2026-08-10T13:17:22.907Z] COMPANY: "Thangamayil Jewellery Limited" | QUERIES: ["Thangamayil Jewellery Limited" official website] | CANDIDATES: [] | SELECTED: "" | CONFIDENCE: FAILED | TIME: 0ms | REASON: Resolved via readymade-fallback
[2026-08-10T13:17:22.911Z] COMPANY: "The Investment Trust Of India Limited" | QUERIES: ["The Investment Trust Of India Limited" official website] | CANDIDATES: [] | SELECTED: "" | CONFIDENCE: FAILED | TIME: 0ms | REASON: Resolved via readymade-fallback
[2026-08-10T13:17:22.912Z] COMPANY: "Thejo Engineering Limited" | QUERIES: ["Thejo Engineering Limited" official website] | CANDIDATES: [] | SELECTED: "" | CONFIDENCE: FAILED | TIME: 0ms | REASON: Resolved via readymade-fallback
[2026-08-10T13:17:22.915Z] COMPANY: "Leela Palaces Hotels & Resorts Limited" | QUERIES: ["Leela Palaces Hotels & Resorts Limited" official website] | CANDIDATES: [] | SELECTED: "" | CONFIDENCE: FAILED | TIME: 0ms | REASON: Resolved via readymade-fallback
[2026-08-10T13:17:22.916Z] COMPANY: "Themis Medicare Limited" | QUERIES: ["Themis Medicare Limited" official website] | CANDIDATES: [] | SELECTED: "" | CONFIDENCE: FAILED | TIME: 0ms | REASON: Resolved via readymade-fallback
[2026-08-10T13:17:22.919Z] COMPANY: "Thermax Limited" | QUERIES: ["Thermax Limited" official website] | CANDIDATES: [] | SELECTED: "" | CONFIDENCE: FAILED | TIME: 0ms | REASON: Resolved via readymade-fallback
[2026-08-10T13:17:22.920Z] COMPANY: "Thomas Cook  (India)  Limited" | QUERIES: ["Thomas Cook  (India)  Limited" official website] | CANDIDATES: [] | SELECTED: "" | CONFIDENCE: FAILED | TIME: 0ms | REASON: Resolved via readymade-fallback
[2026-08-10T13:17:22.925Z] COMPANY: "Thomas Scott (India) Limited" | QUERIES: ["Thomas Scott (India) Limited" official website] | CANDIDATES: [] | SELECTED: "" | CONFIDENCE: FAILED | TIME: 0ms | REASON: Resolved via readymade-fallback
[2026-08-10T13:17:22.926Z] COMPANY: "Thyrocare Technologies Limited" | QUERIES: ["Thyrocare Technologies Limited" official website] | CANDIDATES: [] | SELECTED: "" | CONFIDENCE: FAILED | TIME: 0ms | REASON: Resolved via readymade-fallback
[2026-08-10T13:17:22.928Z] COMPANY: "Tilaknagar Industries Limited" | QUERIES: ["Tilaknagar Industries Limited" official website] | CANDIDATES: [] | SELECTED: "" | CONFIDENCE: FAILED | TIME: 0ms | REASON: Resolved via readymade-fallback
[2026-08-10T13:17:22.930Z] COMPANY: "Twamev Construction and Infrastructure Limited" | QUERIES: ["Twamev Construction and Infrastructure Limited" official website] | CANDIDATES: [] | SELECTED: "" | CONFIDENCE: FAILED | TIME: 0ms | REASON: Resolved via readymade-fallback
[2026-08-10T13:17:22.932Z] COMPANY: "Tiger Logistics (India) Limited" | QUERIES: ["Tiger Logistics (India) Limited" official website] | CANDIDATES: [] | SELECTED: "" | CONFIDENCE: FAILED | TIME: 0ms | REASON: Resolved via readymade-fallback
[2026-08-10T13:17:22.934Z] COMPANY: "Technocraft Industries (India) Limited" | QUERIES: ["Technocraft Industries (India) Limited" official website] | CANDIDATES: [] | SELECTED: "" | CONFIDENCE: FAILED | TIME: 0ms | REASON: Resolved via readymade-fallback
[2026-08-10T13:17:22.937Z] COMPANY: "Tube Investments of India Limited" | QUERIES: ["Tube Investments of India Limited" official website] | CANDIDATES: [] | SELECTED: "" | CONFIDENCE: FAILED | TIME: 0ms | REASON: Resolved via readymade-fallback
[2026-08-10T13:17:22.938Z] COMPANY: "Tijaria Polypipes Limited" | QUERIES: ["Tijaria Polypipes Limited" official website] | CANDIDATES: [] | SELECTED: "" | CONFIDENCE: FAILED | TIME: 0ms | REASON: Resolved via readymade-fallback
[2026-08-10T13:17:22.942Z] COMPANY: "TIL Limited" | QUERIES: ["TIL Limited" official website] | CANDIDATES: [] | SELECTED: "" | CONFIDENCE: FAILED | TIME: 0ms | REASON: Resolved via readymade-fallback
[2026-08-10T13:17:22.943Z] COMPANY: "Time Technoplast Limited" | QUERIES: ["Time Technoplast Limited" official website] | CANDIDATES: [] | SELECTED: "" | CONFIDENCE: FAILED | TIME: 0ms | REASON: Resolved via readymade-fallback
[2026-08-10T13:17:22.946Z] COMPANY: "Timex Group India Limited" | QUERIES: ["Timex Group India Limited" official website] | CANDIDATES: [] | SELECTED: "" | CONFIDENCE: FAILED | TIME: 0ms | REASON: Resolved via readymade-fallback
[2026-08-10T13:17:22.947Z] COMPANY: "Timken India Limited" | QUERIES: ["Timken India Limited" official website] | CANDIDATES: [] | SELECTED: "" | CONFIDENCE: FAILED | TIME: 0ms | REASON: Resolved via readymade-fallback
[2026-08-10T13:17:22.948Z] COMPANY: "Tinna Rubber and Infrastructure Limited" | QUERIES: ["Tinna Rubber and Infrastructure Limited" official website] | CANDIDATES: [] | SELECTED: "" | CONFIDENCE: FAILED | TIME: 0ms | REASON: Resolved via readymade-fallback
[2026-08-10T13:17:22.952Z] COMPANY: "Tips Films Limited" | QUERIES: ["Tips Films Limited" official website] | CANDIDATES: [] | SELECTED: "" | CONFIDENCE: FAILED | TIME: 0ms | REASON: Resolved via readymade-fallback
[2026-08-10T13:17:22.953Z] COMPANY: "Tips Music Limited" | QUERIES: ["Tips Music Limited" official website] | CANDIDATES: [] | SELECTED: "" | CONFIDENCE: FAILED | TIME: 0ms | REASON: Resolved via readymade-fallback
[2026-08-10T13:17:22.954Z] COMPANY: "Thirumalai Chemicals Limited" | QUERIES: ["Thirumalai Chemicals Limited" official website] | CANDIDATES: [] | SELECTED: "" | CONFIDENCE: FAILED | TIME: 0ms | REASON: Resolved via readymade-fallback
[2026-08-10T13:17:22.957Z] COMPANY: "Tirupati Forge Limited" | QUERIES: ["Tirupati Forge Limited" official website] | CANDIDATES: [] | SELECTED: "" | CONFIDENCE: FAILED | TIME: 0ms | REASON: Resolved via readymade-fallback
[2026-08-10T13:17:22.960Z] COMPANY: "TITAGARH RAIL SYSTEMS LIMITED" | QUERIES: ["TITAGARH RAIL SYSTEMS LIMITED" official website] | CANDIDATES: [] | SELECTED: "" | CONFIDENCE: FAILED | TIME: 0ms | REASON: Resolved via readymade-fallback
[2026-08-10T13:17:22.963Z] COMPANY: "Titan Company Limited" | QUERIES: ["Titan Company Limited" official website] | CANDIDATES: [] | SELECTED: "" | CONFIDENCE: FAILED | TIME: 0ms | REASON: Resolved via readymade-fallback
[2026-08-10T13:17:22.966Z] COMPANY: "Tamilnad Mercantile Bank Limited" | QUERIES: ["Tamilnad Mercantile Bank Limited" official website] | CANDIDATES: [] | SELECTED: "" | CONFIDENCE: FAILED | TIME: 0ms | REASON: Resolved via readymade-fallback
[2026-08-10T13:17:22.967Z] COMPANY: "Tata Motors Limited" | QUERIES: ["Tata Motors Limited" official website] | CANDIDATES: [] | SELECTED: "" | CONFIDENCE: FAILED | TIME: 0ms | REASON: Resolved via readymade-fallback
[2026-08-10T13:17:22.975Z] COMPANY: "Tata Motors Passenger Vehicles Limited" | QUERIES: ["Tata Motors Passenger Vehicles Limited" official website] | CANDIDATES: [] | SELECTED: "" | CONFIDENCE: FAILED | TIME: 0ms | REASON: Resolved via readymade-fallback
[2026-08-10T13:17:22.977Z] COMPANY: "Tamilnadu PetroProducts Limited" | QUERIES: ["Tamilnadu PetroProducts Limited" official website] | CANDIDATES: [] | SELECTED: "" | CONFIDENCE: FAILED | TIME: 0ms | REASON: Resolved via readymade-fallback
[2026-08-10T13:17:22.983Z] COMPANY: "Tamil Nadu Newsprint & Papers Limited" | QUERIES: ["Tamil Nadu Newsprint & Papers Limited" official website] | CANDIDATES: [] | SELECTED: "" | CONFIDENCE: FAILED | TIME: 0ms | REASON: Resolved via readymade-fallback
[2026-08-10T13:17:22.986Z] COMPANY: "Tamilnadu Telecommunication Limited" | QUERIES: ["Tamilnadu Telecommunication Limited" official website] | CANDIDATES: [] | SELECTED: "" | CONFIDENCE: FAILED | TIME: 0ms | REASON: Resolved via readymade-fallback
[2026-08-10T13:17:22.990Z] COMPANY: "Tokyo Plast International Limited" | QUERIES: ["Tokyo Plast International Limited" official website] | CANDIDATES: [] | SELECTED: "" | CONFIDENCE: FAILED | TIME: 0ms | REASON: Resolved via readymade-fallback
[2026-08-10T13:17:22.995Z] COMPANY: "Tolins Tyres Limited" | QUERIES: ["Tolins Tyres Limited" official website] | CANDIDATES: [] | SELECTED: "" | CONFIDENCE: FAILED | TIME: 0ms | REASON: Resolved via readymade-fallback
[2026-08-10T13:17:22.999Z] COMPANY: "Torrent Pharmaceuticals Limited" | QUERIES: ["Torrent Pharmaceuticals Limited" official website] | CANDIDATES: [] | SELECTED: "" | CONFIDENCE: FAILED | TIME: 0ms | REASON: Resolved via readymade-fallback
[2026-08-10T13:17:23.001Z] COMPANY: "Torrent Power Limited" | QUERIES: ["Torrent Power Limited" official website] | CANDIDATES: [] | SELECTED: "" | CONFIDENCE: FAILED | TIME: 0ms | REASON: Resolved via readymade-fallback
[2026-08-10T13:17:23.003Z] COMPANY: "Touchwood Entertainment Limited" | QUERIES: ["Touchwood Entertainment Limited" official website] | CANDIDATES: [] | SELECTED: "" | CONFIDENCE: FAILED | TIME: 0ms | REASON: Resolved via readymade-fallback
[2026-08-10T13:17:23.007Z] COMPANY: "Teamo Productions HQ Limited" | QUERIES: ["Teamo Productions HQ Limited" official website] | CANDIDATES: [] | SELECTED: "" | CONFIDENCE: FAILED | TIME: 0ms | REASON: Resolved via readymade-fallback
[2026-08-10T13:17:23.015Z] COMPANY: "TPL Plastech Limited" | QUERIES: ["TPL Plastech Limited" official website] | CANDIDATES: [] | SELECTED: "" | CONFIDENCE: FAILED | TIME: 0ms | REASON: Resolved via readymade-fallback
[2026-08-10T13:17:23.016Z] COMPANY: "Tracxn Technologies Limited" | QUERIES: ["Tracxn Technologies Limited" official website] | CANDIDATES: [] | SELECTED: "" | CONFIDENCE: FAILED | TIME: 0ms | REASON: Resolved via readymade-fallback
[2026-08-10T13:17:23.024Z] COMPANY: "Transpek Industry Limited" | QUERIES: ["Transpek Industry Limited" official website] | CANDIDATES: [] | SELECTED: "" | CONFIDENCE: FAILED | TIME: 0ms | REASON: Resolved via readymade-fallback
[2026-08-10T13:17:23.025Z] COMPANY: "Transrail Lighting Limited" | QUERIES: ["Transrail Lighting Limited" official website] | CANDIDATES: [] | SELECTED: "" | CONFIDENCE: FAILED | TIME: 0ms | REASON: Resolved via readymade-fallback
[2026-08-10T13:17:23.034Z] COMPANY: "TRANSWORLD SHIPPING LINES LIMITED" | QUERIES: ["TRANSWORLD SHIPPING LINES LIMITED" official website] | CANDIDATES: [] | SELECTED: "" | CONFIDENCE: FAILED | TIME: 0ms | REASON: Resolved via readymade-fallback
[2026-08-10T13:17:23.035Z] COMPANY: "Travel Food Services Limited" | QUERIES: ["Travel Food Services Limited" official website] | CANDIDATES: [] | SELECTED: "" | CONFIDENCE: FAILED | TIME: 0ms | REASON: Resolved via readymade-fallback
[2026-08-10T13:17:23.042Z] COMPANY: "Tree House Education & Accessories Limited" | QUERIES: ["Tree House Education & Accessories Limited" official website] | CANDIDATES: [] | SELECTED: "" | CONFIDENCE: FAILED | TIME: 0ms | REASON: Resolved via readymade-fallback
[2026-08-10T13:17:23.043Z] COMPANY: "TREJHARA SOLUTIONS LIMITED" | QUERIES: ["TREJHARA SOLUTIONS LIMITED" official website] | CANDIDATES: [] | SELECTED: "" | CONFIDENCE: FAILED | TIME: 0ms | REASON: Resolved via readymade-fallback
[2026-08-10T13:17:23.048Z] COMPANY: "Transindia Real Estate Limited" | QUERIES: ["Transindia Real Estate Limited" official website] | CANDIDATES: [] | SELECTED: "" | CONFIDENCE: FAILED | TIME: 0ms | REASON: Resolved via readymade-fallback
[2026-08-10T13:17:23.050Z] COMPANY: "Trent Limited" | QUERIES: ["Trent Limited" official website] | CANDIDATES: [] | SELECTED: "" | CONFIDENCE: FAILED | TIME: 1ms | REASON: Resolved via readymade-fallback
[2026-08-10T13:17:23.052Z] COMPANY: "TRF Limited" | QUERIES: ["TRF Limited" official website] | CANDIDATES: [] | SELECTED: "" | CONFIDENCE: FAILED | TIME: 0ms | REASON: Resolved via readymade-fallback
[2026-08-10T13:17:23.056Z] COMPANY: "Trident Limited" | QUERIES: ["Trident Limited" official website] | CANDIDATES: [] | SELECTED: "" | CONFIDENCE: FAILED | TIME: 0ms | REASON: Resolved via readymade-fallback
[2026-08-10T13:17:23.061Z] COMPANY: "Trigyn Technologies Limited" | QUERIES: ["Trigyn Technologies Limited" official website] | CANDIDATES: [] | SELECTED: "" | CONFIDENCE: FAILED | TIME: 0ms | REASON: Resolved via readymade-fallback
[2026-08-10T13:17:23.064Z] COMPANY: "Triveni Turbine Limited" | QUERIES: ["Triveni Turbine Limited" official website] | CANDIDATES: [] | SELECTED: "" | CONFIDENCE: FAILED | TIME: 0ms | REASON: Resolved via readymade-fallback
[2026-08-10T13:17:23.069Z] COMPANY: "Triveni Engineering & Industries Limited" | QUERIES: ["Triveni Engineering & Industries Limited" official website] | CANDIDATES: [] | SELECTED: "" | CONFIDENCE: FAILED | TIME: 0ms | REASON: Resolved via readymade-fallback
[2026-08-10T13:17:23.072Z] COMPANY: "TruCap Finance Limited" | QUERIES: ["TruCap Finance Limited" official website] | CANDIDATES: [] | SELECTED: "" | CONFIDENCE: FAILED | TIME: 0ms | REASON: Resolved via readymade-fallback
[2026-08-10T13:17:23.075Z] COMPANY: "TruAlt Bioenergy Limited" | QUERIES: ["TruAlt Bioenergy Limited" official website] | CANDIDATES: [] | SELECTED: "" | CONFIDENCE: FAILED | TIME: 0ms | REASON: Resolved via readymade-fallback
[2026-08-10T13:17:23.077Z] COMPANY: "TSF INVESTMENTS LIMITED" | QUERIES: ["TSF INVESTMENTS LIMITED" official website] | CANDIDATES: [] | SELECTED: "" | CONFIDENCE: FAILED | TIME: 0ms | REASON: Resolved via readymade-fallback
[2026-08-10T13:17:23.079Z] COMPANY: "TTK Healthcare Limited" | QUERIES: ["TTK Healthcare Limited" official website] | CANDIDATES: [] | SELECTED: "" | CONFIDENCE: FAILED | TIME: 0ms | REASON: Resolved via readymade-fallback
[2026-08-10T13:17:23.082Z] COMPANY: "TTK Prestige Limited" | QUERIES: ["TTK Prestige Limited" official website] | CANDIDATES: [] | SELECTED: "" | CONFIDENCE: FAILED | TIME: 0ms | REASON: Resolved via readymade-fallback
[2026-08-10T13:17:23.083Z] COMPANY: "T T Limited" | QUERIES: ["T T Limited" official website] | CANDIDATES: [] | SELECTED: "" | CONFIDENCE: FAILED | TIME: 0ms | REASON: Resolved via readymade-fallback
[2026-08-10T13:17:23.085Z] COMPANY: "Tata Teleservices (Maharashtra) Limited" | QUERIES: ["Tata Teleservices (Maharashtra) Limited" official website] | CANDIDATES: [] | SELECTED: "" | CONFIDENCE: FAILED | TIME: 0ms | REASON: Resolved via readymade-fallback
[2026-08-10T13:17:23.088Z] COMPANY: "Turtlemint Fintech Solutions Limited" | QUERIES: ["Turtlemint Fintech Solutions Limited" official website] | CANDIDATES: [] | SELECTED: "" | CONFIDENCE: FAILED | TIME: 0ms | REASON: Resolved via readymade-fallback
[2026-08-10T13:17:23.090Z] COMPANY: "TVS Electronics Limited" | QUERIES: ["TVS Electronics Limited" official website] | CANDIDATES: [] | SELECTED: "" | CONFIDENCE: FAILED | TIME: 0ms | REASON: Resolved via readymade-fallback
[2026-08-10T13:17:23.092Z] COMPANY: "TVS Holdings Limited" | QUERIES: ["TVS Holdings Limited" official website] | CANDIDATES: [] | SELECTED: "" | CONFIDENCE: FAILED | TIME: 0ms | REASON: Resolved via readymade-fallback
[2026-08-10T13:17:23.096Z] COMPANY: "TVS Motor Company Limited" | QUERIES: ["TVS Motor Company Limited" official website] | CANDIDATES: [] | SELECTED: "" | CONFIDENCE: FAILED | TIME: 0ms | REASON: Resolved via readymade-fallback
[2026-08-10T13:17:23.101Z] COMPANY: "TVS Supply Chain Solutions Limited" | QUERIES: ["TVS Supply Chain Solutions Limited" official website] | CANDIDATES: [] | SELECTED: "" | CONFIDENCE: FAILED | TIME: 0ms | REASON: Resolved via readymade-fallback
[2026-08-10T13:17:23.106Z] COMPANY: "TVS Srichakra Limited" | QUERIES: ["TVS Srichakra Limited" official website] | CANDIDATES: [] | SELECTED: "" | CONFIDENCE: FAILED | TIME: 0ms | REASON: Resolved via readymade-fallback
[2026-08-10T13:17:23.109Z] COMPANY: "TV Today Network Limited" | QUERIES: ["TV Today Network Limited" official website] | CANDIDATES: [] | SELECTED: "" | CONFIDENCE: FAILED | TIME: 0ms | REASON: Resolved via readymade-fallback
[2026-08-10T13:17:23.111Z] COMPANY: "TV Vision Limited" | QUERIES: ["TV Vision Limited" official website] | CANDIDATES: [] | SELECTED: "" | CONFIDENCE: FAILED | TIME: 0ms | REASON: Resolved via readymade-fallback
[2026-08-10T13:17:23.114Z] COMPANY: "United Breweries Limited" | QUERIES: ["United Breweries Limited" official website] | CANDIDATES: [] | SELECTED: "" | CONFIDENCE: FAILED | TIME: 0ms | REASON: Resolved via readymade-fallback
[2026-08-10T13:17:23.119Z] COMPANY: "UCAL LIMITED" | QUERIES: ["UCAL LIMITED" official website] | CANDIDATES: [] | SELECTED: "" | CONFIDENCE: FAILED | TIME: 0ms | REASON: Resolved via readymade-fallback
[2026-08-10T13:17:23.121Z] COMPANY: "UCO Bank" | QUERIES: ["UCO Bank" official website] | CANDIDATES: [] | SELECTED: "" | CONFIDENCE: FAILED | TIME: 0ms | REASON: Resolved via readymade-fallback
[2026-08-10T13:17:23.126Z] COMPANY: "Updater Services Limited" | QUERIES: ["Updater Services Limited" official website] | CANDIDATES: [] | SELECTED: "" | CONFIDENCE: FAILED | TIME: 0ms | REASON: Resolved via readymade-fallback
[2026-08-10T13:17:23.127Z] COMPANY: "Ujaas Energy Limited" | QUERIES: ["Ujaas Energy Limited" official website] | CANDIDATES: [] | SELECTED: "" | CONFIDENCE: FAILED | TIME: 0ms | REASON: Resolved via readymade-fallback
[2026-08-10T13:17:23.127Z] COMPANY: "United Foodbrands Limited" | QUERIES: ["United Foodbrands Limited" official website] | CANDIDATES: [] | SELECTED: "" | CONFIDENCE: FAILED | TIME: 0ms | REASON: Resolved via readymade-fallback
[2026-08-10T13:17:23.128Z] COMPANY: "UFLEX Limited" | QUERIES: ["UFLEX Limited" official website] | CANDIDATES: [] | SELECTED: "" | CONFIDENCE: FAILED | TIME: 0ms | REASON: Resolved via readymade-fallback
[2026-08-10T13:17:23.134Z] COMPANY: "UFO Moviez India Limited" | QUERIES: ["UFO Moviez India Limited" official website] | CANDIDATES: [] | SELECTED: "" | CONFIDENCE: FAILED | TIME: 0ms | REASON: Resolved via readymade-fallback
[2026-08-10T13:17:23.135Z] COMPANY: "The Ugar Sugar Works Limited" | QUERIES: ["The Ugar Sugar Works Limited" official website] | CANDIDATES: [] | SELECTED: "" | CONFIDENCE: FAILED | TIME: 0ms | REASON: Resolved via readymade-fallback
[2026-08-10T13:17:23.138Z] COMPANY: "Ugro Capital Limited" | QUERIES: ["Ugro Capital Limited" official website] | CANDIDATES: [] | SELECTED: "" | CONFIDENCE: FAILED | TIME: 0ms | REASON: Resolved via readymade-fallback
[2026-08-10T13:17:23.142Z] COMPANY: "Ujjivan Small Finance Bank Limited" | QUERIES: ["Ujjivan Small Finance Bank Limited" official website] | CANDIDATES: [] | SELECTED: "" | CONFIDENCE: FAILED | TIME: 0ms | REASON: Resolved via readymade-fallback
[2026-08-10T13:17:23.145Z] COMPANY: "UltraTech Cement Limited" | QUERIES: ["UltraTech Cement Limited" official website] | CANDIDATES: [] | SELECTED: "" | CONFIDENCE: FAILED | TIME: 0ms | REASON: Resolved via readymade-fallback
[2026-08-10T13:17:23.149Z] COMPANY: "Ultramarine & Pigments Limited" | QUERIES: ["Ultramarine & Pigments Limited" official website] | CANDIDATES: [] | SELECTED: "" | CONFIDENCE: FAILED | TIME: 0ms | REASON: Resolved via readymade-fallback
[2026-08-10T13:17:23.153Z] COMPANY: "Uma Exports Limited" | QUERIES: ["Uma Exports Limited" official website] | CANDIDATES: [] | SELECTED: "" | CONFIDENCE: FAILED | TIME: 0ms | REASON: Resolved via readymade-fallback
[2026-08-10T13:17:23.154Z] COMPANY: "Usha Martin Education & Solutions Limited" | QUERIES: ["Usha Martin Education & Solutions Limited" official website] | CANDIDATES: [] | SELECTED: "" | CONFIDENCE: FAILED | TIME: 0ms | REASON: Resolved via readymade-fallback
[2026-08-10T13:17:23.157Z] COMPANY: "UMIYA BUILDCON LIMITED" | QUERIES: ["UMIYA BUILDCON LIMITED" official website] | CANDIDATES: [] | SELECTED: "" | CONFIDENCE: FAILED | TIME: 0ms | REASON: Resolved via readymade-fallback
[2026-08-10T13:17:23.158Z] COMPANY: "Unichem Laboratories Limited" | QUERIES: ["Unichem Laboratories Limited" official website] | CANDIDATES: [] | SELECTED: "" | CONFIDENCE: FAILED | TIME: 0ms | REASON: Resolved via readymade-fallback
[2026-08-10T13:17:23.161Z] COMPANY: "United Drilling Tools Limited" | QUERIES: ["United Drilling Tools Limited" official website] | CANDIDATES: [] | SELECTED: "" | CONFIDENCE: FAILED | TIME: 0ms | REASON: Resolved via readymade-fallback
[2026-08-10T13:17:23.162Z] COMPANY: "Unicommerce Esolutions Limited" | QUERIES: ["Unicommerce Esolutions Limited" official website] | CANDIDATES: [] | SELECTED: "" | CONFIDENCE: FAILED | TIME: 0ms | REASON: Resolved via readymade-fallback
[2026-08-10T13:17:23.163Z] COMPANY: "Uniphos Enterprises Limited" | QUERIES: ["Uniphos Enterprises Limited" official website] | CANDIDATES: [] | SELECTED: "" | CONFIDENCE: FAILED | TIME: 0ms | REASON: Resolved via readymade-fallback
[2026-08-10T13:17:23.166Z] COMPANY: "Uniinfo Telecom Services Limited" | QUERIES: ["Uniinfo Telecom Services Limited" official website] | CANDIDATES: [] | SELECTED: "" | CONFIDENCE: FAILED | TIME: 0ms | REASON: Resolved via readymade-fallback
[2026-08-10T13:17:23.169Z] COMPANY: "Unimech Aerospace and Manufacturing Limited" | QUERIES: ["Unimech Aerospace and Manufacturing Limited" official website] | CANDIDATES: [] | SELECTED: "" | CONFIDENCE: FAILED | TIME: 0ms | REASON: Resolved via readymade-fallback
[2026-08-10T13:17:23.170Z] COMPANY: "Union Bank of India" | QUERIES: ["Union Bank of India" official website] | CANDIDATES: [] | SELECTED: "" | CONFIDENCE: FAILED | TIME: 0ms | REASON: Resolved via readymade-fallback
[2026-08-10T13:17:23.172Z] COMPANY: "Uniparts India Limited" | QUERIES: ["Uniparts India Limited" official website] | CANDIDATES: [] | SELECTED: "" | CONFIDENCE: FAILED | TIME: 0ms | REASON: Resolved via readymade-fallback
[2026-08-10T13:17:23.177Z] COMPANY: "United Spirits Limited" | QUERIES: ["United Spirits Limited" official website] | CANDIDATES: [] | SELECTED: "" | CONFIDENCE: FAILED | TIME: 0ms | REASON: Resolved via readymade-fallback
[2026-08-10T13:17:23.180Z] COMPANY: "Unitech Limited" | QUERIES: ["Unitech Limited" official website] | CANDIDATES: [] | SELECTED: "" | CONFIDENCE: FAILED | TIME: 0ms | REASON: Resolved via readymade-fallback
[2026-08-10T13:17:23.185Z] COMPANY: "United Polyfab Gujarat Limited" | QUERIES: ["United Polyfab Gujarat Limited" official website] | CANDIDATES: [] | SELECTED: "" | CONFIDENCE: FAILED | TIME: 0ms | REASON: Resolved via readymade-fallback
[2026-08-10T13:17:23.194Z] COMPANY: "The United Nilgiri Tea Estates Company Limited" | QUERIES: ["The United Nilgiri Tea Estates Company Limited" official website] | CANDIDATES: [] | SELECTED: "" | CONFIDENCE: FAILED | TIME: 0ms | REASON: Resolved via readymade-fallback
[2026-08-10T13:17:23.195Z] COMPANY: "Univastu India Limited" | QUERIES: ["Univastu India Limited" official website] | CANDIDATES: [] | SELECTED: "" | CONFIDENCE: FAILED | TIME: 0ms | REASON: Resolved via readymade-fallback
[2026-08-10T13:17:23.201Z] COMPANY: "Universal Cables Limited" | QUERIES: ["Universal Cables Limited" official website] | CANDIDATES: [] | SELECTED: "" | CONFIDENCE: FAILED | TIME: 0ms | REASON: Resolved via readymade-fallback
[2026-08-10T13:17:23.209Z] COMPANY: "Universus Photo Imagings Limited" | QUERIES: ["Universus Photo Imagings Limited" official website] | CANDIDATES: [] | SELECTED: "" | CONFIDENCE: FAILED | TIME: 0ms | REASON: Resolved via readymade-fallback
[2026-08-10T13:17:23.211Z] COMPANY: "UNO Minda Limited" | QUERIES: ["UNO Minda Limited" official website] | CANDIDATES: [] | SELECTED: "" | CONFIDENCE: FAILED | TIME: 0ms | REASON: Resolved via readymade-fallback
[2026-08-10T13:17:23.212Z] COMPANY: "UPL Limited" | QUERIES: ["UPL Limited" official website] | CANDIDATES: [] | SELECTED: "" | CONFIDENCE: FAILED | TIME: 0ms | REASON: Resolved via readymade-fallback
[2026-08-10T13:17:23.219Z] COMPANY: "Uravi Defence and Technology Limited" | QUERIES: ["Uravi Defence and Technology Limited" official website] | CANDIDATES: [] | SELECTED: "" | CONFIDENCE: FAILED | TIME: 0ms | REASON: Resolved via readymade-fallback
[2026-08-10T13:17:23.222Z] COMPANY: "Urban Company Limited" | QUERIES: ["Urban Company Limited" official website] | CANDIDATES: [] | SELECTED: "" | CONFIDENCE: FAILED | TIME: 0ms | REASON: Resolved via readymade-fallback
[2026-08-10T13:17:23.226Z] COMPANY: "Urja Global Limited" | QUERIES: ["Urja Global Limited" official website] | CANDIDATES: [] | SELECTED: "" | CONFIDENCE: FAILED | TIME: 0ms | REASON: Resolved via readymade-fallback
[2026-08-10T13:17:23.228Z] COMPANY: "Usha Martin Limited" | QUERIES: ["Usha Martin Limited" official website] | CANDIDATES: [] | SELECTED: "" | CONFIDENCE: FAILED | TIME: 0ms | REASON: Resolved via readymade-fallback
[2026-08-10T13:17:23.234Z] COMPANY: "Udayshivakumar Infra Limited" | QUERIES: ["Udayshivakumar Infra Limited" official website] | CANDIDATES: [] | SELECTED: "" | CONFIDENCE: FAILED | TIME: 0ms | REASON: Resolved via readymade-fallback
[2026-08-10T13:17:23.237Z] COMPANY: "UTI Asset Management Company Limited" | QUERIES: ["UTI Asset Management Company Limited" official website] | CANDIDATES: [] | SELECTED: "" | CONFIDENCE: FAILED | TIME: 0ms | REASON: Resolved via readymade-fallback
[2026-08-10T13:17:23.239Z] COMPANY: "Utkarsh Small Finance Bank Limited" | QUERIES: ["Utkarsh Small Finance Bank Limited" official website] | CANDIDATES: [] | SELECTED: "" | CONFIDENCE: FAILED | TIME: 0ms | REASON: Resolved via readymade-fallback
[2026-08-10T13:17:23.243Z] COMPANY: "Fujiyama Power Systems Limited" | QUERIES: ["Fujiyama Power Systems Limited" official website] | CANDIDATES: [] | SELECTED: "" | CONFIDENCE: FAILED | TIME: 0ms | REASON: Resolved via readymade-fallback
[2026-08-10T13:17:23.244Z] COMPANY: "Uttam Sugar Mills Limited" | QUERIES: ["Uttam Sugar Mills Limited" official website] | CANDIDATES: [] | SELECTED: "" | CONFIDENCE: FAILED | TIME: 0ms | REASON: Resolved via readymade-fallback
[2026-08-10T13:17:23.248Z] COMPANY: "U. Y. Fincorp Limited" | QUERIES: ["U. Y. Fincorp Limited" official website] | CANDIDATES: [] | SELECTED: "" | CONFIDENCE: FAILED | TIME: 0ms | REASON: Resolved via readymade-fallback
[2026-08-10T13:17:23.250Z] COMPANY: "V2 Retail Limited" | QUERIES: ["V2 Retail Limited" official website] | CANDIDATES: [] | SELECTED: "" | CONFIDENCE: FAILED | TIME: 0ms | REASON: Resolved via readymade-fallback
[2026-08-10T13:17:23.254Z] COMPANY: "Vadilal Industries Limited" | QUERIES: ["Vadilal Industries Limited" official website] | CANDIDATES: [] | SELECTED: "" | CONFIDENCE: FAILED | TIME: 0ms | REASON: Resolved via readymade-fallback
[2026-08-10T13:17:23.255Z] COMPANY: "Vaibhav Global Limited" | QUERIES: ["Vaibhav Global Limited" official website] | CANDIDATES: [] | SELECTED: "" | CONFIDENCE: FAILED | TIME: 0ms | REASON: Resolved via readymade-fallback
[2026-08-10T13:17:23.260Z] COMPANY: "Vaishali Pharma Limited" | QUERIES: ["Vaishali Pharma Limited" official website] | CANDIDATES: [] | SELECTED: "" | CONFIDENCE: FAILED | TIME: 0ms | REASON: Resolved via readymade-fallback
[2026-08-10T13:17:23.261Z] COMPANY: "Vakrangee Limited" | QUERIES: ["Vakrangee Limited" official website] | CANDIDATES: [] | SELECTED: "" | CONFIDENCE: FAILED | TIME: 0ms | REASON: Resolved via readymade-fallback
[2026-08-10T13:17:23.266Z] COMPANY: "Valiant Laboratories Limited" | QUERIES: ["Valiant Laboratories Limited" official website] | CANDIDATES: [] | SELECTED: "" | CONFIDENCE: FAILED | TIME: 0ms | REASON: Resolved via readymade-fallback
[2026-08-10T13:17:23.267Z] COMPANY: "Valiant Organics Limited" | QUERIES: ["Valiant Organics Limited" official website] | CANDIDATES: [] | SELECTED: "" | CONFIDENCE: FAILED | TIME: 0ms | REASON: Resolved via readymade-fallback
[2026-08-10T13:17:23.269Z] COMPANY: "Vedanta Aluminium Metal Limited" | QUERIES: ["Vedanta Aluminium Metal Limited" official website] | CANDIDATES: [] | SELECTED: "" | CONFIDENCE: FAILED | TIME: 0ms | REASON: Resolved via readymade-fallback
[2026-08-10T13:17:23.272Z] COMPANY: "Vardhman Acrylics Limited" | QUERIES: ["Vardhman Acrylics Limited" official website] | CANDIDATES: [] | SELECTED: "" | CONFIDENCE: FAILED | TIME: 0ms | REASON: Resolved via readymade-fallback
[2026-08-10T13:17:23.276Z] COMPANY: "Vardhman Polytex Limited" | QUERIES: ["Vardhman Polytex Limited" official website] | CANDIDATES: [] | SELECTED: "" | CONFIDENCE: FAILED | TIME: 0ms | REASON: Resolved via readymade-fallback
[2026-08-10T13:17:23.280Z] COMPANY: "Varroc Engineering Limited" | QUERIES: ["Varroc Engineering Limited" official website] | CANDIDATES: [] | SELECTED: "" | CONFIDENCE: FAILED | TIME: 0ms | REASON: Resolved via readymade-fallback
[2026-08-10T13:17:23.281Z] COMPANY: "Vascon Engineers Limited" | QUERIES: ["Vascon Engineers Limited" official website] | CANDIDATES: [] | SELECTED: "" | CONFIDENCE: FAILED | TIME: 0ms | REASON: Resolved via readymade-fallback
[2026-08-10T13:17:23.283Z] COMPANY: "Vaswani Industries Limited" | QUERIES: ["Vaswani Industries Limited" official website] | CANDIDATES: [] | SELECTED: "" | CONFIDENCE: FAILED | TIME: 0ms | REASON: Resolved via readymade-fallback
[2026-08-10T13:17:23.285Z] COMPANY: "Varun Beverages Limited" | QUERIES: ["Varun Beverages Limited" official website] | CANDIDATES: [] | SELECTED: "" | CONFIDENCE: FAILED | TIME: 0ms | REASON: Resolved via readymade-fallback
[2026-08-10T13:17:23.290Z] COMPANY: "Vaxtex Cotfab Limited" | QUERIES: ["Vaxtex Cotfab Limited" official website] | CANDIDATES: [] | SELECTED: "" | CONFIDENCE: FAILED | TIME: 0ms | REASON: Resolved via readymade-fallback
[2026-08-10T13:17:23.292Z] COMPANY: "Vedanta Limited" | QUERIES: ["Vedanta Limited" official website] | CANDIDATES: [] | SELECTED: "" | CONFIDENCE: FAILED | TIME: 0ms | REASON: Resolved via readymade-fallback
[2026-08-10T13:17:23.296Z] COMPANY: "Vedanta Power Limited" | QUERIES: ["Vedanta Power Limited" official website] | CANDIDATES: [] | SELECTED: "" | CONFIDENCE: FAILED | TIME: 0ms | REASON: Resolved via readymade-fallback
[2026-08-10T13:17:23.298Z] COMPANY: "Veedol Corporation Limited" | QUERIES: ["Veedol Corporation Limited" official website] | CANDIDATES: [] | SELECTED: "" | CONFIDENCE: FAILED | TIME: 0ms | REASON: Resolved via readymade-fallback
[2026-08-10T14:22:27.979Z] COMPANY: "Veljan Denison Limited" | QUERIES: ["Veljan Denison Limited" official website] | CANDIDATES: [] | SELECTED: "" | CONFIDENCE: FAILED | TIME: 0ms | REASON: Resolved via readymade-fallback
[2026-08-10T14:22:28.005Z] COMPANY: "Venky's (India) Limited" | QUERIES: ["Venky's (India) Limited" official website] | CANDIDATES: [] | SELECTED: "" | CONFIDENCE: FAILED | TIME: 0ms | REASON: Resolved via readymade-fallback
[2026-08-10T14:22:28.019Z] COMPANY: "Ventive Hospitality Limited" | QUERIES: ["Ventive Hospitality Limited" official website] | CANDIDATES: [] | SELECTED: "" | CONFIDENCE: FAILED | TIME: 0ms | REASON: Resolved via readymade-fallback
[2026-08-10T14:22:28.051Z] COMPANY: "Venus Pipes & Tubes Limited" | QUERIES: ["Venus Pipes & Tubes Limited" official website] | CANDIDATES: [] | SELECTED: "" | CONFIDENCE: FAILED | TIME: 0ms | REASON: Resolved via readymade-fallback
[2026-08-10T14:22:28.056Z] COMPANY: "Venus Remedies Limited" | QUERIES: ["Venus Remedies Limited" official website] | CANDIDATES: [] | SELECTED: "" | CONFIDENCE: FAILED | TIME: 0ms | REASON: Resolved via readymade-fallback
[2026-08-10T14:22:28.091Z] COMPANY: "Veranda Learning Solutions Limited" | QUERIES: ["Veranda Learning Solutions Limited" official website] | CANDIDATES: [] | SELECTED: "" | CONFIDENCE: FAILED | TIME: 0ms | REASON: Resolved via readymade-fallback
[2026-08-10T14:22:28.124Z] COMPANY: "Vertoz Limited" | QUERIES: ["Vertoz Limited" official website] | CANDIDATES: [] | SELECTED: "" | CONFIDENCE: FAILED | TIME: 0ms | REASON: Resolved via readymade-fallback
[2026-08-10T14:22:28.125Z] COMPANY: "Vesuvius India Limited" | QUERIES: ["Vesuvius India Limited" official website] | CANDIDATES: [] | SELECTED: "" | CONFIDENCE: FAILED | TIME: 0ms | REASON: Resolved via readymade-fallback
[2026-08-10T14:22:28.126Z] COMPANY: "Veto Switchgears And Cables Limited" | QUERIES: ["Veto Switchgears And Cables Limited" official website] | CANDIDATES: [] | SELECTED: "" | CONFIDENCE: FAILED | TIME: 0ms | REASON: Resolved via readymade-fallback
[2026-08-10T14:22:28.163Z] COMPANY: "VARVEE GLOBAL LIMITED" | QUERIES: ["VARVEE GLOBAL LIMITED" official website] | CANDIDATES: [] | SELECTED: "" | CONFIDENCE: FAILED | TIME: 0ms | REASON: Resolved via readymade-fallback
[2026-08-10T14:22:28.181Z] COMPANY: "V-Guard Industries Limited" | QUERIES: ["V-Guard Industries Limited" official website] | CANDIDATES: [] | SELECTED: "" | CONFIDENCE: FAILED | TIME: 0ms | REASON: Resolved via readymade-fallback
[2026-08-10T14:22:28.187Z] COMPANY: "Vardhman Holdings Limited" | QUERIES: ["Vardhman Holdings Limited" official website] | CANDIDATES: [] | SELECTED: "" | CONFIDENCE: FAILED | TIME: 0ms | REASON: Resolved via readymade-fallback
[2026-08-10T14:22:28.208Z] COMPANY: "Viceroy Hotels Limited" | QUERIES: ["Viceroy Hotels Limited" official website] | CANDIDATES: [] | SELECTED: "" | CONFIDENCE: FAILED | TIME: 0ms | REASON: Resolved via readymade-fallback
[2026-08-10T14:22:28.234Z] COMPANY: "Vidhi Specialty Food Ingredients Limited" | QUERIES: ["Vidhi Specialty Food Ingredients Limited" official website] | CANDIDATES: [] | SELECTED: "" | CONFIDENCE: FAILED | TIME: 0ms | REASON: Resolved via readymade-fallback
[2026-08-10T14:22:28.256Z] COMPANY: "Vidya Wires Limited" | QUERIES: ["Vidya Wires Limited" official website] | CANDIDATES: [] | SELECTED: "" | CONFIDENCE: FAILED | TIME: 0ms | REASON: Resolved via readymade-fallback
[2026-08-10T14:22:28.261Z] COMPANY: "Vijaya Diagnostic Centre Limited" | QUERIES: ["Vijaya Diagnostic Centre Limited" official website] | CANDIDATES: [] | SELECTED: "" | CONFIDENCE: FAILED | TIME: 0ms | REASON: Resolved via readymade-fallback
[2026-08-10T14:22:28.274Z] COMPANY: "Viji Finance Limited" | QUERIES: ["Viji Finance Limited" official website] | CANDIDATES: [] | SELECTED: "" | CONFIDENCE: FAILED | TIME: 3ms | REASON: Resolved via readymade-fallback
[2026-08-10T14:22:28.294Z] COMPANY: "Vikas EcoTech Limited" | QUERIES: ["Vikas EcoTech Limited" official website] | CANDIDATES: [] | SELECTED: "" | CONFIDENCE: FAILED | TIME: 0ms | REASON: Resolved via readymade-fallback
[2026-08-10T14:22:28.335Z] COMPANY: "Vikas Lifecare Limited" | QUERIES: ["Vikas Lifecare Limited" official website] | CANDIDATES: [] | SELECTED: "" | CONFIDENCE: FAILED | TIME: 0ms | REASON: Resolved via readymade-fallback
[2026-08-10T14:22:28.346Z] COMPANY: "Vikram Solar Limited" | QUERIES: ["Vikram Solar Limited" official website] | CANDIDATES: [] | SELECTED: "" | CONFIDENCE: FAILED | TIME: 1ms | REASON: Resolved via readymade-fallback
[2026-08-10T14:22:28.350Z] COMPANY: "Vikran Engineering Limited" | QUERIES: ["Vikran Engineering Limited" official website] | CANDIDATES: [] | SELECTED: "" | CONFIDENCE: FAILED | TIME: 0ms | REASON: Resolved via readymade-fallback
[2026-08-10T14:22:28.351Z] COMPANY: "Vimta Labs Limited" | QUERIES: ["Vimta Labs Limited" official website] | CANDIDATES: [] | SELECTED: "" | CONFIDENCE: FAILED | TIME: 0ms | REASON: Resolved via readymade-fallback
[2026-08-10T14:22:28.352Z] COMPANY: "Vinati Organics Limited" | QUERIES: ["Vinati Organics Limited" official website] | CANDIDATES: [] | SELECTED: "" | CONFIDENCE: FAILED | TIME: 0ms | REASON: Resolved via readymade-fallback
[2026-08-10T14:22:28.354Z] COMPANY: "Vintage Coffee And Beverages Limited" | QUERIES: ["Vintage Coffee And Beverages Limited" official website] | CANDIDATES: [] | SELECTED: "" | CONFIDENCE: FAILED | TIME: 0ms | REASON: Resolved via readymade-fallback
[2026-08-10T14:22:28.354Z] COMPANY: "Vindhya Telelinks Limited" | QUERIES: ["Vindhya Telelinks Limited" official website] | CANDIDATES: [] | SELECTED: "" | CONFIDENCE: FAILED | TIME: 0ms | REASON: Resolved via readymade-fallback
[2026-08-10T14:22:28.356Z] COMPANY: "Vineet Laboratories Limited" | QUERIES: ["Vineet Laboratories Limited" official website] | CANDIDATES: [] | SELECTED: "" | CONFIDENCE: FAILED | TIME: 0ms | REASON: Resolved via readymade-fallback
[2026-08-10T14:22:28.357Z] COMPANY: "Vinny Overseas Limited" | QUERIES: ["Vinny Overseas Limited" official website] | CANDIDATES: [] | SELECTED: "" | CONFIDENCE: FAILED | TIME: 0ms | REASON: Resolved via readymade-fallback
[2026-08-10T14:22:28.359Z] COMPANY: "Vinyl Chemicals (India) Limited" | QUERIES: ["Vinyl Chemicals (India) Limited" official website] | CANDIDATES: [] | SELECTED: "" | CONFIDENCE: FAILED | TIME: 0ms | REASON: Resolved via readymade-fallback
[2026-08-10T14:22:28.360Z] COMPANY: "VIP Clothing Limited" | QUERIES: ["VIP Clothing Limited" official website] | CANDIDATES: [] | SELECTED: "" | CONFIDENCE: FAILED | TIME: 0ms | REASON: Resolved via readymade-fallback
[2026-08-10T14:22:28.363Z] COMPANY: "VIP Industries Limited" | QUERIES: ["VIP Industries Limited" official website] | CANDIDATES: [] | SELECTED: "" | CONFIDENCE: FAILED | TIME: 0ms | REASON: Resolved via readymade-fallback
[2026-08-10T14:22:28.364Z] COMPANY: "Vipul Limited" | QUERIES: ["Vipul Limited" official website] | CANDIDATES: [] | SELECTED: "" | CONFIDENCE: FAILED | TIME: 0ms | REASON: Resolved via readymade-fallback
[2026-08-10T14:22:28.365Z] COMPANY: "Virinchi Limited" | QUERIES: ["Virinchi Limited" official website] | CANDIDATES: [] | SELECTED: "" | CONFIDENCE: FAILED | TIME: 0ms | REASON: Resolved via readymade-fallback
[2026-08-10T14:22:28.366Z] COMPANY: "VISA Chrome Limited" | QUERIES: ["VISA Chrome Limited" official website] | CANDIDATES: [] | SELECTED: "" | CONFIDENCE: FAILED | TIME: 0ms | REASON: Resolved via readymade-fallback
[2026-08-10T14:22:28.368Z] COMPANY: "Visaka Industries Limited" | QUERIES: ["Visaka Industries Limited" official website] | CANDIDATES: [] | SELECTED: "" | CONFIDENCE: FAILED | TIME: 0ms | REASON: Resolved via readymade-fallback
[2026-08-10T14:22:28.370Z] COMPANY: "Vishnu Chemicals Limited" | QUERIES: ["Vishnu Chemicals Limited" official website] | CANDIDATES: [] | SELECTED: "" | CONFIDENCE: FAILED | TIME: 0ms | REASON: Resolved via readymade-fallback
[2026-08-10T14:22:28.371Z] COMPANY: "Vishwaraj Sugar Industries Limited" | QUERIES: ["Vishwaraj Sugar Industries Limited" official website] | CANDIDATES: [] | SELECTED: "" | CONFIDENCE: FAILED | TIME: 0ms | REASON: Resolved via readymade-fallback
[2026-08-10T14:22:28.372Z] COMPANY: "Vedanta Iron and Steel Limited" | QUERIES: ["Vedanta Iron and Steel Limited" official website] | CANDIDATES: [] | SELECTED: "" | CONFIDENCE: FAILED | TIME: 0ms | REASON: Resolved via readymade-fallback
[2026-08-10T14:22:28.374Z] COMPANY: "Vital Chemtech Limited" | QUERIES: ["Vital Chemtech Limited" official website] | CANDIDATES: [] | SELECTED: "" | CONFIDENCE: FAILED | TIME: 0ms | REASON: Resolved via readymade-fallback
[2026-08-10T14:22:28.375Z] COMPANY: "Viviana Power Tech Limited" | QUERIES: ["Viviana Power Tech Limited" official website] | CANDIDATES: [] | SELECTED: "" | CONFIDENCE: FAILED | TIME: 0ms | REASON: Resolved via readymade-fallback
[2026-08-10T14:22:28.376Z] COMPANY: "Visagar Polytex Limited" | QUERIES: ["Visagar Polytex Limited" official website] | CANDIDATES: [] | SELECTED: "" | CONFIDENCE: FAILED | TIME: 0ms | REASON: Resolved via readymade-fallback
[2026-08-10T14:22:28.377Z] COMPANY: "Vivimed Labs Limited" | QUERIES: ["Vivimed Labs Limited" official website] | CANDIDATES: [] | SELECTED: "" | CONFIDENCE: FAILED | TIME: 0ms | REASON: Resolved via readymade-fallback
[2026-08-10T14:22:28.378Z] COMPANY: "Viyash Scientific Limited" | QUERIES: ["Viyash Scientific Limited" official website] | CANDIDATES: [] | SELECTED: "" | CONFIDENCE: FAILED | TIME: 0ms | REASON: Resolved via readymade-fallback
[2026-08-10T14:22:28.379Z] COMPANY: "VL E-Governance & IT Solutions Limited" | QUERIES: ["VL E-Governance & IT Solutions Limited" official website] | CANDIDATES: [] | SELECTED: "" | CONFIDENCE: FAILED | TIME: 0ms | REASON: Resolved via readymade-fallback
[2026-08-10T14:22:28.379Z] COMPANY: "VLS Finance Limited" | QUERIES: ["VLS Finance Limited" official website] | CANDIDATES: [] | SELECTED: "" | CONFIDENCE: FAILED | TIME: 0ms | REASON: Resolved via readymade-fallback
[2026-08-10T14:22:28.380Z] COMPANY: "V-Mart Retail Limited" | QUERIES: ["V-Mart Retail Limited" official website] | CANDIDATES: [] | SELECTED: "" | CONFIDENCE: FAILED | TIME: 0ms | REASON: Resolved via readymade-fallback
[2026-08-10T14:22:28.383Z] COMPANY: "Vishal Mega Mart Limited" | QUERIES: ["Vishal Mega Mart Limited" official website] | CANDIDATES: [] | SELECTED: "" | CONFIDENCE: FAILED | TIME: 0ms | REASON: Resolved via readymade-fallback
[2026-08-10T14:22:28.386Z] COMPANY: "VMS TMT Limited" | QUERIES: ["VMS TMT Limited" official website] | CANDIDATES: [] | SELECTED: "" | CONFIDENCE: FAILED | TIME: 1ms | REASON: Resolved via readymade-fallback
[2026-08-10T14:22:28.390Z] COMPANY: "Virtuoso Optoelectronics Limited" | QUERIES: ["Virtuoso Optoelectronics Limited" official website] | CANDIDATES: [] | SELECTED: "" | CONFIDENCE: FAILED | TIME: 0ms | REASON: Resolved via readymade-fallback
[2026-08-10T14:22:28.395Z] COMPANY: "Vedanta Oil and Gas Limited" | QUERIES: ["Vedanta Oil and Gas Limited" official website] | CANDIDATES: [] | SELECTED: "" | CONFIDENCE: FAILED | TIME: 0ms | REASON: Resolved via readymade-fallback
[2026-08-10T14:22:28.403Z] COMPANY: "Voltamp Transformers Limited" | QUERIES: ["Voltamp Transformers Limited" official website] | CANDIDATES: [] | SELECTED: "" | CONFIDENCE: FAILED | TIME: 0ms | REASON: Resolved via readymade-fallback
[2026-08-10T14:22:28.411Z] COMPANY: "Voltas Limited" | QUERIES: ["Voltas Limited" official website] | CANDIDATES: [] | SELECTED: "" | CONFIDENCE: FAILED | TIME: 0ms | REASON: Resolved via readymade-fallback
[2026-08-10T14:22:28.414Z] COMPANY: "Vishnu Prakash R Punglia Limited" | QUERIES: ["Vishnu Prakash R Punglia Limited" official website] | CANDIDATES: [] | SELECTED: "" | CONFIDENCE: FAILED | TIME: 0ms | REASON: Resolved via readymade-fallback
[2026-08-10T14:22:28.419Z] COMPANY: "Vraj Iron and Steel Limited" | QUERIES: ["Vraj Iron and Steel Limited" official website] | CANDIDATES: [] | SELECTED: "" | CONFIDENCE: FAILED | TIME: 0ms | REASON: Resolved via readymade-fallback
[2026-08-10T14:22:28.423Z] COMPANY: "VRL Logistics Limited" | QUERIES: ["VRL Logistics Limited" official website] | CANDIDATES: [] | SELECTED: "" | CONFIDENCE: FAILED | TIME: 0ms | REASON: Resolved via readymade-fallback
[2026-08-10T14:22:28.429Z] COMPANY: "Vardhman Special Steels Limited" | QUERIES: ["Vardhman Special Steels Limited" official website] | CANDIDATES: [] | SELECTED: "" | CONFIDENCE: FAILED | TIME: 0ms | REASON: Resolved via readymade-fallback
[2026-08-10T14:22:28.429Z] COMPANY: "VST Industries Limited" | QUERIES: ["VST Industries Limited" official website] | CANDIDATES: [] | SELECTED: "" | CONFIDENCE: FAILED | TIME: 0ms | REASON: Resolved via readymade-fallback
[2026-08-10T14:22:28.442Z] COMPANY: "Vibhor Steel Tubes Limited" | QUERIES: ["Vibhor Steel Tubes Limited" official website] | CANDIDATES: [] | SELECTED: "" | CONFIDENCE: FAILED | TIME: 0ms | REASON: Resolved via readymade-fallback
[2026-08-10T14:22:28.446Z] COMPANY: "V.S.T Tillers Tractors Limited" | QUERIES: ["V.S.T Tillers Tractors Limited" official website] | CANDIDATES: [] | SELECTED: "" | CONFIDENCE: FAILED | TIME: 0ms | REASON: Resolved via readymade-fallback
[2026-08-10T14:22:28.451Z] COMPANY: "Vardhman Textiles Limited" | QUERIES: ["Vardhman Textiles Limited" official website] | CANDIDATES: [] | SELECTED: "" | CONFIDENCE: FAILED | TIME: 0ms | REASON: Resolved via readymade-fallback
[2026-08-10T14:22:28.464Z] COMPANY: "Waaree Energies Limited" | QUERIES: ["Waaree Energies Limited" official website] | CANDIDATES: [] | SELECTED: "" | CONFIDENCE: FAILED | TIME: 0ms | REASON: Resolved via readymade-fallback
[2026-08-10T14:22:28.466Z] COMPANY: "Indosolar Limited" | QUERIES: ["Indosolar Limited" official website] | CANDIDATES: [] | SELECTED: "" | CONFIDENCE: FAILED | TIME: 0ms | REASON: Resolved via readymade-fallback
[2026-08-10T14:22:28.476Z] COMPANY: "Waaree Renewable Technologies Limited" | QUERIES: ["Waaree Renewable Technologies Limited" official website] | CANDIDATES: [] | SELECTED: "" | CONFIDENCE: FAILED | TIME: 0ms | REASON: Resolved via readymade-fallback
[2026-08-10T14:22:28.481Z] COMPANY: "VA Tech Wabag Limited" | QUERIES: ["VA Tech Wabag Limited" official website] | CANDIDATES: [] | SELECTED: "" | CONFIDENCE: FAILED | TIME: 0ms | REASON: Resolved via readymade-fallback
[2026-08-10T14:22:28.489Z] COMPANY: "Wakefit Innovations Limited" | QUERIES: ["Wakefit Innovations Limited" official website] | CANDIDATES: [] | SELECTED: "" | CONFIDENCE: FAILED | TIME: 0ms | REASON: Resolved via readymade-fallback
[2026-08-10T14:22:28.490Z] COMPANY: "Walchandnagar Industries Limited" | QUERIES: ["Walchandnagar Industries Limited" official website] | CANDIDATES: [] | SELECTED: "" | CONFIDENCE: FAILED | TIME: 0ms | REASON: Resolved via readymade-fallback
[2026-08-10T14:22:28.498Z] COMPANY: "Wanbury Limited" | QUERIES: ["Wanbury Limited" official website] | CANDIDATES: [] | SELECTED: "" | CONFIDENCE: FAILED | TIME: 0ms | REASON: Resolved via readymade-fallback
[2026-08-10T14:22:28.504Z] COMPANY: "Western Carriers (India) Limited" | QUERIES: ["Western Carriers (India) Limited" official website] | CANDIDATES: [] | SELECTED: "" | CONFIDENCE: FAILED | TIME: 0ms | REASON: Resolved via readymade-fallback
[2026-08-10T14:22:28.505Z] COMPANY: "Wealth First Portfolio Managers Limited" | QUERIES: ["Wealth First Portfolio Managers Limited" official website] | CANDIDATES: [] | SELECTED: "" | CONFIDENCE: FAILED | TIME: 0ms | REASON: Resolved via readymade-fallback
[2026-08-10T14:22:28.506Z] COMPANY: "Websol Energy System Limited" | QUERIES: ["Websol Energy System Limited" official website] | CANDIDATES: [] | SELECTED: "" | CONFIDENCE: FAILED | TIME: 1ms | REASON: Resolved via readymade-fallback
[2026-08-10T14:22:28.516Z] COMPANY: "Weizmann Limited" | QUERIES: ["Weizmann Limited" official website] | CANDIDATES: [] | SELECTED: "" | CONFIDENCE: FAILED | TIME: 1ms | REASON: Resolved via readymade-fallback
[2026-08-10T14:22:28.522Z] COMPANY: "Wonder Electricals Limited" | QUERIES: ["Wonder Electricals Limited" official website] | CANDIDATES: [] | SELECTED: "" | CONFIDENCE: FAILED | TIME: 0ms | REASON: Resolved via readymade-fallback
[2026-08-10T14:22:28.542Z] COMPANY: "Welspun Corp Limited" | QUERIES: ["Welspun Corp Limited" official website] | CANDIDATES: [] | SELECTED: "" | CONFIDENCE: FAILED | TIME: 0ms | REASON: Resolved via readymade-fallback
[2026-08-10T14:22:28.543Z] COMPANY: "Welspun Enterprises Limited" | QUERIES: ["Welspun Enterprises Limited" official website] | CANDIDATES: [] | SELECTED: "" | CONFIDENCE: FAILED | TIME: 0ms | REASON: Resolved via readymade-fallback
[2026-08-10T14:22:28.570Z] COMPANY: "Welspun Investments and Commercials Limited" | QUERIES: ["Welspun Investments and Commercials Limited" official website] | CANDIDATES: [] | SELECTED: "" | CONFIDENCE: FAILED | TIME: 0ms | REASON: Resolved via readymade-fallback
[2026-08-10T14:22:28.584Z] COMPANY: "Welspun Specialty Solutions Limited" | QUERIES: ["Welspun Specialty Solutions Limited" official website] | CANDIDATES: [] | SELECTED: "" | CONFIDENCE: FAILED | TIME: 0ms | REASON: Resolved via readymade-fallback
[2026-08-10T14:22:28.585Z] COMPANY: "Welspun Living Limited" | QUERIES: ["Welspun Living Limited" official website] | CANDIDATES: [] | SELECTED: "" | CONFIDENCE: FAILED | TIME: 0ms | REASON: Resolved via readymade-fallback
[2026-08-10T14:22:28.610Z] COMPANY: "Wendt (India) Limited" | QUERIES: ["Wendt (India) Limited" official website] | CANDIDATES: [] | SELECTED: "" | CONFIDENCE: FAILED | TIME: 0ms | REASON: Resolved via readymade-fallback
[2026-08-10T14:22:28.611Z] COMPANY: "WESTLIFE FOODWORLD LIMITED" | QUERIES: ["WESTLIFE FOODWORLD LIMITED" official website] | CANDIDATES: [] | SELECTED: "" | CONFIDENCE: FAILED | TIME: 0ms | REASON: Resolved via readymade-fallback
[2026-08-10T14:22:28.611Z] COMPANY: "WE WIN LIMITED" | QUERIES: ["WE WIN LIMITED" official website] | CANDIDATES: [] | SELECTED: "" | CONFIDENCE: FAILED | TIME: 0ms | REASON: Resolved via readymade-fallback
[2026-08-10T14:22:28.612Z] COMPANY: "WeWork India Management Limited" | QUERIES: ["WeWork India Management Limited" official website] | CANDIDATES: [] | SELECTED: "" | CONFIDENCE: FAILED | TIME: 0ms | REASON: Resolved via readymade-fallback
[2026-08-10T14:22:28.620Z] COMPANY: "Wheels India Limited" | QUERIES: ["Wheels India Limited" official website] | CANDIDATES: [] | SELECTED: "" | CONFIDENCE: FAILED | TIME: 0ms | REASON: Resolved via readymade-fallback
[2026-08-10T14:22:28.621Z] COMPANY: "Whirlpool of India Limited" | QUERIES: ["Whirlpool of India Limited" official website] | CANDIDATES: [] | SELECTED: "" | CONFIDENCE: FAILED | TIME: 0ms | REASON: Resolved via readymade-fallback
[2026-08-10T14:22:28.627Z] COMPANY: "Williamson Magor & Company Limited" | QUERIES: ["Williamson Magor & Company Limited" official website] | CANDIDATES: [] | SELECTED: "" | CONFIDENCE: FAILED | TIME: 0ms | REASON: Resolved via readymade-fallback
[2026-08-10T14:22:28.642Z] COMPANY: "Windlas Biotech Limited" | QUERIES: ["Windlas Biotech Limited" official website] | CANDIDATES: [] | SELECTED: "" | CONFIDENCE: FAILED | TIME: 0ms | REASON: Resolved via readymade-fallback
[2026-08-10T14:22:28.643Z] COMPANY: "Windsor Machines Limited" | QUERIES: ["Windsor Machines Limited" official website] | CANDIDATES: [] | SELECTED: "" | CONFIDENCE: FAILED | TIME: 0ms | REASON: Resolved via readymade-fallback
[2026-08-10T14:22:28.645Z] COMPANY: "The Western India Plywoods Limited" | QUERIES: ["The Western India Plywoods Limited" official website] | CANDIDATES: [] | SELECTED: "" | CONFIDENCE: FAILED | TIME: 0ms | REASON: Resolved via readymade-fallback
[2026-08-10T14:22:28.656Z] COMPANY: "Wipro Limited" | QUERIES: ["Wipro Limited" official website] | CANDIDATES: [] | SELECTED: "" | CONFIDENCE: FAILED | TIME: 0ms | REASON: Resolved via readymade-fallback
[2026-08-10T14:22:28.657Z] COMPANY: "Wockhardt Limited" | QUERIES: ["Wockhardt Limited" official website] | CANDIDATES: [] | SELECTED: "" | CONFIDENCE: FAILED | TIME: 0ms | REASON: Resolved via readymade-fallback
[2026-08-10T14:22:28.657Z] COMPANY: "Wonderla Holidays Limited" | QUERIES: ["Wonderla Holidays Limited" official website] | CANDIDATES: [] | SELECTED: "" | CONFIDENCE: FAILED | TIME: 0ms | REASON: Resolved via readymade-fallback
[2026-08-10T14:22:28.658Z] COMPANY: "Worth Peripherals Limited" | QUERIES: ["Worth Peripherals Limited" official website] | CANDIDATES: [] | SELECTED: "" | CONFIDENCE: FAILED | TIME: 0ms | REASON: Resolved via readymade-fallback
[2026-08-10T14:22:28.674Z] COMPANY: "WPIL Limited" | QUERIES: ["WPIL Limited" official website] | CANDIDATES: [] | SELECTED: "" | CONFIDENCE: FAILED | TIME: 0ms | REASON: Resolved via readymade-fallback
[2026-08-10T14:22:28.676Z] COMPANY: "W S Industries (I) Limited" | QUERIES: ["W S Industries (I) Limited" official website] | CANDIDATES: [] | SELECTED: "" | CONFIDENCE: FAILED | TIME: 0ms | REASON: Resolved via readymade-fallback
[2026-08-10T14:22:28.676Z] COMPANY: "West Coast Paper Mills Limited" | QUERIES: ["West Coast Paper Mills Limited" official website] | CANDIDATES: [] | SELECTED: "" | CONFIDENCE: FAILED | TIME: 0ms | REASON: Resolved via readymade-fallback
[2026-08-10T14:22:28.677Z] COMPANY: "Xchanging Solutions Limited" | QUERIES: ["Xchanging Solutions Limited" official website] | CANDIDATES: [] | SELECTED: "" | CONFIDENCE: FAILED | TIME: 0ms | REASON: Resolved via readymade-fallback
[2026-08-10T14:22:28.703Z] COMPANY: "Xelpmoc Design And Tech Limited" | QUERIES: ["Xelpmoc Design And Tech Limited" official website] | CANDIDATES: [] | SELECTED: "" | CONFIDENCE: FAILED | TIME: 0ms | REASON: Resolved via readymade-fallback
[2026-08-10T14:22:28.704Z] COMPANY: "Xpro India Limited" | QUERIES: ["Xpro India Limited" official website] | CANDIDATES: [] | SELECTED: "" | CONFIDENCE: FAILED | TIME: 0ms | REASON: Resolved via readymade-fallback
[2026-08-10T14:22:28.725Z] COMPANY: "Xtglobal Infotech Limited" | QUERIES: ["Xtglobal Infotech Limited" official website] | CANDIDATES: [] | SELECTED: "" | CONFIDENCE: FAILED | TIME: 0ms | REASON: Resolved via readymade-fallback
[2026-08-10T14:22:28.726Z] COMPANY: "Xtranet Technologies Limited" | QUERIES: ["Xtranet Technologies Limited" official website] | CANDIDATES: [] | SELECTED: "" | CONFIDENCE: FAILED | TIME: 0ms | REASON: Resolved via readymade-fallback
[2026-08-10T14:22:28.726Z] COMPANY: "Yasho Industries Limited" | QUERIES: ["Yasho Industries Limited" official website] | CANDIDATES: [] | SELECTED: "" | CONFIDENCE: FAILED | TIME: 0ms | REASON: Resolved via readymade-fallback
[2026-08-10T14:22:28.727Z] COMPANY: "Yatharth Hospital & Trauma Care Services Limited" | QUERIES: ["Yatharth Hospital & Trauma Care Services Limited" official website] | CANDIDATES: [] | SELECTED: "" | CONFIDENCE: FAILED | TIME: 0ms | REASON: Resolved via readymade-fallback
[2026-08-10T14:22:28.735Z] COMPANY: "Yatra Online Limited" | QUERIES: ["Yatra Online Limited" official website] | CANDIDATES: [] | SELECTED: "" | CONFIDENCE: FAILED | TIME: 0ms | REASON: Resolved via readymade-fallback
[2026-08-10T14:22:28.736Z] COMPANY: "Yes Bank Limited" | QUERIES: ["Yes Bank Limited" official website] | CANDIDATES: [] | SELECTED: "" | CONFIDENCE: FAILED | TIME: 0ms | REASON: Resolved via readymade-fallback
[2026-08-10T14:22:28.744Z] COMPANY: "Yuken India Limited" | QUERIES: ["Yuken India Limited" official website] | CANDIDATES: [] | SELECTED: "" | CONFIDENCE: FAILED | TIME: 0ms | REASON: Resolved via readymade-fallback
[2026-08-10T14:22:28.752Z] COMPANY: "Zaggle Prepaid Ocean Services Limited" | QUERIES: ["Zaggle Prepaid Ocean Services Limited" official website] | CANDIDATES: [] | SELECTED: "" | CONFIDENCE: FAILED | TIME: 0ms | REASON: Resolved via readymade-fallback
[2026-08-10T14:22:28.753Z] COMPANY: "Zee Entertainment Enterprises Limited" | QUERIES: ["Zee Entertainment Enterprises Limited" official website] | CANDIDATES: [] | SELECTED: "" | CONFIDENCE: FAILED | TIME: 0ms | REASON: Resolved via readymade-fallback
[2026-08-10T14:22:28.754Z] COMPANY: "Zee Learn Limited" | QUERIES: ["Zee Learn Limited" official website] | CANDIDATES: [] | SELECTED: "" | CONFIDENCE: FAILED | TIME: 0ms | REASON: Resolved via readymade-fallback
[2026-08-10T14:22:28.768Z] COMPANY: "Zee Media Corporation Limited" | QUERIES: ["Zee Media Corporation Limited" official website] | CANDIDATES: [] | SELECTED: "" | CONFIDENCE: FAILED | TIME: 0ms | REASON: Resolved via readymade-fallback
[2026-08-10T14:22:28.769Z] COMPANY: "Zenith Exports Limited" | QUERIES: ["Zenith Exports Limited" official website] | CANDIDATES: [] | SELECTED: "" | CONFIDENCE: FAILED | TIME: 0ms | REASON: Resolved via readymade-fallback
[2026-08-10T14:22:28.774Z] COMPANY: "Zenith Steel Pipes & Industries Limited" | QUERIES: ["Zenith Steel Pipes & Industries Limited" official website] | CANDIDATES: [] | SELECTED: "" | CONFIDENCE: FAILED | TIME: 0ms | REASON: Resolved via readymade-fallback
[2026-08-10T14:22:28.775Z] COMPANY: "Zensar Technologies Limited" | QUERIES: ["Zensar Technologies Limited" official website] | CANDIDATES: [] | SELECTED: "" | CONFIDENCE: FAILED | TIME: 0ms | REASON: Resolved via readymade-fallback
[2026-08-10T14:22:28.779Z] COMPANY: "Zen Technologies Limited" | QUERIES: ["Zen Technologies Limited" official website] | CANDIDATES: [] | SELECTED: "" | CONFIDENCE: FAILED | TIME: 0ms | REASON: Resolved via readymade-fallback
[2026-08-10T14:22:28.780Z] COMPANY: "ZF Commercial Vehicle Control Systems India Limited" | QUERIES: ["ZF Commercial Vehicle Control Systems India Limited" official website] | CANDIDATES: [] | SELECTED: "" | CONFIDENCE: FAILED | TIME: 0ms | REASON: Resolved via readymade-fallback
[2026-08-10T14:22:28.789Z] COMPANY: "ZF Steering Gear (India) Limited" | QUERIES: ["ZF Steering Gear (India) Limited" official website] | CANDIDATES: [] | SELECTED: "" | CONFIDENCE: FAILED | TIME: 0ms | REASON: Resolved via readymade-fallback
[2026-08-10T14:22:28.790Z] COMPANY: "Zim Laboratories Limited" | QUERIES: ["Zim Laboratories Limited" official website] | CANDIDATES: [] | SELECTED: "" | CONFIDENCE: FAILED | TIME: 0ms | REASON: Resolved via readymade-fallback
[2026-08-10T14:22:28.798Z] COMPANY: "Zodiac Energy Limited" | QUERIES: ["Zodiac Energy Limited" official website] | CANDIDATES: [] | SELECTED: "" | CONFIDENCE: FAILED | TIME: 0ms | REASON: Resolved via readymade-fallback
[2026-08-10T14:22:28.812Z] COMPANY: "Zodiac Clothing Company Limited" | QUERIES: ["Zodiac Clothing Company Limited" official website] | CANDIDATES: [] | SELECTED: "" | CONFIDENCE: FAILED | TIME: 0ms | REASON: Resolved via readymade-fallback
[2026-08-10T14:22:28.813Z] COMPANY: "Zota Health Care LImited" | QUERIES: ["Zota Health Care LImited" official website] | CANDIDATES: [] | SELECTED: "" | CONFIDENCE: FAILED | TIME: 0ms | REASON: Resolved via readymade-fallback
[2026-08-10T14:22:28.817Z] COMPANY: "Saraswati Commercial India Limited" | QUERIES: ["Saraswati Commercial India Limited" official website] | CANDIDATES: [] | SELECTED: "" | CONFIDENCE: FAILED | TIME: 0ms | REASON: Resolved via readymade-fallback
[2026-08-10T14:22:28.823Z] COMPANY: "Zuari Agro Chemicals Limited" | QUERIES: ["Zuari Agro Chemicals Limited" official website] | CANDIDATES: [] | SELECTED: "" | CONFIDENCE: FAILED | TIME: 0ms | REASON: Resolved via readymade-fallback
[2026-08-10T14:22:28.831Z] COMPANY: "ZUARI INDUSTRIES LIMITED" | QUERIES: ["ZUARI INDUSTRIES LIMITED" official website] | CANDIDATES: [] | SELECTED: "" | CONFIDENCE: FAILED | TIME: 0ms | REASON: Resolved via readymade-fallback
[2026-08-10T14:22:28.832Z] COMPANY: "Zydus Lifesciences Limited" | QUERIES: ["Zydus Lifesciences Limited" official website] | CANDIDATES: [] | SELECTED: "" | CONFIDENCE: FAILED | TIME: 0ms | REASON: Resolved via readymade-fallback
[2026-08-10T14:22:28.840Z] COMPANY: "Zydus Wellness Limited" | QUERIES: ["Zydus Wellness Limited" official website] | CANDIDATES: [] | SELECTED: "" | CONFIDENCE: FAILED | TIME: 0ms | REASON: Resolved via readymade-fallback
